295,2188
610,4575
314,2444
320,2368
295,2175
272,2062
303,2183
278,2014
328,2380
319,2277
295,2127
292,2075
284,2114
289,2133
356,2609
336,2458
397,3003
280,2124
325,2377
289,2093
290,2178
277,2069
289,2144
286,2094
286,2094
374,2725
373,2724
516,3840
331,2358
286,2179
297,2116
284,2089
284,2064
375,2771
306,2216
291,2056
373,2724
290,2115
315,2342
369,2654
281,2058
308,2188
287,2144
297,2121
615,4614
338,2441
301,2181
283,2074
393,2887
311,2191
291,2176
300,2146
349,2458
307,2200
323,2365
290,2109
284,2090
300,2069
291,2184
287,2078
282,2083
287,2106
391,2885
303,2182
281,2081
321,2343
291,2171
292,2082
293,2186
316,2327
355,2672
307,2166
380,2776
290,2106
286,2019
281,2075
296,2248
287,2068
299,2201
284,2074
293,2138
290,2107
285,2053
316,2331
300,2113
319,2383
400,3006
298,2088
304,2214
278,2068
308,2228
314,2257
283,2134
334,2365
287,2028
332,2437
313,2305
291,2181
281,2074
367,2718
297,2110
302,2151
346,2469
303,2216
302,2211
280,2091
302,2218
360,2711
284,2112
300,2143
293,2173
295,2154
296,2124
609,4574
303,2213
336,2416
319,2313
290,2113
300,2133
273,2071
294,2048
334,2375
615,4580
362,2568
281,1996
283,1968
388,2784
297,2187
288,2080
308,2114
282,2030
274,1993
291,2091
271,1919
298,2155
299,2148
299,2212
312,2192
440,3251
312,2312
280,2085
407,3013
288,2103
299,2189
354,2705
295,2175
294,2131
275,2070
293,2145
327,2446
287,2116
283,2091
296,2109
287,2047
322,2353
296,2113
292,2127
290,2047
294,2086
313,2279
301,2166
333,2456
327,2391
314,2220
289,2054
383,2779
316,2341
292,2082
302,2153
283,2089
301,2217
311,2254
284,2059
292,2182
300,2108
291,2083
297,2124
314,2193
304,2329
301,2210
277,2067
385,2781
284,2017
297,2275
438,3249
299,2208
314,2417
285,2066
301,2092
312,2342
310,2170
286,2076
298,2106
292,2092
293,2164
283,1956
383,2779
357,2647
287,2077
285,2075
278,2068
297,2141
300,2286
325,2352
289,2033
339,2492
403,2897
293,2194
318,2332
301,2202
290,2082
322,2323
302,2117
313,2223
374,2770
310,2253
317,2281
237,1683
309,2189
286,2074
361,2712
291,2133
287,2167
331,2301
292,2082
291,2156
297,2192
296,2102
294,2059
620,4585
299,2179
301,2166
291,2060
290,2022
293,2144
388,2784
282,2109
366,2572
288,2088
283,2073
276,2088
325,2373
308,2277
283,2002
292,2082
284,2074
403,3009
330,2376
378,2774
316,2256
316,2364
296,2106
300,2091
359,2649
305,2185
316,2356
282,2036
342,2655
306,2279
361,2712
304,2290
315,2382
313,2302
278,2123
306,2317
292,2098
293,2112
293,2173
249,1695
329,2406
294,2078
316,2272
292,2106
287,2056
294,2070
315,2322
300,2093
294,2087
290,2083
304,2112
322,2278
282,2062
374,2725
307,2207
286,2096
288,2096
290,2114
294,2194
305,2200
307,2181
302,2111
351,2503
325,2281
299,2076
350,2663
282,2072
294,2117
350,2619
321,2443
293,2183
317,2368
290,2109
340,2421
297,2145
296,2176
310,2230
314,2366
288,2078
291,2082
303,2177
290,2082
325,2295
287,2019
301,2191
294,2150
291,2159
368,2701
343,2495
305,2201
287,2098
293,2181
282,2072
305,2217
304,2184
389,2883
282,2068
302,2135
288,2105
291,2138
298,2214
413,3019
323,2400
288,2053
392,2886
302,2182
286,2039
314,2420
301,2096
279,2130
293,2079
308,2251
279,2149
301,2089
271,1941
356,2562
303,2042
380,2731
311,2224
281,2079
291,2059
369,2720
307,2147
352,2627
304,2199
326,2315
296,2100
300,2268
295,2175
272,2065
322,2431
286,2070
290,2147
357,2578
308,2228
298,2241
308,2299
277,2067
293,2121
282,2087
281,2066
376,2772
307,2262
328,2395
327,2391
279,2069
330,2452
297,2083
295,2175
337,2388
304,2279
298,2067
289,2148
279,2069
338,2499
293,2047
309,2373
361,2669
293,2142
293,2081
280,2053
294,2195
366,2641
289,2120
298,2178
294,2174
287,2068
282,2047
322,2354
300,2100
284,2124
296,2104
304,2204
349,2624
356,2680
297,2165
327,2367
286,2085
287,2063
288,2044
292,2193
321,2276
296,2145
300,2044
303,2159
309,2189
302,2218
323,2338
307,2132
304,2205
302,2154
290,2132
297,2131
324,2388
294,2125
306,2263
321,2329
291,2081
281,2100
372,2723
293,2148
277,2033
290,2081
294,2084
294,2137
288,2139
293,2098
278,2072
336,2384
313,2353
291,2065
297,2190
369,2723
297,2210
388,2784
289,2102
331,2379
304,2110
281,2050
298,2135
285,2107
297,2172
281,2041
286,2096
292,2088
279,2050
296,2206
380,2776
286,2135
285,2116
311,2184
331,2379
279,2089
306,2066
291,2144
288,2096
313,2233
298,2088
313,2186
292,2129
282,2078
344,2565
276,2041
379,2775
369,2765
294,2174
279,2069
350,2671
259,1857
296,2158
321,2231
320,2311
343,2660
296,2153
325,2437
291,2171
316,2335
296,2121
286,2139
324,2364
283,2069
304,2206
295,2128
295,2191
306,2112
282,2114
308,2251
306,2186
372,2657
300,2156
302,2128
309,2315
283,2057
288,2107
296,2155
295,2205
335,2460
329,2432
340,2609
375,2771
292,2104
281,2035
285,2050
288,2092
298,2090
305,2073
282,2083
367,2783
295,2193
287,2072
297,2210
290,2068
276,1995
287,2077
368,2764
376,2772
295,2048
318,2332
337,2383
284,2130
279,2048
310,2300
296,2079
352,2639
363,2714
293,2194
282,2065
295,2175
300,2188
295,2190
300,2155
319,2322
295,2137
386,2782
324,2372
302,2157
308,2316
288,2144
312,2339
294,2107
287,2106
329,2482
320,2347
282,2058
359,2710
304,2204
301,2126
333,2311
366,2717
367,2718
289,2120
312,2304
310,2320
320,2305
368,2621
305,2102
356,2669
376,2772
334,2402
276,2080
298,2142
295,2085
284,2103
278,2052
306,2206
305,2248
277,2064
381,2777
287,2077
277,2021
282,2072
298,2226
322,2444
306,2258
314,2292
302,2257
323,2338
301,2162
303,2154
322,2373
302,2139
381,2777
337,2443
307,2150
287,1960
362,2778
307,2219
381,2777
284,2058
294,2168
307,2318
298,2081
289,2058
287,2117
316,2232
288,2096
291,2091
339,2491
290,2113
357,2585
274,2097
325,2377
288,2040
290,1963
314,2194
284,2135
278,2083
294,2077
406,3053
402,2993
290,2029
284,2135
283,2052
311,2265
270,1955
286,2087
367,2718
357,2665
377,2728
301,2132
295,2085
203,1482
326,2317
304,2205
297,2207
331,2437
284,2098
305,2185
294,2046
282,2105
289,2157
315,2293
295,2085
307,2250
297,2240
294,2151
313,2226
288,2135
293,2053
284,2075
271,2012
295,2137
290,2147
285,2082
619,4584
292,2160
302,2116
286,2080
317,2358
296,2250
280,2045
322,2322
283,2073
293,2173
291,2079
322,2332
275,2065
344,2449
283,2080
296,2176
285,2134
287,2095
287,2136
294,2088
314,2198
286,2054
286,2060
321,2362
609,4574
311,2300
298,2123
292,2157
309,2218
290,2099
326,2341
286,2064
287,2096
292,2157
332,2380
342,2663
295,2238
293,2124
275,1960
284,2052
455,3266
317,2318
306,2158
303,2198
317,2339
389,2785
285,2090
283,2074
311,2185
283,2127
284,2090
311,2303
293,2205
317,2323
397,3003
294,2174
319,2343
296,2140
290,2114
330,2378
300,2213
290,2147
277,2025
301,2084
323,2233
254,1801
283,2084
304,2184
609,4574
278,2068
287,2058
449,3260
291,2097
328,2392
294,2059
389,2785
279,2055
363,2714
281,2077
412,3018
287,2077
320,2288
605,4604
318,2360
290,2120
284,2003
289,2077
364,2649
289,2046
281,2050
308,2114
306,2330
365,2716
312,2351
302,2245
297,2163
292,2076
287,2136
297,2253
299,2179
292,2187
326,2353
319,2350
310,2226
284,2139
283,2084
297,2123
311,2303
286,2102
291,2082
284,2074
297,2113
298,2094
329,2344
293,2099
522,3846
291,2186
340,2609
319,2370
613,4578
310,2220
291,2156
313,2269
314,2344
316,2357
285,2073
293,2173
289,2106
294,2091
301,2276
330,2442
292,2111
283,2080
301,2145
279,1964
282,2082
354,2699
286,2076
298,2178
291,2171
311,2353
294,2207
399,2914
291,2035
297,2225
301,2244
303,2109
283,2074
296,2155
333,2452
296,2194
279,2031
283,2066
369,2702
329,2381
362,2695
292,2082
326,2374
307,2223
307,2187
289,2079
286,2051
303,2140
323,2338
295,2085
275,1945
296,2145
297,2128
293,2099
300,2125
304,2183
406,3053
296,2161
329,2377
280,2124
287,2144
301,2127
297,2240
376,2772
358,2619
368,2719
299,2155
301,2181
357,2632
281,2061
252,1850
310,2116
289,2106
326,2435
292,2089
288,2072
282,2072
269,1943
280,2108
305,2122
400,2915
301,2107
308,2266
294,2083
297,2078
290,2036
332,2351
323,2350
446,3257
285,2078
294,2174
290,2155
313,2190
276,2080
373,2601
284,2058
310,2268
309,2252
286,2076
282,2062
279,2069
280,2068
295,2085
222,1576
330,2286
285,2113
299,2272
237,1683
323,2350
293,2173
298,2241
295,2114
283,2064
371,2722
362,2637
376,2772
287,2077
295,2191
307,2275
277,2075
290,2063
316,2348
325,2316
287,2091
279,2109
307,2236
293,2101
292,2084
280,1953
282,2101
315,2342
290,2158
285,2073
302,2182
285,2096
318,2227
291,2077
301,2181
299,2114
301,2109
293,2093
304,2156
353,2628
286,2117
295,2083
293,2137
442,3354
315,2334
301,2221
297,2091
362,2713
302,2161
283,2071
290,2142
362,2670
291,2135
277,2021
326,2449
324,2429
354,2575
284,2065
307,2205
285,2101
318,2360
288,2093
291,2150
395,2791
607,4572
288,2168
305,2262
319,2367
286,2152
305,2234
285,2065
295,2118
300,2126
284,1979
387,2902
312,2214
318,2318
296,2133
322,2312
307,2187
309,2133
293,2164
286,2064
292,2129
307,2263
334,2487
348,2661
290,2096
295,2207
602,4567
284,2076
280,2108
294,2174
512,3836
619,4584
276,2028
292,2157
313,2352
309,2339
273,1947
284,2097
283,2111
287,2078
287,2084
305,2170
296,2076
228,1582
290,2146
293,2186
305,2185
306,2045
597,4596
295,2052
301,2116
278,2068
317,2344
285,1958
310,2230
302,2214
313,2241
320,2310
290,2132
326,2345
280,2058
296,2076
295,2112
296,2151
311,2284
300,2123
325,2428
325,2310
285,2060
382,2778
296,2145
289,2058
291,2072
304,2247
288,2063
349,2472
295,2089
278,2108
291,2035
295,2086
311,2441
298,2103
294,2179
292,2125
297,2101
315,2342
300,2134
297,2066
296,2271
274,2086
304,2108
295,2104
277,2105
294,2174
306,2196
329,2454
299,2179
283,2016
612,4611
293,2144
303,2215
324,2351
298,2180
320,2306
297,2272
305,2185
339,2464
284,2062
293,2138
279,2094
302,2208
305,2274
306,2089
301,2213
299,2132
278,2046
283,2083
319,2311
298,2143
302,2211
400,2894
421,3085
288,2130
280,2070
303,2177
305,2248
292,2235
292,2024
327,2357
362,2713
320,2366
291,2136
291,2085
441,3252
288,2139
297,2207
333,2381
302,2110
290,2116
297,2240
293,2173
344,2371
322,2321
298,2154
295,2205
290,2078
297,2114
294,2140
297,2177
289,2144
297,2187
289,2033
315,2293
282,2083
290,2090
294,2122
290,2088
312,2354
303,2150
300,2180
285,2112
299,2122
290,2153
318,2364
280,2084
435,3246
381,2777
296,2184
300,2180
291,2032
285,2140
361,2712
301,2118
325,2352
289,2070
290,2135
288,2139
281,2065
273,1995
315,2322
291,2107
279,2077
319,2386
289,2126
283,2082
320,2350
291,2154
322,2370
288,2041
354,2678
286,2109
363,2714
287,1960
302,2215
298,2241
291,2030
312,2218
318,2364
308,2276
301,2138
291,2135
280,2077
296,2206
291,2150
262,1910
292,2100
322,2312
290,2071
323,2313
309,2189
306,2246
308,2188
308,2333
313,2222
288,2097
323,2324
326,2435
294,2102
640,4846
316,2245
314,2360
285,2097
343,2564
285,2075
303,2246
293,2130
314,2257
313,2344
284,2003
285,2075
280,2028
289,2089
290,2098
313,2073
290,2142
294,2195
290,2103
331,2411
298,2150
369,2785
289,2080
371,2599
304,2220
295,2175
372,2647
514,3838
302,2170
370,2721
292,2167
357,2678
296,2176
304,2170
321,2373
286,2076
282,2079
312,2276
328,2453
280,2060
283,2095
288,2144
287,2134
297,2177
338,2441
298,2072
308,2281
391,2906
311,2325
352,2621
226,1580
443,3355
312,2336
340,2408
313,2224
328,2458
304,2307
303,2246
319,2380
287,2144
283,2131
289,2080
312,2205
270,1868
287,2062
331,2379
285,2091
280,2078
283,2096
301,2181
326,2374
308,2214
323,2293
295,2087
302,2126
310,2265
305,2156
295,2126
324,2324
303,2086
328,2286
375,2771
292,2031
265,1913
280,2070
326,2378
265,1913
305,2248
340,2492
277,2045
287,2098
305,2185
286,2076
291,2154
333,2445
318,2274
289,2079
296,2176
284,2052
286,2084
289,2155
335,2438
319,2277
301,2164
295,2014
288,2071
300,2210
297,2207
296,2190
277,2067
360,2673
312,2282
298,2081
333,2438
313,2197
299,2242
310,2190
297,2213
281,2071
319,2330
307,2271
371,2695
277,2009
285,2098
276,1961
287,2047
286,2051
310,2295
282,2130
297,2125
361,2712
318,2364
316,2315
376,2772
231,1677
301,2109
298,2140
358,2666
283,2048
295,2064
294,2030
278,2011
298,2140
295,2073
295,2085
279,2057
302,2096
297,2088
305,2215
279,2107
285,2033
376,2727
285,2075
304,2260
291,2142
231,1677
327,2408
280,2074
382,2778
284,2136
284,2150
283,2075
294,2089
288,2145
302,2121
305,2115
301,2152
331,2418
300,2060
298,2147
300,2210
280,2071
317,2272
307,2172
278,1952
304,2247
305,2269
308,2188
295,2160
281,2049
283,2082
323,2400
305,2218
353,2674
279,2069
299,2154
360,2668
276,2012
318,2345
335,2444
321,2291
304,2113
320,2326
279,2057
294,2174
321,2361
311,2336
284,2140
341,2494
288,2034
282,2075
300,2106
287,2143
277,2075
281,2071
295,2166
293,2130
262,1860
310,2175
380,2776
310,2222
304,2112
308,2125
285,2050
287,2064
293,2122
304,2141
315,2395
297,2210
281,2049
292,2096
280,2090
250,1797
293,2173
304,2188
288,2135
279,2036
362,2716
287,2110
308,2299
311,2296
285,2086
287,2085
288,2076
632,4838
310,2280
359,2565
321,2402
292,2057
298,2271
312,2192
369,2720
288,2132
276,1950
328,2396
282,2092
282,2097
292,2244
301,2279
312,2268
295,2085
327,2395
313,2443
296,2164
312,2221
290,2165
302,2179
300,2159
286,2137
295,2175
301,2157
355,2688
298,2162
375,2708
304,2175
280,2036
286,2141
300,2119
289,2021
291,2182
306,2157
290,2101
292,2156
328,2453
289,2066
287,2117
275,2019
344,2565
312,2337
397,3044
378,2774
630,4836
299,2136
278,2122
294,2127
294,2150
296,2069
297,2162
281,2062
327,2389
291,2117
306,2249
332,2412
315,2300
283,2002
281,2071
322,2278
334,2468
363,2714
307,2276
328,2376
299,2074
406,2997
285,2075
320,2372
227,1581
292,2202
300,2094
289,2179
444,3356
324,2411
328,2355
293,2156
280,1965
295,2132
297,2120
294,2091
301,2221
330,2363
322,2434
298,2264
302,2182
293,2167
285,2150
277,1996
300,2123
290,2146
238,1684
269,1867
322,2307
281,2087
289,2095
321,2363
305,2185
286,2018
317,2227
300,2165
289,2065
607,4572
369,2575
292,2137
312,2189
288,2107
319,2359
290,2050
297,2162
285,2077
298,2178
301,2331
282,1952
311,2301
333,2340
324,2430
286,2092
296,2086
288,2080
286,2091
308,2319
325,2325
372,2768
298,2131
362,2647
339,2461
295,2085
301,2160
322,2278
292,2106
279,2074
300,2137
281,2085
315,2347
324,2404
309,2294
389,2785
340,2449
307,2337
294,2184
293,2083
315,2321
334,2415
309,2316
597,4596
308,2218
292,2182
299,2179
317,2369
285,2021
310,2335
334,2437
301,2126
310,2335
369,2654
291,2104
313,2344
300,2168
367,2718
373,2724
351,2638
299,2298
304,2159
325,2314
296,2153
291,2161
288,2078
290,2146
288,2130
290,2081
402,2993
315,2285
336,2400
300,2144
327,2337
290,2124
296,2196
282,2062
287,2143
290,2146
360,2711
310,2321
613,4578
298,2188
284,2052
306,2196
299,2164
291,2138
203,1482
286,2099
304,2127
290,2078
283,2073
304,2130
279,2011
347,2668
289,2151
313,2286
280,2072
279,2070
301,2196
291,2074
312,2344
293,2158
322,2300
289,2086
330,2392
338,2499
398,2913
281,2071
277,2029
296,2119
334,2459
387,2783
292,2084
311,2277
314,2299
303,2159
351,2672
337,2498
297,2148
283,2074
302,2159
361,2712
289,2086
289,2141
301,2096
310,2309
294,2151
292,2084
280,2070
303,2127
295,2185
293,2083
313,2256
295,2148
293,2070
281,2129
282,2072
321,2351
616,4581
271,2049
292,2060
278,2084
312,2322
282,2067
349,2634
317,2332
361,2712
317,2295
301,2181
303,2183
382,2778
372,2723
293,2123
259,1806
325,2387
279,2065
287,2077
342,2563
288,2122
299,2104
298,2104
315,2445
292,2075
303,2281
314,2317
292,2082
336,2416
321,2383
344,2661
321,2408
330,2345
316,2225
309,2263
321,2451
316,2317
313,2197
359,2634
346,2567
286,2094
312,2282
319,2344
386,2782
289,2075
292,2160
363,2638
309,2193
285,2080
289,2116
301,2210
339,2491
314,2366
281,2104
300,2133
359,2710
316,2284
323,2326
304,2261
291,2083
284,2093
308,2187
300,2142
295,2063
306,2316
282,2138
302,2181
318,2309
327,2375
365,2716
322,2370
294,2174
296,2176
389,2904
307,2187
311,2254
295,2186
297,2210
323,2404
325,2373
303,2198
293,2093
270,2041
340,2492
279,2071
314,2194
299,2200
288,2145
283,2068
289,2022
283,2139
285,2070
282,2135
286,2095
301,2134
291,2159
300,2116
294,2113
280,2070
294,2179
291,2047
313,2269
307,2202
279,2056
280,2070
301,2217
376,2772
288,2121
311,2254
262,1809
301,2160
300,2185
291,2099
279,2071
300,2213
298,2208
307,2271
290,2146
295,2108
327,2461
281,2071
320,2230
342,2422
279,2025
287,2075
301,2132
287,2109
312,2352
284,2166
409,3073
306,2215
308,2224
288,2115
296,2209
305,2185
280,2070
299,2242
296,2147
308,2172
300,2069
357,2644
301,2127
274,1989
310,2265
299,2107
284,2106
319,2274
293,2025
297,2177
317,2381
300,2151
298,2074
288,2053
289,2087
302,2193
281,2074
299,2043
280,2057
300,2151
286,2145
288,2178
415,3062
293,2073
353,2640
353,2622
300,2143
303,2281
348,2635
289,2028
330,2362
611,4576
311,2301
375,2603
319,2383
312,2268
292,2048
283,1998
281,2087
319,2381
317,2358
277,1875
291,2065
301,2120
295,2139
311,2191
363,2638
285,2129
312,2266
306,2208
323,2337
300,2179
320,2366
291,2072
288,2112
290,2116
280,2085
305,2215
317,2295
305,2189
280,2133
298,2073
287,2023
300,2129
321,2310
317,2287
317,2327
289,2093
290,2005
294,2117
295,2270
271,2061
327,2446
297,2177
291,2081
277,2067
348,2638
285,2075
364,2651
611,4576
292,2082
365,2689
368,2692
348,2453
312,2326
309,2439
345,2450
281,2105
298,2241
305,2248
301,2217
299,2242
299,2277
288,2078
319,2326
298,2250
297,2071
277,2013
281,2071
285,2039
292,2125
289,2150
282,2094
313,2361
280,2072
330,2435
312,2267
296,2138
279,2044
301,2077
360,2566
373,2724
299,2112
284,1979
308,2323
301,2181
282,1955
301,2094
307,2167
286,2040
291,2097
293,2144
296,2189
307,2140
288,2098
284,2084
281,2046
350,2473
292,2092
292,2082
306,2186
326,2374
362,2713
305,2283
309,2294
357,2681
287,2095
336,2461
300,2127
319,2360
298,2071
316,2383
296,2079
358,2703
288,2104
345,2650
281,2027
315,2445
311,2195
293,2159
300,2220
299,2169
298,2214
348,2665
291,2084
361,2636
293,2178
294,2174
366,2717
288,2139
370,2715
312,2315
287,2129
326,2374
388,2882
609,4574
297,2177
380,2776
285,2075
296,2209
284,2085
295,2170
295,2175
294,2103
297,2190
305,2122
284,2075
375,2650
319,2297
306,2216
302,2182
311,2351
292,2082
308,2182
296,2093
285,2024
326,2451
317,2365
269,1939
295,2122
345,2470
328,2369
303,2231
310,2320
286,2066
285,2037
309,2267
280,2058
322,2291
293,2107
303,2246
288,2137
311,2204
318,2303
310,2170
308,2198
278,2071
368,2676
321,2310
310,2266
289,2108
278,1997
308,2293
290,2113
292,2190
284,2038
298,2168
283,2079
283,2073
310,2295
218,1572
288,2132
290,2122
293,2173
296,2130
279,2077
286,2083
286,2074
315,2314
303,2158
297,2049
286,2018
283,2102
356,2584
293,2145
301,2157
297,2106
291,2186
298,2210
299,2265
291,2156
311,2289
324,2370
308,2187
327,2305
296,2105
294,2155
320,2276
313,2219
279,2025
282,2070
294,2154
287,2077
295,2101
324,2388
362,2713
316,2286
300,2209
360,2711
291,2171
318,2364
344,2466
320,2382
302,2153
282,2079
315,2267
319,2449
277,2122
313,2173
300,2163
293,2097
358,2633
274,2015
307,2170
297,2153
281,2062
285,2142
352,2558
290,2096
281,2062
283,1998
299,2277
295,2092
311,2351
299,2150
292,2075
301,2221
375,2771
360,2693
318,2340
298,2178
388,2903
356,2772
307,2292
296,2176
274,1922
291,2148
288,2020
300,2213
291,2146
289,2122
294,2082
325,2336
312,2255
294,2110
312,2302
299,2075
286,2132
297,2127
278,2082
283,2066
290,2106
303,2205
295,2249
293,2149
294,2145
290,2090
307,2322
308,2338
315,2255
294,2174
277,2042
284,2067
321,2367
302,2270
293,2092
294,2082
293,2046
287,2138
306,2186
324,2392
288,2144
533,3857
284,2135
301,2241
285,2090
288,2119
304,2194
296,2171
332,2326
287,2023
305,2290
300,2180
288,2110
610,4575
297,2130
286,2145
321,2343
292,2149
299,2179
409,3015
361,2712
301,2107
314,2299
320,2384
287,2143
296,2176
293,2084
348,2457
321,2336
287,2113
305,2168
280,2063
282,2055
285,2109
331,2287
303,2107
293,2085
310,2295
300,2243
298,2095
310,2313
282,2072
202,1481
292,2080
288,2145
291,2074
294,2138
286,2131
311,2240
286,2116
287,2031
296,2186
333,2401
300,2149
293,2061
304,2220
608,4607
283,2027
328,2392
291,2150
330,2436
291,2119
326,2336
364,2570
289,2095
284,2062
334,2415
301,2181
300,2074
281,2093
347,2616
280,2070
323,2330
342,2655
293,2149
289,2065
290,2118
279,2069
278,2052
297,2086
303,2194
298,2142
299,2155
305,2129
298,2088
277,2067
283,2037
318,2288
298,2086
282,2138
303,2163
297,2210
272,2070
302,2196
287,2146
304,2130
297,2128
285,2063
361,2589
279,2027
292,2045
296,2194
313,2324
282,2042
345,2632
293,2087
284,2088
301,2181
280,2110
329,2441
292,2147
286,2117
281,2071
330,2378
292,2082
312,2192
359,2667
296,2176
277,2132
336,2343
279,2069
332,2380
295,2087
326,2345
362,2623
303,2120
343,2504
317,2344
327,2430
288,2034
290,2152
305,2195
314,2220
298,2188
341,2446
301,2120
305,2170
312,2304
326,2333
308,2188
344,2634
361,2646
299,2162
311,2333
398,3045
290,2080
357,2674
301,2244
289,2141
295,2159
285,2104
279,2070
296,2127
288,2079
374,2770
375,2771
232,1586
450,3362
277,2096
271,1986
297,2208
331,2287
283,2048
320,2352
304,2202
306,2284
302,2212
288,2099
319,2304
271,1966
340,2492
295,2055
299,2105
296,2109
328,2462
289,2072
295,2081
291,2090
289,2083
393,2908
256,1904
321,2313
309,2298
285,2114
281,2076
289,2011
290,2080
283,2070
294,2192
287,2139
382,2778
330,2455
294,2121
309,2193
286,2084
295,2238
289,2063
300,2213
322,2441
312,2302
293,2139
286,2176
343,2618
283,2071
290,2139
311,2220
279,2074
291,2079
293,2067
367,2718
352,2669
289,2037
612,4577
307,2308
285,2076
310,2220
359,2628
332,2380
288,2115
281,2111
336,2653
378,2774
352,2513
372,2717
304,2172
295,2096
278,2069
302,2275
302,2270
300,2243
281,2062
303,2097
278,2089
329,2463
289,2072
337,2471
303,2176
320,2342
311,2341
340,2653
271,1919
312,2352
328,2331
297,2105
284,2089
294,2167
293,2173
320,2278
297,2152
307,2187
282,2087
296,2170
300,2147
328,2450
285,2090
288,2080
280,2078
386,2782
291,2104
292,2085
295,2128
296,2196
285,2068
300,2144
303,2162
295,2175
281,2068
295,2104
306,2207
299,2146
325,2376
290,1963
296,2271
294,2080
298,2090
278,2026
316,2364
323,2453
287,2167
296,2070
296,2262
307,2263
280,2026
278,2061
286,2156
318,2332
292,2083
299,2242
287,2115
292,2205
284,2061
354,2659
309,2252
286,2038
286,2186
315,2337
279,2107
294,2102
288,2066
281,2092
287,2132
297,2199
307,2158
285,2086
272,2083
309,2237
319,2287
292,2066
304,2184
328,2369
445,3357
286,2077
283,2037
447,3359
295,2144
294,2125
297,2210
295,2191
297,2162
298,2276
368,2621
293,2061
291,2074
297,2240
291,2027
295,2152
370,2576
303,2260
298,2214
280,2075
286,2064
294,2118
347,2500
301,2092
277,2067
288,2085
374,2770
417,3064
305,2248
289,2079
289,2122
300,2243
297,2137
277,2068
287,2087
261,1808
345,2662
307,2209
325,2315
330,2337
298,2089
317,2281
316,2315
349,2454
293,2158
338,2419
294,2098
300,2220
304,2181
287,2041
360,2635
361,2712
298,2171
283,2005
322,2370
317,2275
306,2249
299,2192
324,2280
288,2123
287,2129
284,2060
289,2084
271,1919
292,2122
293,2084
279,1998
337,2446
298,2086
314,2353
313,2219
295,2100
292,2080
286,2060
306,2196
290,2082
285,2141
301,2070
286,1981
287,2091
630,4836
300,2190
307,2186
298,2173
207,1486
295,2155
327,2316
313,2225
335,2387
276,2128
371,2624
361,2712
294,2077
321,2351
316,2280
282,2112
290,2147
300,2108
294,2086
291,2147
293,2071
351,2612
295,2119
329,2448
367,2573
284,2075
343,2477
273,2047
350,2671
303,2292
305,2196
300,2159
311,2319
319,2370
286,2076
216,1495
285,2071
304,2103
290,2146
302,2270
297,2154
287,2047
293,2168
379,2775
330,2417
281,2089
275,1945
283,2066
291,2159
296,2101
332,2326
309,2336
292,2065
288,2044
304,2144
286,2074
376,2772
325,2295
386,2782
318,2273
291,2154
282,2034
282,2114
293,2106
284,2096
299,2200
268,1938
299,2179
310,2340
369,2765
285,2083
411,3058
405,2996
291,2184
292,2081
287,2167
299,2082
378,2686
275,2073
326,2332
297,2129
292,2136
275,1948
286,2067
302,2270
317,2327
292,2144
333,2394
293,2081
276,1949
325,2331
329,2432
305,2044
302,2193
284,2080
277,2058
310,2279
292,2093
316,2259
326,2407
305,2257
288,2078
330,2394
292,2141
329,2356
277,1992
298,2149
295,2070
342,2563
317,2281
282,1997
283,2115
307,2250
302,2182
287,2073
281,2062
309,2252
294,2038
305,2269
301,2149
279,1998
305,2156
207,1486
303,2152
321,2343
320,2311
290,2066
304,2155
307,2158
303,2111
333,2381
300,2133
294,2122
285,2075
285,2071
260,1908
287,2071
315,2270
277,1996
286,2091
296,2104
318,2366
299,2103
325,2280
301,2098
288,2145
289,2120
327,2375
292,2084
289,2140
288,2149
309,2252
272,2050
286,2187
283,2058
301,2101
304,2139
319,2383
282,2080
318,2382
300,2179
276,2080
315,2225
379,2775
306,2168
437,3349
291,2148
288,2147
293,2163
287,2158
318,2343
276,2088
286,2067
413,3077
318,2224
375,2726
303,2109
285,2021
315,2367
620,4585
326,2432
331,2436
302,2102
300,2315
323,2342
280,2057
280,2036
300,2180
290,2080
321,2328
293,2099
288,2078
288,2119
374,2770
349,2510
290,2082
295,2139
288,2061
279,2080
291,2171
302,2119
290,2081
287,2136
300,2243
301,2061
298,2126
290,2113
342,2563
295,2196
360,2635
301,2244
294,2143
284,1957
299,2099
318,2325
329,2299
278,1963
307,2178
280,2072
301,2214
281,2085
276,2059
318,2340
390,2786
292,2098
279,2069
285,2132
301,2167
319,2367
367,2595
375,2771
325,2332
285,2065
300,2165
322,2370
302,2106
286,2069
286,2078
304,2303
297,2179
295,2211
291,2104
294,2117
280,2070
300,2155
319,2228
312,2334
304,2215
311,2359
316,2228
290,2139
282,2055
292,2080
286,2090
307,2142
319,2371
285,2117
354,2705
294,2204
280,2084
354,2575
318,2369
283,2165
278,2070
290,2114
289,2037
333,2445
299,2215
300,2240
286,2116
301,2181
310,2183
302,2192
285,2141
306,2330
319,2449
325,2344
287,2079
316,2308
378,2774
330,2382
302,2128
285,2078
296,2208
347,2634
307,2187
304,2204
282,2087
288,2122
300,2090
305,2161
299,2242
376,2772
285,2078
303,2183
293,2117
303,2119
285,2037
277,2067
282,2080
287,2047
288,2079
311,2341
317,2365
303,2180
295,2092
304,2129
312,2323
291,2077
296,2176
327,2373
281,2029
377,2773
302,2270
316,2323
286,2078
289,2094
247,1794
282,2135
293,2137
285,2053
280,2033
335,2488
366,2619
287,2077
332,2378
340,2561
276,2012
366,2720
317,2349
310,2238
264,1949
302,2118
306,2186
303,2185
306,2157
300,2157
290,2137
308,2201
297,2197
332,2393
337,2558
288,2168
290,2120
293,2173
346,2607
291,2140
284,2081
281,2034
293,2173
300,2091
405,2920
378,2729
295,2175
295,2112
315,2224
357,2642
328,2350
301,2075
365,2626
360,2647
289,2157
453,3365
365,2710
287,2077
292,2124
328,2392
286,2097
347,2637
279,2069
277,2010
316,2315
290,2009
302,2215
308,2219
340,2452
305,2221
308,2251
394,3000
373,2724
302,2158
293,2173
289,2141
308,2134
335,2469
313,2324
303,2152
290,2105
289,2114
294,2113
295,2175
290,2100
412,3076
306,2199
279,2069
293,2184
349,2570
294,2205
326,2359
307,2262
287,2056
285,2041
303,2164
278,2082
289,2097
316,2343
285,2077
274,2065
278,2088
288,2153
289,2159
288,2134
309,2298
329,2409
282,2112
303,2164
333,2486
317,2295
440,3251
259,1857
279,2057
299,2130
295,2085
324,2293
306,2305
301,2302
348,2661
293,2081
304,2217
369,2720
319,2275
317,2309
272,2082
282,2035
292,2190
302,2195
643,4849
286,2078
295,2175
307,2263
300,2243
295,2175
295,2078
294,2013
287,2114
364,2715
448,3360
295,2238
296,2096
305,2261
297,2122
372,2723
291,2150
333,2355
307,2236
288,2144
288,2053
286,2141
281,2061
280,2040
294,2125
329,2451
309,2252
284,2115
391,2906
384,2780
304,2210
291,2140
292,2115
296,2176
345,2650
306,2132
298,2111
320,2331
290,2081
298,2115
292,2147
310,2198
301,2181
366,2572
287,2039
308,2264
318,2308
286,2092
319,2326
279,2062
291,2081
294,2117
326,2390
298,2095
280,2028
292,2143
302,2168
280,2068
278,2031
292,2040
611,4610
301,2181
288,2116
324,2302
286,2147
320,2305
239,1685
306,2436
280,2034
323,2404
297,2132
327,2349
302,2062
286,2081
287,2169
294,2091
286,2121
302,2182
342,2495
370,2721
290,2141
284,2107
304,2247
304,2175
298,2104
320,2454
294,2081
282,2062
292,2116
290,2058
293,2149
288,2059
293,2086
294,2118
316,2271
294,2108
298,2209
299,2209
377,2773
291,2124
286,2118
275,2071
281,2078
309,2202
293,2163
332,2409
310,2212
357,2618
361,2651
276,2012
293,2082
378,2774
292,2141
318,2307
292,2098
293,2106
303,2255
318,2304
300,2180
277,2069
275,2008
295,2196
292,2235
289,2120
206,1485
404,2995
290,2160
296,2166
288,2078
293,2158
308,2145
354,2659
309,2252
288,2242
315,2345
297,2103
376,2772
281,1976
296,2086
301,2135
294,2051
284,2076
282,2091
382,2778
314,2365
296,2161
296,2152
337,2462
522,3846
297,2193
296,2191
311,2254
299,2122
304,2270
308,2218
290,2141
293,2085
301,2181
284,2093
344,2634
303,2182
260,1908
305,2271
297,2149
301,2120
308,2272
318,2357
273,1921
302,2102
281,2078
304,2210
307,2216
287,2096
373,2724
276,2080
280,2081
316,2323
312,2135
298,2241
289,2079
312,2218
286,2094
280,2080
278,2019
308,2264
455,3367
273,2058
288,2044
281,2000
278,2068
305,2225
307,2235
310,2318
305,2185
312,2302
292,2172
288,2132
308,2185
295,2175
285,2127
359,2672
282,2083
307,2208
284,2076
290,2078
278,2088
285,2083
295,2085
330,2435
311,2325
281,2072
267,1941
308,2188
291,2085
287,2157
520,3844
284,2074
280,2063
292,2235
285,2068
290,2095
274,1989
286,2076
345,2566
297,2146
305,2198
328,2376
337,2446
324,2372
301,2105
325,2326
290,2080
285,2069
281,2071
278,2068
279,2109
266,1864
308,2251
297,2146
284,2097
306,2125
286,2176
306,2292
207,1486
306,2190
303,2093
317,2303
293,2110
282,2026
512,3836
287,2084
290,2078
311,2224
287,2114
278,2126
283,2079
365,2716
286,2138
454,3366
359,2692
297,2095
293,2106
284,2115
299,2134
440,3251
305,2113
246,1793
307,2265
283,2082
290,2116
281,2104
297,2088
285,2098
286,2119
302,2111
330,2363
288,2163
316,2380
216,1570
297,2080
301,2180
316,2343
321,2322
288,2111
307,2273
286,2097
303,2097
334,2495
321,2402
284,2072
393,2789
240,1787
285,2094
279,2012
319,2329
305,2195
309,2317
304,2155
288,2041
318,2359
293,2082
281,2003
289,2102
317,2227
299,2165
277,2067
304,2064
362,2590
295,2060
318,2319
365,2640
292,2007
322,2330
355,2645
295,2165
306,2336
290,2147
288,2084
314,2341
292,2069
284,2074
310,2288
293,2145
285,2138
322,2286
290,2137
294,2143
276,2059
312,2255
303,2281
296,2176
282,2082
288,2078
284,2069
295,2068
289,2111
276,2106
364,2639
291,2176
367,2628
316,2364
289,2079
276,2012
274,2078
320,2320
327,2321
315,2322
303,2174
302,2182
315,2322
272,1987
309,2294
324,2388
317,2323
301,2258
275,2053
327,2297
308,2322
296,2140
377,2773
322,2292
299,2219
295,2092
338,2463
288,2149
289,2083
296,2176
324,2309
299,2242
311,2267
282,2069
278,2102
306,2129
298,2089
293,2062
296,2102
298,2194
294,2190
396,2987
301,2146
283,2106
327,2375
325,2459
301,2270
297,2171
293,2156
313,2375
327,2375
288,2114
300,2113
285,2077
288,2094
278,1997
288,2078
204,1483
279,2052
297,2041
361,2712
344,2619
297,2160
322,2384
279,2035
309,2323
301,2174
288,2096
281,2081
288,2144
293,2106
317,2339
294,2165
351,2641
296,2084
298,2178
319,2313
296,2139
289,2089
286,2143
299,2164
605,4570
622,4587
284,2074
295,2208
302,2215
617,4582
294,2159
306,2186
339,2416
310,2318
294,2084
298,2117
277,2069
297,2054
335,2438
338,2389
310,2265
283,2075
288,2145
289,2120
279,2085
346,2659
286,2074
291,2159
326,2394
619,4584
294,2145
358,2586
276,2106
292,2144
285,2075
282,2080
295,2087
293,2058
296,2176
292,2105
341,2450
296,2206
321,2340
283,2110
299,2162
297,2141
280,2146
278,2068
286,2113
298,2154
288,2088
310,2187
310,2190
304,2160
319,2228
387,2783
311,2186
292,2137
323,2403
321,2369
334,2439
288,2078
311,2338
290,2067
306,2219
274,2015
345,2620
307,2205
321,2348
292,2140
286,2094
286,2090
390,2786
295,2196
295,2103
286,2074
298,2117
375,2720
374,2770
287,2071
318,2287
319,2425
315,2221
302,2137
386,2782
319,2304
308,2203
329,2320
315,2271
334,2386
303,2201
314,2227
293,2156
314,2329
383,2779
283,2057
300,2174
320,2361
358,2648
334,2361
280,2081
358,2682
324,2315
289,2087
298,2076
289,2079
313,2443
217,1571
343,2468
327,2373
300,2243
296,2187
352,2621
286,2076
286,2110
299,2096
295,2154
312,2252
302,2182
287,2152
292,2084
298,2171
360,2645
281,2087
299,2211
288,2103
311,2296
372,2723
312,2287
292,2149
352,2613
297,2091
282,2106
303,2295
286,2137
313,2136
300,2123
298,2052
317,2447
285,2042
312,2228
314,2242
297,2088
295,2072
287,2134
279,2077
284,1969
303,2167
279,2069
289,2140
280,2133
291,2142
303,2122
308,2181
321,2451
443,3254
299,2075
327,2375
284,2099
301,2114
235,1681
288,2123
326,2438
297,2105
323,2369
288,1983
281,2089
305,2168
331,2377
285,2108
299,2122
283,2106
321,2290
301,2181
314,2346
291,2095
309,2249
350,2663
323,2426
266,1864
277,2067
288,2116
309,2193
310,2276
311,2336
298,2088
292,2060
311,2254
295,2114
296,2102
307,2113
307,2347
329,2344
291,2047
296,2093
270,1944
291,2156
278,2068
309,2199
293,2032
286,2176
316,2362
301,2090
297,2240
281,2033
301,2153
322,2292
296,2090
247,1794
286,2084
382,2778
292,2088
276,1971
395,2791
305,2162
289,2075
365,2698
526,3850
331,2418
384,2780
306,2215
299,2179
322,2349
287,2103
323,2403
325,2412
284,2078
319,2381
289,2118
304,2216
283,2083
300,2179
300,2106
309,2295
322,2206
294,2145
380,2776
285,2097
275,2065
297,2140
358,2666
291,2035
364,2780
323,2371
345,2454
292,2092
294,2129
289,2086
289,2138
322,2370
279,2056
290,2059
312,2255
301,2185
298,2196
294,2080
296,2079
317,2285
294,2113
315,2346
295,2247
301,2230
280,2103
296,2093
358,2691
298,2106
376,2684
295,2157
320,2382
276,1971
296,2076
293,2062
286,2117
294,2146
309,2218
321,2335
293,2116
290,2099
282,2082
287,2110
276,2081
299,2125
286,2091
307,2322
290,2042
223,1577
276,1950
296,2262
363,2668
305,2185
285,2054
296,2100
287,2039
291,2152
300,2243
297,2185
307,2195
310,2198
315,2367
353,2574
408,3072
321,2277
306,2149
298,2142
300,2180
285,2104
312,2268
310,2276
328,2361
302,2149
291,2136
305,2179
323,2279
314,2270
369,2723
313,2323
342,2617
284,2117
291,2136
283,2128
609,4608
288,2078
305,2207
290,2121
281,2071
291,2171
277,2067
334,2487
310,2253
297,2275
297,2240
302,2212
302,2176
277,2081
286,2135
359,2667
292,2082
352,2627
291,2121
298,2115
285,2091
295,2175
308,2309
278,2010
328,2317
286,2119
313,2223
284,2049
316,2322
303,2117
280,2072
299,2143
285,2099
325,2389
334,2380
282,2091
289,2086
368,2596
305,2211
290,2074
312,2351
283,2073
290,2082
279,2066
309,2222
297,2177
352,2627
316,2331
295,2108
285,2101
323,2330
276,2076
278,2019
290,2055
294,2174
335,2488
414,3061
360,2581
246,1793
311,2341
247,1693
285,2072
256,1904
288,2007
301,2196
296,2111
321,2278
342,2495
279,2052
312,2342
297,2177
321,2352
288,2096
303,2183
285,2024
398,3004
283,2178
291,2086
356,2680
312,2232
286,2133
355,2663
303,2166
328,2359
288,2078
281,2072
286,2055
293,2135
297,2088
362,2695
320,2314
300,2179
314,2191
303,2182
374,2725
313,2303
352,2665
319,2453
286,2057
299,2136
330,2392
293,2083
273,1968
322,2325
345,2454
290,2076
317,2328
317,2339
279,2069
294,2174
294,2102
288,2073
286,2096
286,2062
294,2153
289,2080
285,2131
343,2496
293,2140
277,2023
248,1795
312,2326
299,2158
287,2129
599,4598
318,2276
307,2247
300,2180
287,2091
292,2100
288,2082
300,2180
290,2142
280,2104
320,2226
295,2101
340,2645
344,2505
316,2284
277,2067
279,2035
299,2179
334,2439
330,2452
323,2350
319,2360
280,2036
322,2386
321,2385
318,2366
295,2140
361,2712
281,2126
315,2367
304,2128
282,2098
292,2096
298,2255
323,2350
287,2067
296,2164
310,2133
318,2345
288,2075
285,2111
304,2303
321,2313
311,2184
282,1955
295,2085
317,2246
365,2781
293,2125
293,2086
299,2122
292,2148
300,2278
302,2147
323,2391
294,2159
309,2219
285,2077
304,2184
342,2663
294,2184
316,2330
314,2254
293,2130
295,2152
329,2285
298,2241
307,2250
281,2126
285,2104
298,2178
292,2038
289,2120
289,2146
284,2065
297,2085
303,2168
284,2093
289,2088
313,2335
292,2182
278,2079
286,2114
320,2347
284,2074
327,2316
288,2118
321,2307
291,2136
334,2440
331,2358
298,2103
281,2140
300,2123
292,2077
288,2083
308,2157
282,2133
342,2617
263,1861
287,2100
287,2084
306,2317
281,2078
294,2125
281,2003
285,2073
277,2070
319,2365
296,2176
303,2093
304,2123
279,2060
282,2068
283,2073
288,2071
295,2169
295,2206
308,2214
287,2063
292,2082
309,2215
291,2159
371,2722
362,2568
294,2151
301,2191
291,2060
299,2142
315,2281
371,2679
294,2151
313,2312
320,2450
300,2065
305,2185
281,2054
325,2358
445,3256
293,2122
324,2356
290,2073
287,2067
296,2209
288,2071
320,2276
298,2264
294,2104
306,2186
331,2309
371,2787
279,2039
294,2143
299,2179
311,2267
320,2368
294,2140
447,3258
614,4579
333,2379
294,2127
284,2077
312,2297
313,2316
291,2184
284,2052
297,2154
294,2084
291,2080
303,2071
307,2313
359,2710
284,2062
288,2145
294,2121
305,2199
284,2072
289,2089
297,2240
322,2370
308,2181
377,2773
297,2110
292,2129
302,2112
292,2084
313,2443
278,2068
329,2438
286,2072
287,2131
278,2090
262,1860
323,2279
295,2175
291,2140
361,2622
299,2179
305,2263
284,2065
284,2003
303,2246
318,2366
389,2785
292,2100
279,2112
329,2451
329,2459
294,2067
291,2234
283,2135
292,2143
283,2096
292,2069
324,2357
285,2050
287,2074
203,1482
329,2343
341,2610
294,2100
293,2061
279,2048
289,2138
307,2265
308,2188
299,2179
279,2069
307,2144
339,2407
285,2026
292,2036
293,2189
308,2237
283,2112
333,2455
330,2382
299,2195
318,2274
286,2066
288,2088
361,2651
376,2772
297,2177
280,2016
367,2718
275,2065
366,2717
299,2184
311,2191
294,2184
292,2103
306,2123
355,2630
313,2222
314,2344
371,2787
435,3246
296,2176
298,2192
376,2772
359,2710
530,3854
291,2173
314,2193
346,2633
279,2072
290,2117
349,2639
319,2320
285,2076
306,2174
294,2063
295,2175
292,2080
302,2192
302,2212
307,2318
322,2402
239,1685
323,2287
318,2220
311,2254
338,2450
282,2060
304,2153
283,2073
353,2476
315,2271
280,2070
290,2152
378,2774
281,2037
296,2208
296,2100
291,2100
310,2325
316,2226
301,2217
295,2294
287,2177
414,3078
290,2083
288,2082
297,2065
300,2193
287,2052
284,2036
299,2154
284,2099
280,2048
284,2112
337,2490
299,2215
297,2085
294,2094
305,2248
295,2103
300,2180
323,2453
293,2053
318,2261
297,2102
309,2275
291,2035
285,2129
286,2022
281,2059
318,2359
367,2595
283,2082
281,2061
297,2080
292,2057
296,2140
292,2057
293,2137
279,2108
278,2010
296,2161
286,2022
306,2183
303,2112
296,2161
281,2072
290,2070
284,2081
299,2123
298,2121
333,2438
290,2080
321,2408
307,2067
324,2280
308,2131
325,2364
303,2276
365,2673
290,2153
314,2444
610,4575
600,4599
309,2300
372,2723
297,2272
296,2176
291,2083
332,2359
298,2180
319,2322
282,2047
300,2140
296,2160
386,2782
302,2203
303,2216
325,2455
607,4572
275,2119
322,2431
292,2143
299,2088
301,2157
322,2434
277,2062
342,2461
338,2418
296,2107
284,2040
306,2305
364,2592
300,2180
304,2110
243,1689
351,2638
309,2225
287,2167
324,2405
296,2157
286,2077
288,2088
297,2140
301,2092
283,2111
396,2911
294,2068
296,2123
295,2156
291,2083
290,2080
281,2108
288,2101
299,2173
284,1999
323,2279
300,2213
291,2097
290,1963
315,2192
276,2080
293,2061
288,2115
341,2562
286,2066
286,2094
291,2095
298,2214
299,2105
308,2350
281,2071
298,2149
307,2216
318,2366
442,3253
322,2278
287,2097
215,1569
282,2072
287,2087
305,2262
383,2779
290,2055
322,2364
386,2782
304,2184
299,2118
277,2067
374,2770
322,2390
336,2439
291,2048
290,2082
304,2198
309,2294
291,2102
312,2191
277,2088
276,1971
291,2146
317,2423
332,2347
298,2208
292,2069
320,2423
268,1963
282,2039
292,2086
289,2097
288,2143
362,2713
345,2450
307,2250
524,3848
390,2786
324,2348
301,2181
308,2218
291,2184
296,2176
303,2171
318,2345
314,2292
279,2025
314,2287
296,2102
277,2067
288,2168
377,2773
306,2174
371,2722
349,2673
354,2671
277,2074
295,2140
293,2116
634,4840
300,2200
301,2221
284,2103
304,2079
289,2126
289,2134
250,1797
280,2075
291,2121
306,2336
310,2220
303,2182
296,2145
306,2194
284,2088
316,2338
293,2173
326,2353
279,2077
296,2262
294,2141
445,3357
296,2084
286,2040
291,2146
361,2712
294,2141
289,2148
287,2067
386,2782
284,2111
392,2788
284,2081
304,2128
297,2263
283,2094
296,2124
290,2084
287,2084
310,2340
310,2301
313,2320
450,3362
277,2076
284,2049
288,2062
376,2772
215,1494
298,2186
308,2217
325,2303
334,2385
273,1943
389,2904
292,2098
287,2144
311,2319
329,2329
273,2060
286,2054
294,2160
319,2399
293,2108
309,2308
292,2182
323,2371
308,2221
376,2772
325,2389
304,2198
296,2040
357,2578
307,2264
271,2061
287,2020
294,2174
313,2352
380,2776
296,2086
331,2362
282,2050
325,2335
288,2086
326,2304
321,2451
394,2985
291,2085
360,2711
306,2139
276,2059
298,2095
299,2099
304,2303
346,2465
289,2113
321,2401
278,2011
299,2112
285,2054
354,2705
297,2143
292,2172
318,2231
392,2998
293,2144
291,2074
327,2354
289,2094
324,2376
290,2094
294,2107
301,2211
296,2109
300,2190
288,2088
287,2142
277,2033
319,2333
309,2339
295,2092
312,2192
280,2085
296,2084
295,2175
300,2220
299,2179
361,2712
288,1962
283,2081
375,2771
317,2342
326,2374
293,2183
298,2090
318,2342
296,2176
300,2159
284,2097
283,2063
281,2029
288,2143
297,2240
298,2089
350,2625
374,2770
316,2285
305,2176
289,2146
288,2081
287,2167
406,3070
297,2103
324,2346
375,2771
312,2268
320,2321
294,2160
293,2124
279,2102
325,2444
377,2773
320,2397
296,2176
295,2063
289,2105
315,2402
283,2078
297,2149
305,2248
279,2069
303,2183
308,2274
291,2074
282,2047
295,2175
290,2080
291,2138
293,2070
299,2179
320,2450
294,2138
407,3054
315,2334
390,2786
307,2205
294,2084
307,2250
324,2363
299,2210
299,2212
305,2261
300,2243
282,2053
283,2079
296,2206
298,2079
290,2076
296,2176
322,2232
287,2092
294,2059
290,2165
327,2369
298,2210
313,2365
296,2087
629,4835
308,2164
292,2078
295,2151
280,2070
303,2092
285,2073
302,2268
335,2496
291,2074
289,2028
313,2313
372,2768
288,2105
298,2142
308,2314
319,2400
286,2152
329,2360
297,2088
300,2168
328,2328
299,2179
293,2082
316,2294
293,2103
282,2082
390,2884
279,2064
307,2250
357,2708
296,2086
301,2181
315,2158
290,2098
355,2645
367,2691
299,2242
319,2334
330,2352
288,2104
327,2375
314,2346
287,2077
287,2104
297,2177
394,2909
284,2079
289,2145
308,2188
286,2069
280,1975
303,2137
371,2656
288,2118
306,2196
357,2642
306,2186
302,2245
287,2095
280,2077
278,2056
330,2442
313,2344
302,2182
298,2178
301,2109
289,2081
281,2076
294,2084
303,2183
301,2146
303,2246
306,2171
286,2119
324,2388
294,2136
281,2056
294,2154
286,2111
356,2677
289,2131
292,2126
291,2125
346,2636
297,2182
289,2106
361,2712
284,2136
286,2101
275,2065
275,2029
290,2065
280,2110
312,2360
297,2090
288,2121
328,2359
326,2304
291,2081
285,2076
305,2119
308,2221
290,2103
343,2448
304,2282
294,2140
327,2414
277,2067
281,2055
314,2193
288,2147
306,2186
309,2282
327,2283
303,2246
280,2064
360,2668
288,2056
296,2072
302,2186
283,2087
323,2350
327,2378
282,2050
360,2711
299,2103
311,2362
304,2169
294,2136
291,2110
291,2097
307,2198
322,2383
319,2320
309,2261
295,2108
277,2013
292,2089
300,2160
305,2185
287,2056
298,2143
372,2768
325,2367
282,2047
295,2205
294,2150
292,2057
310,2320
319,2334
310,2181
288,2123
335,2412
617,4582
304,2247
287,2115
330,2449
296,2088
295,2085
316,2307
308,2286
299,2116
284,2092
308,2218
298,2153
284,2068
290,2116
299,2099
282,2101
287,2098
309,2252
288,2101
292,2115
296,2090
296,2202
298,2241
296,2176
279,2069
394,3000
305,2320
290,2087
333,2442
289,2129
300,2131
353,2505
384,2780
311,2338
309,2222
297,2128
383,2779
309,2376
396,2987
314,2304
323,2400
632,4838
340,2427
298,2084
291,2148
279,2077
294,2174
363,2708
287,2079
299,2160
308,2202
292,2109
284,2053
298,2131
406,2997
453,3365
309,2300
291,2100
333,2352
326,2377
281,1954
283,2048
318,2274
308,2188
289,2133
287,2078
313,2269
324,2331
297,2162
310,2223
321,2369
307,2187
310,2268
295,2196
356,2689
306,2219
274,2057
289,2171
299,2160
230,1584
283,2069
287,2104
306,2212
311,2240
320,2423
285,2108
311,2254
291,2108
367,2642
357,2632
295,2207
295,2175
312,2177
431,3242
288,2040
289,2126
281,2014
326,2388
293,2116
246,1793
360,2677
315,2340
307,2306
294,2205
361,2712
301,2114
306,2095
297,2088
336,2382
284,2141
286,2130
353,2640
298,2109
322,2409
313,2313
287,2078
295,2108
282,2130
287,2092
448,3259
279,2076
311,2281
300,2106
310,2266
337,2462
301,2141
275,2102
306,2249
309,2324
296,2148
309,2188
213,1567
298,2094
294,2160
291,2051
298,2210
324,2372
316,2218
365,2719
299,2141
288,2111
293,2193
374,2770
287,2102
297,2123
286,2118
297,2209
327,2446
331,2436
287,2077
284,2070
301,2194
282,2074
320,2276
293,2085
290,2146
297,2240
292,2082
283,2074
297,2240
299,2093
291,2013
298,2178
304,2087
298,2208
322,2399
277,1950
282,2087
296,2191
301,2109
320,2312
321,2383
306,2274
330,2378
283,2107
334,2411
281,2064
279,2083
300,2254
296,2209
250,1797
323,2363
359,2565
301,2157
294,2091
311,2254
303,2196
292,2140
277,2067
288,2069
303,2119
325,2389
289,2045
310,2274
319,2325
293,2173
288,2048
301,2118
270,1918
327,2334
307,2250
305,2218
284,2041
277,1999
309,2193
281,2094
366,2690
306,2186
416,3063
309,2252
284,2025
281,2114
313,2269
298,2238
625,4590
295,2103
354,2623
293,2076
304,2214
284,2052
313,2338
280,2060
275,2099
612,4611
349,2666
382,2778
298,2186
329,2285
358,2611
297,2121
302,2270
405,3052
319,2311
316,2367
296,2120
635,4841
279,2087
389,2785
332,2455
286,2090
337,2558
297,2210
303,2109
281,2106
307,2159
359,2704
298,2309
306,2157
296,2176
305,2263
281,2094
295,2175
318,2321
286,2076
285,2069
296,2153
293,2101
314,2308
328,2389
290,2098
288,2156
274,2026
336,2404
362,2713
302,2260
312,2282
290,2050
440,3352
301,2107
289,2117
293,2083
302,2158
292,2097
289,2108
278,2058
295,2103
272,2062
300,2243
283,2083
300,2179
609,4574
299,2190
374,2770
296,2080
267,1937
289,2133
298,2097
303,2094
323,2363
287,2117
358,2619
282,2086
279,2071
288,2076
288,2130
320,2368
305,2110
319,2288
314,2193
285,2075
291,2171
298,2211
295,2118
305,2185
318,2382
279,2067
313,2283
320,2350
314,2194
287,2144
314,2317
361,2685
285,2117
302,2303
294,2143
303,2213
298,2154
295,2087
326,2390
308,2203
295,2110
303,2343
358,2633
291,2131
310,2216
307,2261
293,2098
308,2183
295,2078
318,2261
299,2103
291,2091
333,2438
300,2180
304,2210
301,2092
305,2185
294,2110
302,2076
288,2117
340,2449
358,2682
294,2207
279,2102
313,2365
300,2243
328,2374
291,2133
313,2443
302,2230
287,2055
349,2662
277,2048
282,1952
312,2269
316,2307
302,2144
306,2317
514,3838
318,2246
288,2042
300,2229
329,2377
292,2083
284,2067
523,3847
285,2060
282,2135
365,2571
289,2097
303,2198
322,2328
352,2673
614,4579
215,1494
280,2113
281,2091
359,2646
303,2182
286,1959
331,2377
304,2315
360,2705
321,2331
323,2331
298,2163
294,2173
285,2000
286,2156
308,2220
278,2082
306,2172
314,2324
329,2377
316,2380
288,2114
302,2147
277,2067
303,2086
318,2261
304,2137
295,2142
293,2079
334,2395
299,2219
313,2340
290,2137
643,4849
363,2714
298,2241
289,2037
296,2064
327,2283
339,2442
324,2316
299,2090
325,2358
318,2366
297,2091
307,2171
287,2077
303,2113
287,2188
290,2116
320,2368
304,2184
279,2091
310,2301
334,2487
298,2089
289,2155
312,2352
389,2785
395,3001
322,2374
281,2034
299,2136
286,2135
277,2023
356,2625
298,2079
315,2316
288,2056
366,2674
293,2183
281,2071
319,2341
292,2075
314,2292
285,2037
284,2098
284,2128
280,2012
330,2381
313,2299
287,2146
304,2160
275,2019
311,2326
310,2070
321,2279
289,2112
287,2144
286,2109
296,2141
296,2191
306,2272
282,2139
302,2118
283,1953
289,2095
299,2125
328,2322
304,2210
248,1795
309,2189
280,2078
302,2212
308,2251
328,2374
280,2036
294,2174
323,2338
324,2346
282,2055
274,2104
370,2623
352,2627
297,2210
321,2348
295,2185
284,2107
404,3051
295,2108
368,2653
304,2094
282,2082
316,2446
285,1980
292,2140
290,1975
324,2372
285,2031
277,2052
312,2222
336,2369
302,2200
374,2770
284,2075
277,2100
301,2115
302,2146
313,2314
372,2768
308,2237
320,2335
326,2406
364,2715
285,2075
343,2664
296,2129
310,2220
277,2023
296,2109
320,2284
318,2325
391,2885
303,2204
283,2048
301,2127
321,2311
319,2275
359,2710
306,2119
293,2188
321,2367
363,2714
282,2072
313,2365
301,2145
315,2273
281,2071
236,1590
377,2773
290,2070
295,2193
343,2465
295,2073
322,2354
306,2172
330,2376
304,2184
289,2146
347,2664
280,2078
349,2610
318,2261
298,2178
302,2213
313,2229
289,2093
307,2191
327,2373
359,2587
282,2090
303,2317
308,2322
320,2330
301,2150
295,2185
309,2172
300,2243
295,2073
295,2126
292,2040
283,2076
306,2262
297,2108
285,2132
341,2562
290,2022
365,2716
325,2367
298,2099
299,2164
295,2205
299,2174
307,2259
298,2123
295,2169
308,2260
279,2109
280,1965
307,2141
601,4600
296,2176
411,3002
322,2313
292,2103
396,2911
287,2092
301,2166
261,1859
295,2039
315,2272
329,2348
316,2302
353,2704
292,2148
296,2152
289,2083
296,2248
287,2103
285,2073
303,2169
310,2324
303,2178
289,2179
277,2088
301,2127
291,2157
299,2128
321,2427
324,2318
281,2017
309,2237
290,2100
298,2276
316,2326
335,2457
316,2222
287,2115
286,2075
310,2313
297,2167
297,2240
295,2047
368,2713
280,2085
292,2080
289,2075
287,2124
294,2125
300,2142
310,2239
307,2318
277,2010
288,2117
296,2192
281,2065
290,2055
356,2689
286,2060
309,2197
290,2130
281,2035
304,2168
365,2781
286,2077
321,2401
292,2070
292,2082
333,2355
313,2343
300,2228
283,2078
296,2028
279,1949
374,2770
294,2171
312,2223
294,2127
335,2458
289,2079
298,2166
371,2722
308,2188
303,2223
417,3081
288,2053
285,2112
321,2277
267,1915
302,2200
382,2778
288,2083
318,2296
298,2171
325,2355
290,2151
288,2057
291,2124
438,3249
279,2066
269,1867
278,2010
288,2045
298,2132
302,2121
296,2147
291,2059
294,2162
291,2144
286,2069
325,2367
283,2037
287,2039
393,2789
283,2128
320,2361
288,2064
295,2175
307,2187
296,2145
281,2086
292,2147
288,2092
314,2324
317,2273
330,2394
336,2459
279,2090
305,2179
310,2173
298,2106
271,2063
336,2497
321,2398
377,2773
328,2390
316,2326
379,2795
326,2374
288,2078
344,2497
314,2339
209,1488
290,2084
308,2251
362,2649
311,2191
286,2064
290,2098
287,2146
287,2073
329,2438
291,2090
294,2107
295,2127
279,2050
299,2228
389,2785
304,2217
299,2164
312,2228
288,2099
285,2080
309,2287
297,2119
344,2657
382,2778
322,2428
302,2153
341,2444
348,2576
280,2070
285,2029
287,2167
287,2006
286,2076
336,2355
301,2221
317,2349
337,2364
283,2078
332,2383
295,2101
280,2077
310,2222
368,2719
292,2143
310,2219
295,2087
273,1946
279,2031
374,2770
288,2112
285,2066
296,2061
293,2124
309,2310
351,2557
322,2279
277,2067
305,2269
333,2486
290,2146
286,2073
374,2770
361,2715
303,2183
298,2102
285,2089
309,2189
317,2307
298,2122
272,2018
312,2214
295,2084
299,2107
285,2073
297,2207
283,2115
305,2248
317,2233
298,2198
291,2171
303,2203
339,2400
406,3070
371,2722
298,2050
254,1700
334,2555
300,2083
375,2771
300,2090
301,2158
288,2139
330,2378
308,2272
297,2074
299,2242
314,2300
355,2630
303,2163
281,2078
285,2084
322,2452
344,2657
303,2271
313,2340
311,2182
293,2173
306,2281
291,2153
316,2364
297,2177
300,2216
295,2146
302,2175
324,2427
281,2064
299,2179
301,2255
320,2290
357,2708
307,2262
288,2071
277,2082
277,1962
278,2058
302,2041
391,2787
407,2901
306,2202
291,2161
300,2095
315,2271
283,2096
332,2396
287,2143
282,2063
287,2118
300,2157
296,2086
283,2036
295,2151
300,2151
317,2273
294,2165
285,2073
295,2095
288,2122
317,2357
299,2105
367,2718
305,2136
307,2250
293,2213
377,2773
303,2185
287,2075
353,2574
297,2106
321,2276
307,2217
283,1956
298,2191
294,2174
306,2216
286,2046
298,2145
298,2133
632,4838
302,2242
288,2119
320,2432
301,2109
304,2064
369,2622
279,2047
300,2243
306,2149
283,2087
282,2035
277,2067
307,2262
304,2224
301,2181
355,2642
334,2402
304,2117
293,2066
293,2068
293,2173
292,2144
389,2785
347,2608
292,2082
283,2031
289,2129
298,2129
331,2379
377,2773
302,2166
286,2099
278,2068
293,2159
308,2322
290,2180
320,2368
294,2143
303,2183
293,2183
301,2045
292,2141
290,2118
370,2694
287,2072
291,2032
308,2251
328,2376
294,2145
299,2242
306,2249
293,2067
300,2243
340,2465
306,2162
307,2293
360,2711
267,1941
298,2135
309,2229
298,2241
328,2360
284,2052
292,2089
272,1946
323,2312
285,2068
282,2039
320,2362
292,2097
619,4584
368,2596
365,2716
290,2118
325,2431
325,2402
352,2657
324,2372
277,2105
284,2075
298,2153
325,2392
305,2142
292,2036
294,2159
281,2125
284,2053
296,2149
283,2073
289,2077
286,2008
312,2303
290,2055
295,2186
323,2345
300,2109
294,2100
327,2373
299,2104
326,2341
290,2112
319,2367
299,2193
291,2024
281,2109
285,2063
293,2115
285,2059
356,2609
315,2342
346,2659
305,2203
343,2664
380,2776
306,2129
300,2085
318,2349
333,2438
282,2087
297,2089
326,2357
313,2213
281,2085
297,2066
322,2370
277,1947
289,2070
291,2097
290,2105
305,2233
306,2129
284,2082
445,3357
296,2106
344,2469
309,2202
300,2228
644,4850
336,2445
292,2066
302,2167
287,2077
302,2182
309,2182
389,2995
369,2765
291,2146
297,2119
313,2192
290,2101
277,2058
280,2065
299,2107
316,2358
384,2780
291,2118
308,2322
317,2429
303,2111
267,1962
278,2022
294,2141
304,2232
278,2091
298,2226
306,2345
391,2787
295,2090
306,2179
298,2090
298,2154
295,2108
319,2225
354,2607
290,2180
285,2114
287,2070
310,2253
331,2358
283,2040
412,3059
284,2112
301,2217
287,2115
296,2208
287,2129
304,2217
283,2110
293,2158
312,2303
333,2381
300,2193
294,2070
288,2112
293,2119
281,2111
297,2275
298,2218
317,2309
295,2081
295,2238
283,2075
343,2612
305,2248
326,2387
331,2492
296,2142
291,2171
314,2324
318,2385
334,2446
295,2124
378,2729
289,2081
307,2273
613,4578
602,4601
278,2108
293,2117
295,2208
296,2176
307,2169
285,2116
277,2100
318,2369
288,2145
291,2131
293,2144
395,3001
287,2092
297,2113
297,2084
302,2182
293,2074
275,2073
298,2177
287,1982
324,2313
296,2087
283,2016
278,2075
332,2380
306,2216
289,2095
294,2174
292,2052
273,1958
328,2367
278,2078
295,2087
294,2143
411,3075
305,2218
290,2134
302,2167
288,2113
639,4845
278,2034
295,2096
289,2070
302,2182
306,2186
622,4587
277,2067
303,2160
320,2371
298,2140
320,2368
313,2320
286,2040
292,2136
296,2207
289,2008
280,2067
285,2101
289,2200
305,2203
285,2090
308,2188
293,2084
283,2073
288,2029
315,2283
311,2297
295,2175
301,2203
300,2200
291,2081
294,2204
287,2118
300,2156
364,2715
325,2352
324,2280
338,2447
285,2116
325,2281
322,2353
298,2155
322,2370
300,2180
290,2084
287,2098
297,2036
340,2609
306,2263
315,2347
304,2135
315,2318
293,2090
361,2712
301,2181
291,2102
292,2105
280,2060
285,2115
328,2405
292,2116
285,2082
320,2230
361,2567
278,2070
301,2244
329,2370
296,2187
291,2048
319,2365
322,2336
290,2099
318,2328
319,2319
295,2238
277,2067
279,2107
285,2077
305,2180
348,2601
285,2107
285,2042
277,2067
289,2072
327,2375
317,2308
295,2126
388,2784
306,2235
295,2175
324,2411
299,2156
297,2101
322,2390
602,4601
304,2200
280,2048
366,2711
327,2389
279,2091
278,2059
311,2254
305,2206
296,2176
292,2174
311,2338
376,2772
322,2328
303,2150
215,1494
305,2170
290,2117
293,2041
299,2179
303,2183
335,2403
273,1871
352,2642
285,2075
294,2154
292,2097
308,2281
290,2090
289,2054
317,2331
216,1570
290,2009
306,2161
283,2091
298,2157
296,2162
355,2679
338,2460
370,2724
295,2175
299,2242
322,2374
296,2155
313,2312
362,2716
290,2104
288,2121
305,2154
301,2210
311,2321
281,2147
331,2434
330,2452
315,2306
287,2031
439,3250
309,2349
290,2064
368,2692
303,2191
278,2122
291,2114
625,4590
304,2184
317,2324
268,1938
283,2035
311,2302
315,2235
359,2664
277,1925
319,2358
300,2147
310,2165
289,2095
330,2433
310,2311
439,3250
281,2066
293,2137
337,2449
304,2224
320,2384
300,2119
286,2132
357,2665
297,2240
317,2309
285,2091
317,2356
331,2434
308,2294
290,2123
286,2147
308,2179
287,1982
302,2242
280,2034
294,2145
279,2083
290,2116
302,2107
283,2076
298,2163
333,2458
285,2007
316,2347
299,2212
320,2384
294,2189
296,2102
300,2123
299,2107
311,2199
286,2152
283,2057
272,2040
325,2326
283,2075
312,2336
300,2108
304,2110
365,2716
281,2035
291,2060
323,2314
390,2905
337,2471
294,2075
293,2112
319,2283
374,2770
353,2704
297,2195
311,2227
315,2382
312,2191
296,2161
295,2175
437,3248
283,2073
288,2056
293,2083
628,4593
298,2241
294,2145
300,2195
404,3051
334,2341
318,2288
340,2445
288,2121
292,2079
295,2091
296,2129
305,2164
296,2159
305,2124
283,2066
297,2162
292,2111
287,2086
324,2280
305,2320
305,2179
320,2371
292,2151
330,2452
313,2267
278,1997
299,2114
295,2095
295,2119
355,2608
321,2369
317,2227
380,2731
308,2323
339,2560
300,2180
374,2770
331,2382
388,2784
279,2059
334,2380
287,2044
345,2448
305,2185
296,2131
322,2311
326,2456
275,2083
280,2048
320,2327
298,2111
298,2191
282,2083
296,2186
297,2066
324,2351
296,2192
330,2381
291,2085
362,2713
286,2092
282,2001
300,2092
288,2119
310,2299
279,2064
341,2466
290,2103
281,2064
301,2095
292,2076
292,2093
285,2142
315,2221
285,2109
312,2442
375,2729
373,2724
291,2140
293,2142
307,2197
283,2079
282,2088
382,2778
284,2084
281,2013
311,2363
302,2193
291,2066
293,2077
520,3844
288,2137
281,2125
293,2069
326,2390
314,2292
278,2000
295,2095
298,2188
320,2298
312,2225
286,2060
363,2714
306,2281
368,2719
321,2352
317,2368
364,2715
360,2711
282,2112
301,2161
284,2143
287,2138
279,2069
301,2210
291,2107
304,2155
280,2045
284,2060
356,2646
309,2267
308,2187
302,2167
342,2464
296,2102
325,2434
294,2077
277,2067
279,2084
328,2453
313,2443
311,2231
283,2078
356,2631
285,2033
283,2083
290,2086
291,2234
301,2107
279,2106
302,2139
310,2296
375,2771
279,2077
339,2560
313,2313
297,2240
318,2366
281,2094
297,2177
296,2151
291,2069
311,2191
277,2067
297,2207
337,2642
281,2100
280,2036
286,2120
323,2331
283,2127
290,2026
278,2024
301,2181
456,3368
374,2725
286,2078
313,2340
284,2095
295,2086
295,2047
294,2100
271,2072
271,2054
317,2211
283,2066
328,2376
319,2329
286,2081
284,2053
272,2062
295,2147
287,2127
293,2099
388,2784
287,2104
297,2085
359,2710
319,2352
332,2378
223,1577
278,2068
307,2220
283,2131
284,2128
303,2213
286,2110
284,2070
310,2313
359,2644
289,2131
295,2152
380,2776
278,2049
284,2095
281,2111
334,2380
291,2186
289,2033
287,2118
287,2100
285,2129
291,2122
307,2331
280,2045
291,2067
293,2106
304,2214
274,2070
307,2130
336,2459
298,2111
311,2220
281,2055
301,2126
318,2310
283,2136
312,2255
312,2311
311,2319
319,2325
300,2175
325,2350
299,2179
278,2014
276,1874
293,2083
320,2305
391,2885
288,2040
455,3266
287,2113
305,2168
277,2067
406,3070
301,2110
316,2322
281,2049
283,2084
287,2093
331,2383
326,2365
287,2084
295,2118
282,2096
309,2238
308,2171
284,2089
309,2229
329,2371
295,2139
292,2187
286,2069
305,2161
407,3071
312,2297
613,4578
291,2159
305,2114
312,2360
289,2079
319,2275
342,2445
290,2106
326,2345
631,4837
285,2065
292,2057
322,2307
284,2084
310,2161
288,2078
218,1572
321,2351
302,2090
327,2404
343,2477
311,2254
313,2207
298,2092
300,2039
306,2281
287,2079
284,2099
362,2713
305,2205
309,2252
319,2275
282,2068
296,2148
321,2327
302,2182
311,2344
293,2076
331,2377
407,3013
309,2175
306,2212
294,2103
421,3068
310,2321
297,2134
308,2294
297,2240
289,2079
327,2408
295,2109
300,2191
287,2006
319,2367
291,2081
324,2339
279,2074
287,2092
295,2121
286,2062
323,2348
246,1793
303,2318
287,2077
298,2088
286,2067
320,2276
297,2065
283,2087
294,2189
302,2196
293,2191
330,2286
342,2476
290,2086
299,2251
292,2111
286,2152
291,2159
390,2905
315,2345
285,2075
379,2775
292,2072
295,2190
316,2343
297,2177
294,2145
638,4844
280,2133
310,2216
320,2372
285,2080
330,2369
295,2118
333,2394
314,2278
368,2676
306,2330
294,2086
313,2304
299,2163
294,2146
332,2339
299,2064
304,2200
295,2175
308,2208
296,2096
326,2390
284,2074
305,2185
352,2657
294,2083
282,2094
218,1572
296,2147
299,2115
305,2178
300,2165
305,2131
277,2048
280,2133
295,2043
303,2171
307,2203
289,2100
306,2249
307,2168
327,2378
319,2326
282,2109
293,2128
294,2051
288,2101
286,2116
301,2221
294,2062
294,2185
390,2905
294,2102
364,2780
313,2299
279,2072
285,2073
316,2347
403,2994
293,2183
351,2641
312,2186
313,2269
357,2662
355,2630
293,2109
287,2044
293,2124
285,2085
285,2068
294,2080
290,2055
302,2119
317,2384
288,2032
292,2081
300,2044
602,4567
292,2068
327,2354
350,2619
327,2318
332,2380
300,2240
288,2056
368,2719
296,2101
317,2357
317,2332
405,3052
295,2064
288,2168
320,2368
208,1487
280,2070
377,2773
334,2414
309,2189
302,2154
295,2205
325,2373
287,2078
361,2622
377,2728
298,2178
315,2321
458,3269
322,2364
291,2128
284,2020
317,2350
339,2448
295,2174
288,2084
285,2093
289,2131
349,2639
307,2280
331,2379
296,2162
293,2173
307,2187
283,2066
306,2188
289,2079
305,2124
315,2270
286,2090
287,2077
285,2054
286,2090
284,2140
388,2903
304,2094
297,2207
365,2716
318,2369
292,2108
294,2158
413,3077
298,2196
312,2376
292,2205
292,2124
295,2103
298,2122
324,2281
301,2133
332,2409
299,2242
290,2153
281,2067
289,2082
290,2031
286,2117
296,2151
294,2151
362,2590
328,2284
313,2304
367,2691
395,2791
367,2718
304,2159
282,2090
319,2330
386,2782
295,2175
280,2070
277,2067
293,2149
293,2120
313,2298
298,2093
318,2380
318,2366
292,2201
300,2083
345,2666
299,2104
446,3257
302,2218
302,2195
346,2663
346,2607
295,2160
296,2112
296,2081
301,2180
341,2502
280,2051
296,2124
318,2197
292,2036
309,2189
315,2225
302,2144
285,2038
602,4601
283,2073
283,2057
296,2162
297,2190
315,2272
389,2785
291,2081
307,2173
289,2004
293,2205
291,2157
282,2135
317,2274
297,2066
302,2070
298,2104
283,2127
285,2096
295,2169
329,2356
515,3839
369,2720
213,1492
294,2100
383,2779
295,2111
298,2104
283,2064
330,2381
284,2080
374,2770
296,2176
287,2167
340,2501
319,2367
287,2167
294,2174
221,1575
280,2054
310,2340
309,2215
405,3069
375,2726
293,2085
318,2342
302,2149
303,2111
303,2169
277,2069
290,2096
322,2352
289,2057
325,2459
288,2044
303,2109
374,2725
300,2122
292,2082
279,2025
355,2616
323,2404
319,2308
287,2077
291,2089
276,1949
299,2179
291,2082
307,2216
314,2270
360,2665
298,2207
300,2091
274,2045
299,2272
324,2376
300,2195
304,2224
278,2024
297,2139
292,2072
290,2068
301,2211
296,2123
306,2217
302,2313
297,2081
289,2090
291,2139
305,2156
291,2081
293,2074
326,2403
294,2156
302,2182
303,2246
301,2157
283,2073
327,2321
350,2655
292,2082
343,2504
337,2498
343,2648
296,2250
293,2112
304,2213
297,2088
310,2362
300,2091
357,2702
304,2095
381,2777
291,2097
372,2768
292,2106
338,2607
339,2626
292,2096
454,3366
306,2191
367,2718
301,2092
307,2187
329,2393
297,2144
281,2082
291,2081
307,2308
313,2226
320,2372
280,2070
288,2034
358,2663
365,2781
285,2131
297,2016
295,2137
294,2184
299,2179
283,2073
299,2150
275,2053
291,2043
286,2069
302,2125
277,2067
298,2089
317,2285
291,2043
318,2370
283,2074
378,2729
275,2081
306,2219
261,1859
305,2218
273,1968
324,2354
301,2244
304,2277
289,2022
288,2119
315,2258
283,2083
287,2110
282,2072
278,1997
281,2071
296,2142
612,4577
279,2069
297,2107
357,2690
298,2067
311,2171
287,2142
361,2712
313,2298
297,2126
284,2109
286,2090
323,2354
299,2164
290,2132
307,2187
303,2215
304,2194
361,2712
282,2036
287,2115
280,2074
299,2116
296,2064
284,2072
302,2162
299,2174
303,2145
281,2061
330,2452
286,2105
287,2063
297,2177
292,2092
315,2194
289,2079
327,2407
308,2221
316,2380
298,2122
618,4583
312,2268
291,2062
319,2275
294,2084
280,2060
291,2133
249,1796
305,2211
282,2126
282,2060
346,2455
343,2660
507,3831
316,2319
287,2139
321,2276
283,2123
284,2044
300,2110
312,2255
319,2275
293,2130
309,2173
302,2115
289,2054
316,2368
291,2140
347,2637
279,2070
294,2162
295,2099
304,2161
293,2089
387,2902
288,2100
275,2061
308,2251
301,2105
297,2177
385,2781
275,2040
334,2437
294,2104
290,2107
300,2278
301,2136
281,2071
289,2098
404,3010
307,2265
308,2188
330,2376
329,2391
354,2623
303,2231
292,2116
377,2728
279,2044
288,2071
301,2135
294,2190
328,2450
260,1858
312,2192
290,2127
286,2083
291,2081
326,2348
286,2027
281,2104
296,2161
291,2081
296,2187
295,2183
277,2058
328,2380
288,2145
388,2784
293,2064
282,2072
303,2216
308,2188
331,2379
294,2077
305,2185
281,2013
305,2094
295,2143
318,2328
293,2083
279,2102
277,2067
287,2077
324,2324
289,2089
286,2069
291,2096
343,2612
310,2212
292,2078
311,2184
268,1942
302,2102
320,2306
322,2370
294,2048
268,1938
286,2080
297,2154
280,2061
288,2078
280,2053
327,2375
328,2369
290,2046
297,2190
306,2215
325,2349
297,2249
302,2142
529,3853
288,2097
290,2059
289,2126
306,2199
288,2079
223,1577
286,2121
329,2390
364,2697
311,2227
311,2311
364,2649
278,2058
280,2070
359,2667
301,2244
334,2375
307,2271
299,2080
291,2097
297,2170
372,2680
309,2298
305,2278
357,2632
360,2665
325,2393
292,2100
299,2219
282,2110
307,2096
639,4845
323,2387
284,2067
303,2146
279,2069
396,3002
288,2100
304,2188
314,2360
302,2144
317,2318
288,2105
287,2056
297,2075
301,2181
287,2139
279,2091
322,2307
407,2998
300,2209
376,2772
305,2273
314,2271
354,2639
323,2387
319,2360
293,2122
277,2088
313,2335
336,2397
336,2397
321,2427
285,2053
283,2071
314,2322
309,2189
299,2242
278,2052
281,2069
292,2061
330,2411
311,2302
295,2175
289,2150
344,2649
277,2045
289,2104
311,2213
293,2188
301,2097
387,2783
353,2462
280,2075
345,2658
308,2251
305,2170
323,2374
306,2249
279,2069
298,2086
343,2452
299,2088
321,2315
336,2423
287,2114
296,2176
337,2378
297,2148
298,2149
320,2284
298,2054
299,2242
316,2305
285,2130
361,2712
286,2051
294,2194
300,2180
330,2357
332,2365
285,2059
288,2098
375,2771
281,2171
317,2324
272,2062
321,2385
303,2129
314,2366
318,2276
286,2030
302,2215
326,2282
299,2148
300,2243
293,2115
341,2562
286,2151
298,2157
291,2156
297,2101
319,2311
294,2164
285,2080
271,1986
292,2091
296,2161
299,2130
248,1694
283,2110
285,2101
312,2303
279,2069
301,2117
293,2149
294,2124
290,2095
364,2639
299,2167
293,2109
283,2052
289,2133
318,2325
288,2144
312,2225
299,2123
297,2103
297,2057
377,2773
376,2772
298,2133
297,2240
319,2381
332,2412
300,2098
305,2180
209,1488
299,2075
377,2773
279,2062
295,2163
293,2173
303,2126
291,2104
284,2090
302,2254
297,2190
300,2240
299,2127
291,2157
287,2079
374,2725
294,2075
285,2085
326,2390
277,2067
289,2035
298,2132
289,2075
295,2148
294,2204
295,2247
307,2313
283,2113
296,2176
286,2034
362,2713
280,2088
299,2277
293,2087
337,2442
291,2114
298,2097
303,2188
290,2137
242,1688
289,2080
289,2062
310,2189
315,2194
321,2332
381,2735
279,2065
326,2317
322,2373
324,2372
280,2034
318,2326
301,2186
293,2188
302,2164
292,2097
296,2170
341,2450
307,2175
320,2360
282,2059
284,2130
325,2283
306,2129
295,2089
293,2156
324,2372
282,2039
339,2462
363,2687
360,2711
397,2891
303,2311
283,2107
296,2119
296,2145
282,2076
512,3836
270,1943
282,1997
380,2776
311,2204
310,2279
303,2196
297,2110
277,2029
323,2390
291,2076
285,2085
287,2095
319,2289
292,2111
256,1904
301,2178
320,2368
290,2141
315,2323
284,2067
291,2099
319,2361
297,2065
271,1956
293,2099
296,2128
310,2219
318,2360
309,2219
312,2177
300,2144
289,2134
338,2491
341,2502
322,2386
302,2092
313,2321
297,2062
295,2103
293,2125
272,2052
285,2075
292,2160
300,2179
297,2240
282,2126
280,2013
306,2249
282,2065
291,2146
285,2083
382,2778
334,2382
305,2217
291,2173
287,2091
363,2714
285,2131
297,2082
213,1567
312,2269
332,2380
292,2246
292,2154
287,2063
273,1988
295,2139
282,2095
305,2196
316,2307
214,1493
284,2116
314,2366
337,2471
316,2323
310,2054
299,2215
316,2362
291,2100
279,1964
332,2413
290,2139
296,2119
282,2065
292,2151
349,2624
282,2139
301,2153
298,2153
287,2082
319,2360
294,2116
293,2106
312,2205
308,2299
286,2099
280,2070
308,2188
308,2251
332,2455
278,2109
301,2054
297,2152
305,2161
324,2372
293,2081
292,2082
333,2410
323,2342
294,2125
443,3254
285,2117
301,2143
302,2128
286,2085
300,2190
331,2379
213,1492
293,2173
328,2431
376,2772
312,2192
351,2456
296,2092
346,2636
356,2643
346,2651
299,2193
306,2177
294,2174
290,2152
326,2438
294,2185
278,2055
256,1803
322,2386
299,2162
282,2079
275,2088
291,2104
308,2188
289,2079
330,2398
288,2080
385,2781
354,2644
300,2149
286,2078
322,2402
297,2177
295,2060
297,2088
282,2095
344,2661
334,2487
362,2713
303,2114
293,2116
290,2102
295,2108
377,2773
289,2157
305,2316
360,2711
287,1972
296,2159
304,2168
287,2106
295,2160
622,4587
299,2158
323,2374
380,2776
283,2048
321,2385
284,2133
278,1951
299,2115
311,2303
298,2177
275,2069
295,2137
291,2081
292,2144
336,2441
389,2883
271,2063
356,2641
281,2085
294,2059
311,2267
294,2100
321,2261
321,2433
307,2264
314,2378
292,2158
313,2340
286,2078
310,2183
334,2353
287,2134
279,2069
287,2143
289,2117
335,2440
324,2309
308,2248
310,2295
282,2144
310,2318
359,2565
287,2077
282,2051
282,2068
293,2158
303,2246
326,2451
295,2180
285,2068
386,2782
325,2352
307,2152
309,2098
285,2090
286,2132
313,2256
299,2242
317,2332
361,2712
357,2702
278,2031
316,2236
293,2140
345,2467
286,2076
317,2320
310,2316
322,2341
277,2060
360,2711
294,2059
289,2097
324,2356
288,2122
249,1796
273,1988
307,2285
297,2078
288,2118
326,2456
276,2108
349,2624
299,2068
292,2235
286,2145
277,2067
294,2159
304,2247
442,3354
283,2131
290,2098
285,2108
281,2107
342,2494
418,3065
310,2280
292,2107
340,2465
314,2269
288,2111
271,1986
377,2773
294,2248
297,2210
294,2116
285,2104
292,2127
645,4851
275,2065
306,2166
328,2334
337,2446
292,2097
290,2120
366,2717
299,2093
296,2122
285,2085
285,2031
334,2402
290,2135
283,2127
287,2106
300,2243
311,2321
290,2121
388,2784
201,1480
322,2363
297,2177
321,2424
361,2567
309,2156
298,2241
313,2229
391,2787
311,2301
290,2090
268,1916
294,2105
300,2243
342,2447
298,2192
292,2155
286,2082
310,2352
346,2499
295,2120
218,1497
284,2095
313,2177
295,2205
282,2067
306,2201
281,2072
302,2256
321,2299
278,2068
345,2662
326,2377
284,2062
285,2063
298,2050
285,2122
355,2624
279,2069
228,1674
305,2170
281,2033
294,2155
310,2316
286,2082
315,2323
289,2117
293,2101
296,2115
287,2122
303,2216
273,2064
308,2199
292,2067
321,2279
290,2101
287,2082
366,2674
291,2173
289,2131
315,2346
418,3065
306,2095
336,2343
306,2297
337,2385
320,2352
309,2265
301,2287
291,2081
244,1690
308,2192
278,2046
331,2364
301,2160
283,2131
290,2139
288,2082
376,2772
294,2189
314,2271
328,2376
319,2198
295,2089
325,2373
302,2165
361,2666
299,2242
281,2104
288,2135
282,2109
296,2086
286,2092
306,2219
334,2380
297,2088
280,2090
308,2322
301,2156
327,2349
290,2118
325,2328
305,2145
309,2301
290,2113
287,2077
322,2336
246,1793
313,2353
301,2146
287,2065
322,2337
299,2144
324,2370
287,2075
289,2079
287,2095
318,2364
296,2119
300,2152
323,2453
312,2205
320,2366
312,2376
284,2147
292,2143
292,2120
392,2788
288,2130
201,1480
280,2057
320,2229
300,2180
305,2182
299,2172
312,2206
280,2073
333,2289
286,2121
291,2097
298,2164
305,2185
272,1942
309,2189
280,2058
319,2334
372,2768
401,3048
298,2218
301,2181
280,2033
358,2643
278,2068
288,2078
291,2044
288,2121
300,2216
288,2098
290,2136
285,2075
325,2392
301,2082
273,2030
302,2165
222,1501
301,2279
341,2444
301,2202
303,2213
289,2033
282,2128
283,2083
304,2184
298,2095
366,2699
311,2300
287,2106
361,2589
288,2078
306,2279
281,2079
204,1483
285,2130
322,2278
312,2342
285,2094
301,2101
307,2187
307,2101
316,2357
318,2366
322,2332
319,2367
275,1997
293,2150
291,2157
313,2164
278,1997
284,2057
294,2098
354,2629
306,2260
296,2086
288,2114
367,2718
269,1984
306,2146
278,2089
520,3844
289,2057
281,2064
325,2412
391,2787
302,2085
298,2149
315,2301
297,2141
288,2074
402,3008
396,3002
297,2123
324,2449
288,2168
286,2060
319,2367
299,2183
308,2188
290,2107
357,2708
391,2885
295,2175
296,2129
233,1679
374,2770
298,2126
297,2190
284,2057
305,2185
388,2784
338,2461
290,2073
346,2633
335,2458
354,2675
303,2155
282,1997
287,2121
292,2156
294,2246
301,2105
311,2190
318,2328
320,2387
295,2137
288,2087
289,2102
293,2106
303,2212
320,2368
296,2176
306,2246
304,2188
287,2103
296,2079
295,2081
298,2042
290,2090
276,1995
332,2419
296,2206
292,2151
292,2182
291,2088
301,2176
311,2311
291,2060
289,2126
308,2218
309,2252
286,2154
295,2159
324,2372
359,2710
284,2130
308,2283
289,2148
288,2079
304,2184
307,2197
298,2112
319,2400
277,2046
283,2066
302,2167
287,2095
287,2134
303,2176
301,2181
304,2213
300,2243
321,2315
327,2373
304,2183
304,2213
296,2216
296,1969
294,2084
297,2177
276,2082
280,2034
300,2243
343,2452
331,2443
311,2191
304,2184
270,1868
322,2386
361,2622
314,2346
291,2110
294,2192
280,2081
295,2146
310,2295
295,2090
278,2024
257,1905
304,2184
300,2157
245,1691
288,2093
323,2387
352,2461
283,2075
292,2108
280,2075
380,2731
335,2381
295,2106
301,2185
324,2388
298,2200
294,2081
314,2300
298,2095
284,2006
327,2359
389,2785
304,2315
311,2135
284,2089
272,2046
291,2171
277,2023
316,2327
642,4848
285,2004
284,2097
307,2282
309,2229
295,2100
283,2073
300,2220
317,2331
302,2212
414,3078
286,2099
316,2195
292,2143
288,2147
310,2311
279,2090
291,2157
307,2201
302,2182
312,2206
282,2047
293,2090
290,2091
340,2449
302,2151
607,4606
306,2186
342,2503
309,2189
330,2324
283,2138
321,2383
291,2090
292,2096
298,2088
288,2094
252,1799
370,2721
309,2300
278,2068
297,2148
288,2156
362,2713
312,2281
301,2144
279,2064
305,2096
304,2258
312,2342
342,2663
287,2093
294,2103
406,2900
296,2052
286,2042
331,2456
250,1696
317,2363
280,2061
281,2062
291,2157
361,2712
342,2461
300,2149
283,2089
316,2222
284,2097
397,3003
291,2122
333,2414
291,2147
310,2162
287,2077
312,2322
313,2223
295,2190
369,2654
297,2170
304,2156
306,2185
307,2187
325,2333
292,2121
384,2780
287,2120
298,2123
333,2400
310,2300
321,2408
383,2779
307,2203
295,2101
287,2106
293,2077
298,2178
348,2681
280,2070
302,2195
272,1870
291,2067
293,2188
281,2058
305,2148
298,2178
318,2382
391,2885
296,2096
279,2053
304,2149
282,2134
304,2043
357,2618
392,2907
282,2063
324,2332
281,2089
300,2160
308,2150
289,2146
288,2125
295,2143
315,2305
293,2173
320,2368
295,2092
290,2158
340,2493
317,2325
293,2087
299,2146
261,1909
302,2254
277,2089
305,2273
306,2226
290,2120
322,2452
295,2190
325,2295
281,2049
299,2127
292,2136
292,2152
274,1989
296,2186
329,2451
280,2045
295,2238
277,1999
281,2079
288,2119
278,2056
294,2149
334,2459
303,2223
325,2332
320,2368
281,1996
316,2341
285,2068
287,2116
404,3068
286,2108
331,2377
288,2094
289,2095
297,2119
311,2227
281,2097
339,2458
321,2324
288,2087
296,2170
442,3354
343,2496
293,2127
285,2066
284,2089
332,2413
299,2165
296,2187
304,2186
348,2623
290,2147
287,2077
299,2228
300,2182
333,2445
305,2280
311,2300
299,2112
317,2286
286,2096
320,2371
302,2091
296,2109
225,1579
303,2150
281,2025
514,3838
295,2099
292,2111
278,2030
290,2080
311,2162
310,2301
288,2080
307,2175
329,2454
321,2306
323,2390
320,2310
292,2057
287,2079
300,2125
325,2328
312,2175
296,2176
290,2074
285,2085
294,2174
311,2311
285,2050
289,1984
282,2104
299,2112
275,2086
326,2311
299,2162
306,2215
305,2283
309,2295
283,2077
312,2225
298,2241
303,2246
287,2056
295,2144
307,2250
303,2243
609,4574
281,2091
346,2636
291,2234
288,2168
301,2134
306,2167
303,2086
379,2775
291,2037
291,2082
292,2202
297,2153
289,2077
280,2136
308,2188
289,2105
325,2352
309,2278
292,2148
284,2076
330,2345
316,2346
318,2340
325,2373
291,2044
299,2052
296,2162
284,2049
292,2103
303,2166
319,2289
323,2345
301,2181
286,2145
340,2420
299,2075
323,2363
325,2347
308,2188
332,2493
291,2136
283,2106
278,2076
286,2069
277,2069
282,2092
321,2299
287,2063
403,3050
303,2271
304,2199
285,2118
294,2160
323,2432
324,2280
335,2396
297,2149
280,2070
278,2089
328,2355
324,2375
303,2183
316,2341
287,2043
295,2034
287,2084
291,2097
316,2347
317,2365
272,2062
303,2246
294,2194
274,2071
297,2097
279,2001
280,2070
278,2069
287,2077
291,2072
389,2785
286,2094
359,2683
302,2110
298,2186
376,2772
297,2111
275,1948
300,2083
376,2772
293,2183
286,2067
305,2170
290,2042
302,2192
301,2141
315,2258
312,2268
286,2069
290,2070
290,2078
276,2056
279,2077
284,2116
374,2725
380,2796
301,2186
328,2347
277,2046
294,2153
280,2072
306,2215
290,2103
277,2068
323,2317
285,2108
309,2220
282,2072
290,2077
295,2270
305,2154
294,2086
337,2456
291,2113
312,2363
377,2773
288,2149
357,2670
348,2509
395,2791
333,2381
388,2784
328,2376
386,2782
284,2059
294,2159
292,2078
317,2359
299,2130
338,2365
293,2126
310,2253
298,2117
324,2401
322,2280
285,2118
282,2072
354,2629
278,2108
343,2448
307,2147
347,2456
286,2100
278,2070
325,2373
288,2096
342,2655
296,2061
285,2090
612,4577
300,2243
326,2378
289,2133
300,2243
213,1492
314,2226
281,2076
290,2149
289,2087
303,2171
287,2098
286,2130
302,2213
294,2117
296,2159
393,2789
340,2446
277,1999
287,2093
291,2097
297,2240
366,2717
292,2083
329,2463
374,2725
330,2449
285,2076
317,2275
294,2138
290,2119
309,2165
299,2128
294,2099
285,2082
289,2141
291,2154
286,2060
310,2190
409,3015
315,2258
287,2124
307,2113
318,2307
294,2184
279,2070
305,2214
297,2251
292,2138
346,2621
278,2106
447,3359
285,2063
305,2185
294,2054
277,2064
315,2342
320,2323
293,2101
296,2124
390,2884
288,2130
281,2014
315,2342
291,2082
305,2185
298,2104
288,2118
286,2076
290,2044
320,2334
332,2419
284,2040
317,2341
299,2116
603,4602
293,2173
292,2129
304,2247
320,2320
296,2176
307,2187
402,2993
319,2318
282,2101
318,2382
314,2353
305,2154
301,2196
286,2067
326,2374
330,2378
283,2111
293,2173
312,2312
295,2104
275,2065
312,2342
301,2125
287,2167
256,1803
296,2127
280,2013
348,2457
296,2191
291,2097
292,2048
280,2070
286,2069
283,2015
375,2683
408,3014
292,2044
295,2175
296,2102
302,2158
512,3836
312,2268
300,2137
311,2441
307,2195
373,2727
286,2137
302,2231
333,2381
304,2184
287,2096
290,2012
287,2099
279,1953
294,2098
309,2220
313,2225
299,2179
527,3851
329,2451
301,2153
286,2001
271,2069
310,2324
315,2271
295,2111
303,2183
304,2184
296,2176
282,2098
302,2093
284,2154
299,2142
286,2130
309,2222
292,2153
361,2712
321,2277
292,2205
309,2219
295,2193
287,2044
290,2099
309,2339
302,2115
298,2163
278,2082
289,2098
288,2089
310,2189
291,2081
343,2656
322,2425
313,2365
297,2120
292,2187
388,2882
307,2292
283,2080
305,2261
289,2097
330,2382
295,2170
283,2073
297,2065
302,2108
319,2431
296,2119
281,2071
297,2090
321,2351
293,2073
281,2064
293,2093
300,2088
327,2360
289,2093
316,2326
324,2388
409,3015
445,3357
330,2410
307,2280
309,2336
296,2056
287,2055
278,2046
304,2194
341,2409
288,2105
294,2159
275,2031
374,2790
288,2119
300,2243
287,2177
313,2283
338,2447
339,2461
287,2093
322,2452
294,2204
305,2185
361,2614
277,2018
300,2196
328,2318
330,2361
291,2075
293,2149
287,2067
295,2208
291,2140
278,2026
409,3000
290,2094
291,2146
297,2131
322,2373
290,2138
286,2115
283,2052
283,1957
326,2374
308,2220
292,2185
292,2185
317,2273
295,2169
289,2145
307,2187
287,2093
302,2182
367,2718
296,2147
307,2181
294,2100
277,2067
345,2614
290,2099
293,2103
331,2372
292,2123
310,2265
309,2324
299,2179
280,2084
280,2092
280,2128
282,2087
299,2209
308,2293
300,2243
300,2194
313,2312
360,2588
272,2062
288,2078
307,2115
327,2407
293,2101
324,2365
327,2319
319,2371
298,2157
284,2049
363,2779
289,2131
287,2077
290,2058
336,2470
292,2202
306,2181
309,2098
291,2100
306,2186
387,2783
274,2061
311,2191
283,2073
293,2167
301,2092
290,2155
297,2057
279,2052
293,2142
408,2999
295,2142
346,2552
280,2040
329,2362
277,2060
280,2110
325,2402
353,2704
307,2292
311,2325
286,2090
307,2164
295,2206
289,2122
327,2346
330,2439
292,2141
297,2193
314,2338
284,2017
290,2149
325,2428
325,2371
377,2773
368,2719
284,2089
283,2135
300,2100
290,2098
288,2074
336,2489
291,2082
309,2349
283,2084
318,2358
281,2071
323,2404
286,2051
308,2236
288,2092
292,2082
289,2079
284,2136
276,2098
347,2622
328,2380
287,2118
294,2123
304,2104
314,2339
286,2076
279,2069
293,2090
344,2497
302,2170
327,2391
277,2070
270,1944
320,2384
285,2033
275,1990
292,2148
300,2220
298,2273
309,2184
280,2072
291,2084
365,2716
271,2061
279,2047
348,2569
292,2024
367,2718
303,2109
287,2143
392,2907
295,2175
305,2185
444,3356
305,2193
277,2061
287,2114
297,2270
357,2690
301,2175
292,2036
311,2206
298,2218
276,2047
294,2075
291,2010
292,2098
330,2378
295,2132
292,2101
295,2048
277,2060
299,2085
242,1688
359,2634
337,2401
286,2105
650,4856
294,2063
296,2082
316,2322
304,2215
290,2080
337,2489
317,2420
309,2315
298,2214
303,2198
337,2405
314,2194
310,2350
286,2061
276,2095
330,2407
316,2232
309,2238
300,2147
291,2081
302,2182
285,2136
314,2282
291,2082
294,2195
280,2054
285,2050
325,2393
315,2188
382,2778
620,4585
354,2582
282,2051
323,2338
287,2138
324,2366
275,2031
377,2773
299,2181
365,2673
291,2171
268,1916
285,2131
303,2246
280,2092
341,2610
309,2171
291,2035
292,2148
336,2445
320,2345
362,2707
377,2773
294,2174
291,2131
290,2127
290,2068
282,2110
298,2178
302,2139
361,2712
250,1898
287,2070
281,2091
300,2166
295,2111
322,2344
302,2153
306,2186
325,2434
370,2721
289,2067
317,2332
293,2173
262,1932
311,2302
521,3845
301,2197
281,2025
304,2184
296,2110
290,2158
296,2104
358,2712
281,2075
318,2288
347,2608
346,2621
287,2064
376,2772
278,2068
287,2131
309,2266
289,2057
319,2320
295,2047
361,2712
302,2108
315,2318
399,2893
328,2370
299,2118
366,2720
286,2076
321,2315
277,2067
289,2082
272,2062
282,2083
315,2225
446,3257
324,2331
284,2099
296,2176
389,2904
308,2333
285,2093
288,2114
388,2882
302,2128
306,2226
291,2135
215,1569
303,2302
313,2328
303,2129
301,2150
274,1993
307,2220
285,2056
291,2193
306,2321
283,2075
280,2074
290,2081
328,2376
293,2102
300,2229
312,2255
406,3053
316,2200
310,2190
301,2230
287,2129
287,2091
352,2676
278,2102
344,2613
275,2065
287,2095
372,2696
277,2067
297,2177
292,2082
291,2056
301,2181
343,2495
359,2692
296,2248
331,2382
309,2177
299,2121
295,2175
610,4575
318,2296
279,2102
323,2287
286,2069
309,2295
282,2110
295,2238
319,2275
330,2319
304,2184
278,2034
311,2338
278,2022
299,2148
315,2279
291,2083
287,2104
292,2073
289,2084
295,2175
325,2355
291,2104
283,2076
279,2069
318,2337
264,1912
607,4572
269,1943
287,2078
279,2080
296,2126
283,2073
302,2245
328,2415
299,2128
299,2173
294,2165
330,2464
291,2171
284,2058
289,2145
235,1681
295,2078
286,2112
313,2269
525,3849
280,2128
355,2709
306,2249
291,2072
294,2102
303,2209
275,2065
289,2080
272,2062
314,2270
339,2444
347,2637
291,2114
341,2450
298,2108
317,2306
298,2161
284,2098
288,2094
294,2062
286,2090
369,2720
295,2105
305,2094
305,2088
281,2041
319,2367
336,2397
319,2365
308,2314
286,2097
356,2641
305,2185
319,2329
291,2143
360,2693
607,4572
295,2140
285,2130
300,2108
277,2018
288,2123
296,2207
291,2147
289,2058
304,2138
306,2155
321,2351
323,2353
296,2148
293,2119
306,2222
300,2243
318,2448
282,2152
298,2141
298,2088
310,2295
278,2049
289,2081
287,2120
348,2672
285,2150
324,2354
298,2172
291,2142
293,2145
291,2156
292,2155
355,2668
282,2082
289,2115
299,2265
297,2126
374,2770
302,2184
291,2106
295,2155
339,2560
291,2081
297,2177
267,1937
325,2325
301,2150
291,2081
352,2621
291,2076
284,2065
317,2356
342,2447
324,2372
290,2123
277,2033
280,2048
282,2082
388,2903
321,2367
336,2445
364,2709
359,2667
298,2173
287,2097
288,2069
280,2078
306,2262
278,2052
276,1950
278,2058
299,2189
300,2168
332,2438
298,2131
637,4843
299,2150
276,1971
290,2081
302,2093
269,1939
279,2050
330,2407
277,2048
285,2109
289,2089
294,2149
278,2000
362,2713
293,2015
287,2131
298,2103
314,2322
296,2176
295,2055
205,1484
313,2242
279,2062
295,2069
309,2261
302,2167
282,2080
297,2089
298,2083
285,2061
286,2109
294,2145
281,2022
292,2082
276,2106
248,1795
277,2060
289,2136
286,2066
290,2055
374,2770
284,2154
297,2121
313,2443
227,1581
331,2434
291,2082
280,2070
327,2358
301,2152
275,2056
312,2255
342,2647
278,2019
320,2353
337,2446
296,2209
285,2072
281,2061
290,2107
284,2097
277,2107
233,1679
295,2121
287,2100
312,2267
300,2165
281,2108
329,2435
310,2200
291,2142
283,2061
314,2325
320,2345
301,2191
294,2137
309,2333
357,2773
292,2102
291,2074
281,2054
333,2397
297,2142
348,2653
282,2055
290,2114
296,2087
302,2085
297,2148
283,2039
307,2263
287,2077
319,2309
210,1489
322,2352
297,2158
284,2081
301,2136
290,2146
324,2405
271,2061
301,2150
331,2383
297,2081
323,2371
278,2070
293,2155
314,2353
331,2364
303,2187
289,2202
284,2080
293,2099
421,3068
280,2111
318,2366
281,2071
314,2314
311,2206
317,2447
295,2085
422,3086
298,2241
297,2120
314,2444
327,2388
296,2184
392,2788
297,2106
296,2035
328,2450
294,2125
303,2168
302,2167
349,2624
294,2162
292,2091
308,2160
287,2062
286,2055
336,2351
312,2222
323,2362
368,2719
307,2250
307,2187
289,2179
297,2225
224,1578
302,2041
322,2313
294,2260
304,2304
622,4587
331,2492
311,2363
294,2098
318,2366
397,2912
314,2257
346,2499
301,2126
324,2405
360,2681
307,2187
297,2101
307,2250
360,2776
285,2082
272,2062
300,2126
283,2051
325,2347
324,2386
378,2774
347,2634
320,2361
295,2085
321,2372
335,2403
296,2133
304,2272
322,2452
286,2142
313,2345
273,1995
312,2240
362,2778
296,2164
290,2058
318,2448
341,2602
312,2290
284,2111
280,2099
320,2335
382,2778
298,2132
295,2028
288,2080
280,2128
327,2342
287,2028
437,3248
336,2461
316,2364
397,3003
289,2095
306,2132
320,2204
294,2040
311,2310
289,2105
281,2068
623,4588
290,2118
286,2083
295,2069
271,2039
291,2078
304,2274
288,2105
294,2267
292,2097
304,2184
338,2415
326,2374
289,2146
305,2332
322,2349
279,2069
280,2108
309,2174
287,2151
284,2067
298,2142
289,2095
297,2068
315,2330
286,2115
292,2192
291,2065
325,2356
285,2017
289,2131
390,2786
301,2166
279,2069
277,2067
297,2157
337,2364
280,2104
310,2250
281,2061
287,2100
294,2234
302,2115
294,2153
327,2358
302,2118
281,2071
402,2896
289,2137
299,2122
300,2211
290,2109
372,2768
281,2056
308,2108
323,2345
293,2156
317,2384
286,2137
289,2098
279,2090
278,2053
325,2340
291,2081
282,2095
333,2436
310,2342
311,2191
295,2034
281,2086
279,2123
460,3372
301,2253
304,2169
285,2076
375,2726
306,2262
308,2251
294,2204
381,2777
299,2227
343,2618
286,2076
302,2222
319,2325
294,2107
293,2120
296,2120
309,2158
288,2068
297,2139
301,2093
296,2082
295,2109
292,2134
322,2428
292,2091
309,2266
304,2110
275,1949
300,2132
331,2484
344,2605
294,2142
293,2076
315,2284
308,2199
298,2188
288,2024
360,2711
313,2211
299,2208
369,2597
300,2117
290,2084
334,2328
292,2174
299,2150
298,2088
289,2126
283,2040
332,2359
291,2162
287,2087
277,2050
290,2096
287,2101
314,2338
292,2156
330,2378
291,2080
279,2056
317,2336
365,2781
299,2116
312,2280
289,2081
287,2119
277,2058
313,2206
299,2124
290,2121
321,2401
311,2254
302,2153
306,2155
283,2064
300,2113
283,2048
335,2386
303,2166
283,2139
315,2244
338,2460
289,2148
286,2117
347,2637
282,2105
306,2263
313,2338
449,3260
296,2169
290,2135
290,2109
327,2334
295,2139
252,1799
289,2033
282,2078
284,2061
354,2506
295,2193
328,2376
320,2397
277,2072
321,2277
319,2370
279,2069
344,2661
288,2107
306,2148
290,2088
285,2066
301,2106
298,2166
290,2073
296,2100
291,2068
623,4829
296,2104
289,2102
298,2155
281,2082
290,2158
306,2263
311,2154
290,2152
347,2568
321,2348
291,2066
270,2100
285,2075
352,2613
275,1945
201,1480
371,2722
280,2081
293,2120
359,2710
289,2060
290,2083
328,2350
300,2104
349,2618
342,2467
297,2062
323,2362
302,2182
287,2103
290,2029
302,2181
340,2474
287,2120
293,2156
279,2015
297,2177
295,2179
332,2457
291,2159
371,2722
298,2149
316,2364
296,2176
405,3052
286,2042
290,2038
315,2270
287,2120
283,2064
300,2243
328,2431
277,2067
321,2285
327,2439
309,2252
326,2326
329,2482
299,2179
298,2153
291,2030
292,2100
305,2151
256,1904
292,2132
294,2117
298,2178
277,2025
291,2084
281,2017
297,2156
286,2176
294,2042
363,2684
402,2917
292,2145
300,2114
315,2258
302,2208
303,2191
311,2301
295,2238
312,2312
297,2272
284,2067
279,2069
298,2150
293,2099
293,2159
298,2183
300,2144
288,2078
281,2041
319,2288
280,2085
361,2712
325,2373
289,2089
292,2096
295,2094
326,2341
303,2063
289,2134
294,2185
324,2372
304,2112
311,2353
353,2559
281,2072
337,2385
297,2153
304,2120
306,2196
319,2431
315,2271
271,2023
307,2223
292,2220
302,2175
315,2345
334,2382
362,2615
320,2426
607,4606
354,2607
284,2154
283,2105
307,2167
284,2137
324,2433
306,2171
281,2112
358,2627
284,2084
326,2374
610,4575
320,2284
291,2086
277,1950
340,2657
291,2124
297,2105
292,2098
282,2101
291,2156
299,2201
320,2276
282,2050
283,2114
314,2272
289,2108
288,2101
292,2082
286,2080
289,2144
303,2215
352,2665
290,2146
318,2366
320,2276
323,2384
280,2036
377,2728
335,2383
296,2089
313,2192
406,3070
299,2112
289,2148
314,2314
281,2078
284,2084
288,2056
288,2125
283,2052
290,2085
334,2459
308,2281
276,2059
621,4586
304,2184
283,2113
305,2138
303,2257
301,2132
283,2088
292,2084
327,2388
292,2093
297,2170
311,2350
292,2119
287,2136
278,2073
323,2457
284,2140
292,2031
282,2104
286,2069
305,2211
354,2671
287,2093
324,2449
334,2386
278,2082
292,2038
276,2017
278,2066
283,2073
280,2091
282,2086
308,2338
281,2071
298,2106
291,2147
365,2689
329,2377
311,2191
333,2381
405,3052
442,3354
320,2306
310,2295
290,2141
318,2321
281,2082
283,2048
303,2191
312,2255
325,2366
291,2108
302,2182
304,2188
292,2158
296,2073
321,2328
337,2449
272,2067
293,2159
296,2100
316,2301
288,2104
295,2095
303,2086
276,2028
300,2151
291,2095
303,2094
298,2050
294,2094
299,2189
312,2312
286,2076
352,2642
294,2099
321,2398
335,2604
292,2083
275,1970
295,2118
285,2068
355,2676
283,2106
302,2242
292,2082
294,2075
287,2114
282,2101
284,2037
323,2404
288,2036
294,2179
607,4572
309,2219
315,2346
282,2087
399,2893
307,2296
291,2171
321,2328
286,2076
305,2215
308,2159
365,2716
369,2723
288,2029
300,2060
331,2373
327,2373
293,2083
305,2304
382,2778
309,2264
313,2365
283,2074
298,2102
291,2077
300,2075
295,2103
299,2148
283,2043
278,2049
294,2137
284,2116
305,2166
291,2089
319,2343
296,2155
451,3363
280,2033
301,2167
296,2097
286,2176
299,2169
295,2166
310,2187
293,2189
355,2700
298,2241
329,2377
351,2503
330,2360
348,2693
311,2209
288,2099
318,2321
290,2118
306,2217
290,2109
293,2121
288,2086
296,2093
280,2085
298,2178
291,2156
326,2374
290,2059
313,2291
331,2412
286,2143
276,2028
288,2132
284,2074
301,2157
321,2315
277,2067
290,2145
293,2074
279,2128
296,2152
301,2143
308,2188
295,2150
314,2341
302,2062
296,2072
291,2095
296,2127
321,2408
277,2070
286,2019
294,2189
292,2083
293,2173
388,2784
282,2087
290,2095
312,2197
304,2121
277,2045
326,2351
332,2400
348,2623
279,2064
311,2280
323,2309
280,2060
400,2991
380,2776
291,2154
308,2188
282,2114
304,2198
318,2325
314,2381
376,2727
300,2180
285,2075
277,2068
290,2106
283,2063
282,2072
288,2178
328,2318
283,1978
251,1798
358,2564
298,2147
327,2359
284,2141
279,2060
351,2656
324,2411
296,2140
299,2118
281,2071
283,2066
306,2218
311,2191
282,2001
321,2348
439,3250
307,2191
292,2082
330,2378
312,2304
300,2194
310,2203
309,2264
279,2062
289,2085
302,2175
324,2385
292,2144
288,2071
290,2103
297,2103
312,2315
316,2357
326,2359
299,2242
304,2073
277,2013
300,2127
286,2085
271,1919
285,2062
293,2062
313,2229
304,2200
309,2264
289,2148
296,2184
291,2082
305,2128
293,2183
305,2248
377,2773
307,2187
288,2099
279,2091
294,2082
304,2199
339,2419
274,2042
306,2199
312,2255
319,2422
298,2145
287,2055
306,2226
289,2079
289,2067
289,2077
288,2105
310,2313
286,2090
298,2088
299,2194
349,2577
313,2268
321,2277
333,2486
284,2074
280,2057
303,2147
284,2049
274,2127
300,2151
307,2250
314,2194
307,2173
405,3011
287,2009
281,2109
323,2435
272,2064
297,2080
282,2055
358,2712
377,2728
280,1975
335,2444
324,2385
295,2150
306,2100
294,2090
404,3010
318,2282
327,2354
282,2047
288,2088
291,2138
311,2441
280,2070
297,2171
286,2117
334,2402
268,1866
305,2330
282,2110
299,2169
289,2043
287,2124
299,2146
291,2069
293,2173
279,2067
288,2119
299,2156
296,2109
364,2625
290,2088
296,2133
301,2181
277,2105
353,2704
316,2348
374,2725
309,2252
311,2338
319,2367
303,2213
320,2368
283,2073
302,2192
298,2126
291,2171
295,2103
289,2079
308,2188
295,2146
321,2402
364,2780
280,2115
295,2076
277,1996
308,2188
288,2092
318,2382
298,2162
324,2372
266,1914
285,2098
295,2155
311,2254
289,2097
326,2353
291,2086
287,1982
285,1958
277,2009
293,2173
305,2185
362,2778
294,2098
297,2249
319,2341
324,2370
292,2086
293,2173
327,2354
295,2185
296,2109
294,2174
315,2337
286,2119
307,2171
299,2141
274,2062
306,2197
311,2176
315,2345
311,2251
360,2711
303,2136
295,2159
387,2902
282,2088
280,2058
348,2569
286,2100
280,2104
315,2337
320,2366
279,2069
309,2278
320,2371
297,2152
290,2044
330,2371
286,2094
291,2186
297,2097
311,2441
296,2065
304,2213
293,2189
285,2134
288,2081
295,2114
302,2136
386,2782
287,2120
293,2062
269,1939
276,1991
295,2175
382,2778
360,2512
298,2241
286,2141
301,2164
296,2147
280,2084
298,2090
299,2272
278,2068
285,2082
403,2994
329,2459
297,2240
316,2200
291,2182
303,2131
281,2061
317,2273
294,2194
301,2244
288,2135
289,2179
289,2131
400,2991
285,2076
318,2337
296,2093
359,2587
279,2063
349,2502
357,2585
310,2318
299,2067
286,2054
293,2093
304,2141
284,2088
294,2082
283,2135
375,2699
345,2551
301,2143
290,2152
319,2351
283,2036
284,2075
285,2066
293,2098
321,2451
445,3357
308,2221
306,2185
287,2081
522,3846
290,2106
289,2072
284,2137
367,2675
314,2355
292,2157
294,2077
313,2303
292,2118
291,2071
356,2701
288,2135
306,2196
357,2670
280,2049
335,2415
289,2102
325,2437
287,2117
295,2126
306,2199
292,2049
289,2141
285,2073
305,2248
292,2123
304,2184
285,2096
282,2138
300,2243
329,2356
293,2073
349,2694
310,2302
298,2193
298,2273
312,2268
395,3001
287,2093
322,2316
294,2174
299,2115
300,2198
326,2353
366,2717
285,2029
293,2173
301,2194
297,2177
287,2088
291,2101
278,2068
291,2136
295,2091
298,2180
271,2007
282,2065
377,2728
418,3065
328,2343
283,2027
308,2319
396,3002
326,2358
287,2092
331,2465
280,2064
340,2443
331,2395
302,2231
303,2152
352,2627
319,2196
333,2494
313,2269
299,2141
279,1953
279,2023
291,2187
371,2722
302,2091
286,2066
324,2294
295,2155
299,2228
277,2108
254,1902
289,2079
289,2043
329,2307
283,2073
611,4610
298,2218
286,2100
302,2198
292,2083
292,2117
306,2177
304,2129
295,2108
296,2155
302,2203
292,2193
286,2083
300,2163
377,2728
297,2165
378,2774
295,2140
302,2231
302,2181
367,2718
293,2067
300,2094
442,3354
300,2100
303,2267
289,2108
286,2061
287,2121
293,2083
293,2074
301,2148
298,2104
308,2188
298,2088
297,2084
322,2425
346,2663
389,2785
362,2713
295,2137
290,2029
288,2105
301,2174
313,2242
290,2095
303,2198
283,2114
356,2465
309,2252
311,2314
352,2657
292,2167
321,2369
322,2374
311,2302
300,2212
297,2162
299,2112
298,2084
299,2108
279,2062
283,2083
295,2152
288,1983
312,2252
286,2092
305,2185
295,2249
344,2665
287,2131
309,2219
277,2065
307,2322
289,2108
287,2157
278,2073
315,2315
290,2009
327,2375
294,2204
293,2173
300,2180
297,2209
446,3358
287,2122
295,2195
292,2134
297,2073
302,2212
313,2256
293,2124
297,2097
279,2070
292,2102
295,2142
297,2072
287,2120
413,3060
293,2178
362,2716
316,2347
277,2069
295,2085
293,2128
310,2204
354,2607
294,2084
284,2072
342,2663
294,2157
287,2100
277,2067
234,1680
308,2188
399,2990
314,2270
293,2188
348,2665
303,2214
290,2151
293,2083
300,2201
317,2194
305,2120
292,2090
356,2677
344,2649
285,2068
392,2998
310,2175
302,2145
326,2296
277,2009
289,2041
301,2202
294,2205
299,2156
293,2173
279,2077
361,2712
287,2095
293,2164
329,2323
327,2357
312,2301
298,2153
377,2773
285,2072
405,2899
301,2166
301,2061
293,2158
286,2114
282,2066
292,2190
215,1569
292,2085
284,2055
295,2103
286,2086
289,2101
304,2214
292,2102
288,2113
313,2328
294,2063
283,2083
283,2091
386,2782
277,2067
343,2504
372,2768
305,2129
302,2197
321,2331
317,2308
336,2441
293,2066
301,2286
281,2076
305,2124
352,2613
386,2782
286,2130
296,2138
280,2058
295,2108
635,4841
326,2282
289,2095
299,2150
281,2094
301,2152
376,2772
450,3261
295,2160
322,2278
384,2780
288,2062
285,2075
305,2200
293,2082
293,2183
291,2066
299,2192
308,2188
308,2168
342,2403
258,1906
287,2100
295,2175
354,2678
322,2361
305,2161
317,2324
298,2117
302,2077
284,2103
332,2441
287,2073
296,2084
622,4587
305,2214
403,3050
297,2148
307,2197
290,2154
379,2775
279,2076
296,2192
278,2089
362,2713
304,2184
609,4608
309,2158
310,2230
305,2225
293,2088
302,2117
304,2167
260,1858
608,4573
361,2712
288,2085
289,2100
351,2474
299,2172
304,2272
303,2160
292,2120
292,2152
315,2316
278,2083
316,2259
281,2077
371,2722
356,2643
320,2362
298,2129
296,2159
341,2494
313,2233
381,2777
294,2104
313,2223
308,2251
310,2317
288,2092
297,2240
310,2332
307,2189
350,2619
301,2158
330,2417
605,4604
304,2167
359,2704
284,2114
292,2083
299,2107
287,2120
298,2107
301,2181
293,2133
293,2152
312,2222
308,2221
287,2111
288,2078
323,2403
281,2085
289,2120
279,2025
276,2047
328,2353
367,2700
334,2396
296,2197
326,2378
327,2379
209,1488
274,2010
299,2181
291,2138
354,2667
308,2294
286,2099
363,2696
295,2166
289,2085
285,2075
301,2158
312,2290
324,2351
290,2124
300,2163
311,2350
318,2325
332,2380
286,2119
300,2193
289,2054
292,2139
326,2460
312,2278
289,2155
283,2138
292,2136
300,2180
362,2713
316,2368
319,2367
289,2079
296,2176
289,2122
317,2332
306,2153
285,2134
293,2142
288,2078
313,2269
296,2152
288,2240
360,2711
282,2070
316,2368
279,2036
395,2986
289,2043
286,2074
297,2213
331,2363
308,2251
316,2274
301,2166
318,2318
370,2721
324,2427
310,2195
302,2181
306,2185
295,2069
291,2074
283,2064
403,3009
304,2156
302,2115
303,2107
344,2665
336,2458
310,2318
285,2084
291,2115
297,2137
398,2989
279,2069
303,2219
316,2378
282,2131
301,2164
325,2387
258,1856
236,1682
377,2773
296,2129
301,2157
510,3834
305,2140
291,2156
294,2077
303,2213
299,2219
613,4612
292,2036
284,2053
306,2194
294,2146
391,2787
308,2188
401,3007
312,2339
291,2118
287,2039
297,2105
312,2255
299,2170
288,2198
300,2243
286,2108
278,2076
272,2049
295,2041
351,2572
288,2062
277,2021
313,2419
294,2074
360,2714
305,2081
333,2397
297,2182
295,2073
319,2351
335,2368
298,2178
309,2252
295,2160
317,2223
294,2159
324,2375
294,2098
378,2774
312,2268
343,2504
360,2621
354,2629
299,2125
289,2123
331,2325
300,2194
408,3055
318,2337
294,2117
285,2068
284,2072
370,2721
299,2107
381,2777
283,2061
333,2360
297,2120
315,2321
292,2078
305,2198
307,2265
295,2148
305,2248
291,2147
287,2104
294,2077
300,2165
397,2988
284,2049
282,2059
309,2199
294,2094
374,2770
331,2408
275,2023
296,2209
286,2038
302,2085
293,2083
321,2289
288,2135
318,2351
363,2717
284,2097
279,2069
296,2079
285,2091
325,2389
310,2189
305,2118
289,2157
298,2092
292,2120
297,2177
285,2116
302,2275
280,2139
287,2102
324,2454
291,2074
341,2562
343,2564
301,2181
304,2092
289,2135
308,2188
289,2151
294,2107
310,2295
325,2352
286,2076
325,2332
351,2612
341,2631
363,2714
313,2222
316,2323
282,2074
300,2123
313,2256
293,2058
295,2138
301,2210
281,2089
277,2067
298,2120
284,2068
415,3079
280,2108
296,2104
293,2101
448,3360
297,2128
285,2075
335,2415
292,2149
321,2306
375,2771
288,2036
291,2102
325,2386
292,2147
281,2134
289,2079
291,2030
348,2451
298,2178
301,2107
295,2085
307,2262
310,2276
270,1940
295,2123
278,2030
278,2066
315,2293
299,2146
276,1995
285,2060
301,2138
314,2365
297,2141
318,2333
284,2112
297,2049
317,2359
272,2062
305,2185
295,2157
357,2585
272,2028
282,2060
297,2177
369,2720
288,2042
307,2322
288,2184
288,2137
298,2264
293,2117
382,2876
306,2217
305,2261
295,2207
316,2226
319,2370
283,2035
308,2151
288,2168
642,4848
330,2433
338,2491
284,2079
308,2198
301,2164
335,2412
313,2201
297,2080
354,2678
283,2083
302,2159
288,2168
286,2145
302,2046
300,2210
279,2069
292,2066
292,2115
267,1941
295,2094
305,2278
304,2144
338,2406
311,2312
290,2113
303,2171
305,2200
292,2100
279,2076
348,2633
295,2193
302,2182
294,2054
332,2437
286,2091
288,2156
300,2135
453,3365
303,2187
279,2067
281,2050
291,2146
297,2049
364,2654
369,2714
291,2147
299,2089
285,2075
303,2246
292,2082
280,2128
299,2154
309,2349
314,2284
290,2058
296,2139
295,2175
294,2174
305,2316
309,2219
284,2141
454,3265
297,2087
297,2103
311,2321
280,2072
296,2035
312,2334
300,2093
316,2383
283,2107
292,2132
288,2056
302,2153
278,2094
282,2152
314,2344
324,2370
285,2115
294,2100
403,3067
299,2107
333,2467
306,2163
341,2616
311,2227
348,2669
304,2184
301,2212
389,2883
283,2081
329,2381
287,2084
348,2501
294,2187
294,2087
329,2336
309,2348
283,2077
280,2045
294,2110
312,2379
288,2068
357,2674
306,2258
330,2378
307,2187
284,2132
320,2330
631,4837
282,2018
309,2275
303,2164
354,2705
249,1796
294,2190
297,2270
302,2242
355,2642
298,2207
279,1949
328,2409
283,2077
297,2105
284,2076
367,2718
279,2027
307,2250
315,2367
293,2061
330,2394
295,2086
262,1910
297,2142
342,2647
335,2444
326,2367
299,2126
289,2095
304,2139
294,2078
313,2343
280,2070
291,2088
319,2341
304,2194
307,2187
300,2108
287,2084
271,2019
352,2685
305,2193
306,2200
321,2382
293,1966
284,2090
292,2155
302,2139
282,2053
282,2075
305,2216
278,1997
300,2243
285,2062
355,2640
290,2102
285,2155
317,2285
304,2217
289,2120
307,2247
325,2356
306,2297
284,2108
377,2773
288,2082
318,2366
298,2145
601,4600
331,2418
311,2269
298,2207
296,2072
288,2144
317,2317
281,2092
277,2107
290,2023
348,2471
293,2183
288,2111
279,2036
309,2225
289,2008
281,2125
286,2130
284,2052
331,2379
335,2422
311,2333
621,4586
289,2171
297,2093
311,2191
335,2496
325,2281
303,2158
342,2647
292,2033
338,2425
293,2164
279,1994
302,2153
360,2711
294,2085
317,2344
359,2710
305,2152
308,2190
331,2392
301,2100
284,2038
323,2387
301,2307
295,2152
295,2085
300,2068
283,2036
294,2102
298,2129
305,2248
311,2240
293,2173
342,2451
366,2641
296,2142
280,2061
299,2242
284,2075
293,2158
288,2056
302,2245
275,1997
311,2268
448,3259
284,2074
301,2229
301,2135
308,2188
301,2161
292,2144
321,2311
289,2133
320,2426
294,2077
284,2100
294,2072
318,2366
285,2018
613,4612
287,2113
366,2651
294,2016
275,1997
286,2098
286,2060
319,2304
308,2188
443,3355
284,2139
295,2238
292,2025
286,2133
326,2333
288,2144
298,2135
304,2048
310,2274
285,2136
293,2101
306,2186
296,2042
298,2092
291,2107
286,2109
274,2074
300,2164
300,2216
301,2183
295,2161
320,2310
313,2192
327,2433
299,2242
279,2060
314,2254
288,2113
299,2242
287,2095
310,2253
302,2181
201,1480
295,2161
292,2182
302,2192
306,2272
295,2095
316,2301
324,2343
294,2090
286,2117
281,1955
294,2158
291,2110
307,2250
298,2161
294,2156
289,2131
312,2255
298,2147
311,2441
286,2032
304,2149
282,2023
295,2190
289,2134
291,2234
315,2347
295,2140
289,2080
293,2112
284,2092
298,2113
385,2781
205,1484
283,2075
304,2192
292,2096
286,2072
302,2215
293,2067
282,2075
309,2218
298,2163
383,2779
286,2097
325,2358
286,2094
280,1950
295,2175
291,2044
324,2346
288,2201
332,2444
301,2110
318,2366
362,2713
343,2618
281,2067
310,2190
312,2352
290,2117
282,2086
306,2162
298,2155
315,2194
301,2132
286,2054
302,2215
216,1570
210,1489
289,2123
288,2078
284,2084
293,2140
329,2377
291,2081
281,2078
366,2651
305,2185
610,4609
286,2094
299,2158
303,2166
291,2056
297,2105
302,2179
316,2323
285,2091
307,2186
299,2158
299,2192
288,2044
320,2311
325,2352
365,2640
244,1791
297,2159
363,2714
300,2211
293,2067
382,2778
292,2120
320,2339
296,2143
287,2077
302,2101
374,2770
284,2036
280,2086
195,1474
314,2315
329,2377
374,2770
314,2191
279,2011
303,2196
334,2421
278,2108
320,2360
608,4607
319,2352
288,2081
301,2107
367,2718
305,2304
291,2171
319,2283
301,2132
326,2317
292,2155
293,2073
297,2057
362,2713
343,2664
312,2297
386,2782
323,2355
309,2310
296,2145
294,2184
283,2075
305,2259
297,2105
292,2084
311,2441
290,2141
298,2111
299,2141
301,2045
294,2141
301,2183
292,2052
271,2061
308,2286
619,4584
324,2375
334,2356
287,2052
289,2117
313,2269
295,2047
301,2189
297,2226
287,2087
279,2035
316,2397
307,2261
307,2285
325,2455
367,2718
290,2103
274,2010
285,2038
297,2071
305,2113
254,1801
316,2225
290,2122
281,2071
336,2384
296,2190
302,2147
308,2265
304,2279
289,2116
295,2055
298,2241
295,2103
296,2127
284,2037
278,2079
290,2081
281,2055
313,2303
284,2149
332,2394
302,2139
307,2220
313,2214
296,2061
307,2313
405,3069
302,2173
309,2220
276,2088
305,2121
383,2779
303,2183
287,2104
293,2117
354,2560
291,2023
289,2184
310,2253
297,2125
302,2186
316,2377
316,2335
267,1952
366,2594
369,2644
280,2112
297,2107
292,2116
362,2652
290,2190
317,2384
287,2075
607,4572
289,2119
316,2367
298,2145
309,2199
312,2255
324,2370
306,2123
280,2070
297,2187
368,2722
294,2054
359,2710
318,2274
289,2145
314,2224
321,2361
288,2147
292,2167
327,2461
291,2065
289,2082
327,2391
293,2173
301,2158
317,2316
288,2154
294,2160
282,2080
329,2375
291,2162
298,2086
280,2072
275,2008
328,2335
282,1967
297,2113
295,2139
275,2065
310,2175
275,2068
283,2102
293,2108
323,2426
367,2718
300,2142
356,2577
294,2062
297,2171
282,2109
463,3375
326,2365
319,2365
308,2228
283,2088
294,2190
298,2175
279,2106
310,2301
273,2056
286,1960
296,2176
298,2129
302,2215
314,2325
388,2903
291,2064
307,2187
303,2193
316,2273
317,2381
281,2108
369,2693
284,1954
288,2137
288,2073
292,2087
258,1805
287,2070
292,2156
357,2632
285,2104
312,2282
284,2084
350,2611
304,2197
326,2327
288,2096
360,2566
297,2168
320,2233
283,2031
302,2159
299,2127
296,2176
325,2393
345,2662
289,2103
301,2114
312,2298
312,2313
285,2063
326,2329
290,2145
339,2420
321,2402
321,2367
380,2776
306,2186
288,2101
290,2083
296,2160
419,3066
308,2330
309,2317
351,2626
302,2222
327,2433
306,2194
298,2117
285,2104
302,2085
370,2721
297,2062
300,2180
299,2242
281,2108
282,2106
307,2331
293,2103
303,2160
310,2320
282,2072
296,2216
274,1922
317,2423
293,2173
374,2725
289,2124
285,2053
299,2179
241,1687
303,2209
325,2352
366,2717
307,2250
339,2492
304,2214
295,2104
286,2076
303,2154
311,2303
303,2183
299,2165
300,2194
316,2286
316,2323
286,2087
293,2122
354,2644
306,2216
376,2772
287,2028
308,2196
297,2148
303,2154
279,1994
368,2596
373,2706
296,2153
318,2274
297,2103
306,2284
291,2096
277,2018
298,2200
346,2659
318,2309
316,2323
308,2262
377,2773
283,2079
292,2087
327,2446
360,2711
378,2729
316,2317
331,2379
288,2111
350,2671
289,2137
321,2427
306,2190
291,2138
526,3850
302,2254
310,2266
307,2347
303,2100
288,2078
285,2078
289,2054
296,2191
296,2176
287,2100
285,2078
289,2072
347,2508
277,2069
302,2129
281,2108
326,2311
296,2176
297,2124
287,2075
301,2120
279,2083
331,2456
294,2174
279,2077
318,2340
285,2098
288,2069
293,2076
288,2145
298,2210
284,2065
277,2086
357,2708
280,1953
344,2453
285,2099
287,2035
338,2447
374,2725
318,2380
282,2047
291,2105
292,2137
295,2208
359,2710
319,2365
362,2713
319,2288
301,2090
289,2022
287,2071
315,2337
306,2263
313,2226
280,2084
362,2713
286,2074
297,2225
304,2247
298,2090
282,2112
333,2394
292,2106
315,2342
293,2158
311,2277
281,2104
269,1942
312,2269
263,1911
362,2568
334,2385
281,2140
271,1956
288,2094
308,2338
370,2721
386,2782
318,2310
295,2146
364,2715
281,2105
378,2774
401,2916
287,2088
295,2161
291,2081
438,3249
287,2077
348,2617
210,1564
280,2021
335,2454
330,2410
296,2176
383,2779
276,2053
308,2299
314,2341
367,2718
305,2185
316,2383
291,2152
289,2124
270,1868
294,2138
288,2096
295,2119
277,2067
328,2405
291,2114
278,2082
294,2069
287,2060
296,2052
288,2132
360,2650
308,2339
283,2091
322,2329
279,2069
287,2135
310,2332
281,2069
276,1946
331,2436
293,1966
290,2086
278,2068
307,2166
308,2248
279,2047
337,2383
307,2187
313,2298
320,2366
334,2440
325,2295
297,2177
292,2082
293,2167
303,2155
296,2207
297,2102
333,2381
300,2147
301,2095
321,2354
355,2676
287,2087
292,2147
306,2249
298,2115
323,2384
295,2163
301,2213
307,2187
297,2094
309,2319
325,2366
286,2076
270,1940
294,2159
296,2176
389,2785
285,2122
322,2428
335,2488
304,2110
306,2436
284,2049
291,2159
289,2054
295,2175
217,1496
322,2278
369,2677
305,2148
291,2108
328,2431
301,2092
311,2363
305,2173
277,2089
333,2401
322,2347
282,2069
350,2473
357,2708
288,2101
306,2166
281,2085
310,2352
275,2028
364,2617
291,2081
319,2346
320,2368
298,2104
287,2102
292,2052
286,2143
296,2101
276,2106
291,2107
318,2366
318,2276
291,2140
285,2118
300,2209
280,2048
299,2179
294,2063
293,2083
343,2630
316,2364
328,2370
350,2502
283,2091
398,2892
294,2179
298,2188
287,2132
289,2070
407,3054
296,2122
309,2189
313,2283
319,2318
312,2228
324,2365
295,2099
640,4846
289,2093
321,2343
282,2083
317,2320
282,2082
306,2317
293,2083
369,2720
280,2037
311,2302
308,2173
323,2291
307,2293
324,2433
310,2150
299,2179
351,2557
293,2149
324,2282
285,2083
284,2074
618,4583
280,2077
322,2370
456,3368
320,2350
309,2207
374,2770
326,2374
299,2242
297,2177
292,2143
289,2078
295,2078
293,2191
377,2773
292,2085
315,2314
299,2242
309,2333
355,2583
321,2369
290,2073
212,1491
280,2013
326,2390
288,2078
298,2273
289,2067
324,2392
218,1572
297,2094
289,2079
293,2079
279,1877
333,2327
289,2094
287,2185
292,2118
317,2384
292,2098
278,2014
280,2066
293,2157
376,2727
285,2075
297,2114
314,2304
286,2176
293,2083
319,2359
297,2163
282,2062
299,2143
293,2120
276,2103
322,2355
311,2284
335,2399
288,2133
273,2050
372,2723
322,2368
293,2152
307,2280
287,2092
300,2147
333,2327
323,2334
293,2080
282,2131
233,1679
641,4847
362,2713
298,2050
323,2374
326,2320
289,2116
324,2372
291,2076
340,2386
285,2075
288,2097
295,2071
304,2272
291,2060
294,2150
310,2280
298,2066
305,2170
304,2169
301,2229
289,2106
300,2243
288,2075
283,2127
286,2077
302,2198
333,2289
280,2070
275,2128
316,2323
299,2141
327,2305
296,2071
337,2424
317,2368
286,2091
285,2076
311,2441
298,2106
299,2108
314,2444
318,2333
267,1941
377,2773
349,2610
320,2423
310,2302
289,2108
299,2116
397,2988
289,2079
356,2677
292,2048
360,2711
302,2144
293,2094
309,2323
279,1974
296,2040
339,2426
299,2154
281,2137
249,1796
306,2170
289,2100
323,2308
319,2349
285,2083
320,2311
331,2393
287,2096
289,2045
301,2167
280,2002
348,2500
296,2192
363,2569
445,3357
344,2467
358,2691
280,2070
307,2299
297,2152
306,2115
335,2383
281,2076
295,2175
284,2065
292,2182
305,2147
309,2319
295,2087
358,2611
278,2090
280,2109
286,2074
295,2106
319,2367
296,2082
375,2726
282,2082
288,2078
313,2338
331,2379
282,2126
301,2178
315,2342
288,2141
283,2109
258,1906
289,2112
324,2391
367,2721
281,2108
376,2772
287,2127
296,2176
291,2219
292,2100
298,2088
296,2102
314,2306
281,2067
283,1956
300,2264
291,2043
307,2338
307,2131
276,2047
325,2283
248,1694
312,2255
361,2669
334,2487
290,2139
282,2073
285,2113
326,2320
316,2316
304,2153
291,2086
278,2074
298,2149
334,2437
354,2687
333,2365
338,2365
320,2366
299,2242
296,2176
324,2392
279,2071
289,2079
290,2094
310,2296
339,2492
290,2080
284,2067
368,2764
303,2223
293,2101
295,2100
293,2083
293,2158
281,1951
315,2392
286,2137
298,2088
274,2034
292,2172
288,2121
288,2020
287,2078
312,2191
283,2073
285,2075
285,2102
287,2091
300,2147
291,2080
284,2092
323,2371
291,2071
287,2031
319,2358
302,2164
301,2118
288,2135
343,2462
279,2083
305,2176
304,2155
307,2172
303,2108
292,2098
285,2075
295,2047
291,2157
329,2393
302,2179
292,2177
305,2190
290,2107
346,2663
329,2410
356,2673
302,2182
307,2220
298,2113
294,2174
310,2301
273,1947
289,2072
285,2075
299,2219
325,2280
282,2134
292,2160
295,2049
247,1794
292,2167
326,2487
390,2786
284,2090
284,2130
291,2035
287,2068
317,2336
298,2124
317,2302
314,2444
296,2140
287,2085
290,2065
275,1970
275,2065
291,2121
322,2390
302,2268
274,1948
319,2330
314,2344
314,2254
365,2593
287,2096
315,2330
285,2077
294,2207
307,2236
284,2092
355,2630
290,2109
296,2064
287,2144
286,2076
281,2079
295,2128
311,2207
310,2230
288,2101
310,2220
311,2302
296,2102
319,2350
313,2313
367,2712
313,2226
287,2070
318,2348
280,2058
394,3000
283,2145
294,2184
284,2067
289,2093
325,2455
303,2111
300,2209
330,2436
341,2493
283,2066
298,2114
293,2173
323,2429
285,2148
286,2083
305,2131
321,2398
280,2104
293,2120
298,2193
301,2180
284,2111
296,2090
291,2032
322,2428
288,2071
291,2047
283,2037
288,2080
298,2081
297,2088
307,2262
333,2414
298,2072
297,2163
292,2157
314,2344
327,2342
282,2082
292,2066
285,2082
294,2124
312,2268
303,2148
353,2640
315,2366
290,2073
303,2163
294,2128
301,2244
291,2165
295,2175
295,2270
277,2048
278,2133
380,2776
313,2353
319,2371
300,2122
293,2081
350,2655
316,2338
292,2052
327,2360
327,2354
293,2175
286,2054
299,2251
305,2185
307,2187
359,2710
274,2026
288,2066
324,2372
304,2184
286,2156
359,2710
275,2021
280,2091
316,2324
298,2111
293,2124
309,2197
303,2193
297,2101
317,2328
293,2079
291,2099
281,2075
289,2079
328,2409
295,2193
313,2298
289,2063
268,1942
290,2151
304,2159
314,2299
277,2067
293,2076
284,2077
318,2348
289,2112
295,2175
355,2679
401,2895
294,2092
295,2186
317,2344
346,2451
321,2306
316,2319
297,2094
285,2095
310,2201
290,2080
329,2410
288,2096
291,2123
312,2297
301,2166
283,2138
293,2098
310,2310
278,2108
296,2212
352,2605
345,2662
297,2177
284,2006
288,2094
309,2252
280,2037
312,2268
327,2430
298,2106
286,2078
290,2071
300,2159
309,2132
289,2112
295,2185
280,2136
318,2348
293,2188
326,2456
325,2459
324,2302
293,2173
302,2215
309,2301
333,2439
316,2307
345,2632
296,2133
357,2702
304,2195
311,2191
292,2036
327,2349
298,2123
301,2214
293,2112
286,2051
300,2202
340,2474
291,2173
310,2283
308,2251
307,2202
303,2168
354,2644
283,2071
291,2078
329,2490
280,2032
298,2241
302,2170
301,2244
296,2115
384,2780
293,2079
290,2141
301,2055
301,2084
292,2024
297,2210
300,2117
296,2176
283,2083
279,2035
282,2133
299,2184
281,2003
343,2496
286,2099
287,2167
280,2078
324,2391
316,2362
298,2073
336,2417
352,2558
298,2178
312,2232
288,2111
251,1697
387,2783
312,2192
319,2274
309,2225
306,2258
283,2039
308,2316
307,2217
287,2103
304,2141
324,2376
360,2647
295,2130
284,2055
360,2613
302,2119
316,2331
363,2653
302,2197
317,2385
292,2083
283,2068
375,2771
299,2277
311,2254
356,2562
280,2081
322,2300
273,2053
290,2120
372,2768
299,2167
305,2214
287,2070
286,2071
292,2156
296,2169
284,2036
285,2085
295,2152
294,2174
245,1691
304,2213
288,2078
513,3837
359,2612
297,2225
313,2319
277,2045
346,2633
270,1940
293,2046
298,2149
298,2250
356,2631
294,2104
358,2703
329,2375
287,2084
298,2086
293,2123
317,2381
296,2086
304,2149
300,2151
306,2186
314,2282
389,2785
292,2025
317,2347
321,2369
354,2667
294,2033
284,2064
280,2081
321,2383
286,2054
287,2087
310,2325
274,1944
315,2199
317,2344
317,2369
369,2654
362,2713
309,2218
318,2274
290,2132
303,2219
298,2090
299,2189
281,2037
299,2112
294,2120
261,1859
288,2136
302,2212
300,2180
394,2909
293,2152
326,2282
271,2083
297,2146
332,2419
282,2106
307,2223
288,2024
300,2216
354,2641
314,2282
294,2105
302,2110
285,2045
294,2118
384,2780
297,2092
365,2618
377,2773
290,2180
331,2450
286,2081
305,2156
398,3004
293,2085
321,2369
295,2144
304,2184
299,2151
299,2105
317,2368
327,2430
286,2054
290,2094
303,2183
281,1966
297,2177
302,2070
290,2125
319,2370
295,2270
280,2070
357,2662
258,1906
287,2106
284,2094
335,2399
305,2262
284,2097
307,2187
278,2049
281,2037
285,2129
295,2172
328,2374
343,2612
292,2167
293,2156
366,2782
382,2778
339,2500
353,2628
289,2145
397,3003
324,2375
364,2649
298,2124
338,2447
287,2182
281,2071
296,2176
289,2088
305,2248
302,2182
283,2091
330,2398
303,2246
315,2339
259,1907
291,2082
305,2262
296,2096
413,3077
314,2305
299,2164
299,2123
291,2138
287,2055
290,2100
297,2251
355,2688
280,2070
283,2058
327,2283
301,2093
296,2077
299,2169
304,2155
289,2084
286,2114
315,2322
274,2027
309,2294
295,2087
323,2350
298,2130
301,2181
319,2370
310,2267
292,2132
330,2371
338,2472
304,2112
287,2095
280,2137
289,2079
292,2105
294,2145
291,1986
290,2090
291,2078
382,2778
283,2058
292,2046
618,4583
296,2095
285,2061
309,2229
360,2681
312,2241
323,2375
295,2094
303,2160
292,2118
287,2097
457,3369
316,2307
519,3843
302,2151
288,2099
296,2209
289,2151
303,2169
293,2194
310,2280
303,2183
304,2205
295,2132
298,2090
275,2065
284,2076
311,2263
299,2087
292,2155
286,2100
298,2191
283,2128
279,1964
292,2117
278,2068
297,2187
283,2005
286,2132
290,2077
301,2181
291,2118
280,2070
292,2082
287,2153
305,2215
313,2302
415,3079
296,2176
278,2070
291,2153
301,2100
291,2133
317,2302
307,2192
308,2188
294,2083
312,2202
348,2638
265,1939
285,2050
312,2339
284,2075
281,2081
361,2712
302,2197
305,2435
284,2100
277,2009
303,2213
300,2180
284,2055
275,2065
303,2146
286,2119
288,2100
299,2179
315,2293
300,2151
333,2436
282,2060
411,3058
298,2166
283,2102
319,2361
298,2241
299,2051
527,3851
301,2210
343,2466
297,2125
301,2157
251,1697
294,2051
326,2456
290,2080
326,2388
271,1990
301,2191
316,2226
303,2131
291,2081
318,2296
388,2784
391,2885
305,2065
292,2190
280,2028
299,2099
280,1954
307,2250
300,2278
363,2616
278,2056
291,2047
288,2101
359,2710
272,1957
278,2083
321,2306
292,2246
285,2136
291,2142
310,2250
290,2090
283,2132
285,2077
288,2198
317,2357
284,2025
278,2061
302,2245
287,2052
296,2061
317,2324
289,2112
278,2000
287,2129
313,2335
383,2779
369,2575
308,2274
293,2184
279,2071
395,2889
329,2351
319,2406
301,2197
305,2257
293,2167
285,2075
278,2068
287,2146
606,4605
296,2128
371,2722
321,2346
370,2721
291,2101
286,2116
292,2098
352,2673
295,2085
292,2193
293,2099
310,2321
299,2277
319,2361
338,2443
303,2063
260,1807
309,2252
378,2774
360,2693
292,2060
299,2164
289,2079
297,2210
326,2334
364,2715
358,2666
302,2182
279,2012
367,2783
280,2077
392,2788
343,2446
304,2164
288,2086
297,2110
277,2033
301,2181
279,2069
289,2079
306,2200
289,2070
327,2389
297,2116
296,2064
291,2142
329,2380
281,2050
300,2180
302,2211
317,2369
294,2174
315,2366
299,2133
273,1988
359,2710
312,2255
319,2367
298,2111
289,2146
301,2300
304,2334
304,2215
367,2718
350,2611
284,2117
301,2181
298,2171
280,2103
275,2007
296,2176
280,2070
342,2494
295,2027
311,2296
369,2644
330,2357
354,2705
282,2018
293,2101
288,2144
285,2068
291,2062
293,2069
285,2075
327,2430
300,2330
282,2047
293,2037
303,2159
301,2138
300,2081
303,2216
295,2175
295,2154
286,2111
295,2249
291,2091
278,2076
272,2037
304,2177
294,2195
342,2461
301,2181
279,2060
294,2094
298,2157
297,2120
410,3074
284,2106
295,2150
348,2609
277,2078
281,2134
302,2041
321,2373
324,2346
292,2089
344,2657
288,2144
280,2054
289,2072
359,2565
283,2151
278,1948
402,3008
339,2458
320,2382
309,2252
287,2122
283,2052
297,2110
300,2106
313,2223
302,2078
305,2200
298,2218
336,2423
263,1948
277,1999
294,2104
392,2788
296,2205
286,2142
324,2351
328,2437
311,2191
370,2721
316,2324
305,2245
291,2137
315,2329
316,2330
368,2784
308,2188
299,2167
292,2177
388,2784
297,2240
326,2365
298,2192
289,2099
300,2209
293,2137
319,2313
292,2080
283,2138
327,2366
291,2147
424,3088
364,2715
281,2108
300,2145
390,2884
361,2712
279,2109
303,2187
317,2347
302,2316
291,2056
295,2076
279,2066
304,2213
357,2509
279,2067
388,2784
312,2222
288,2120
296,2176
297,2197
291,2135
331,2453
281,2082
298,2241
289,2084
301,2134
329,2381
305,2111
289,2243
277,1947
297,2129
306,2330
283,2054
279,1952
295,2104
301,2107
291,2107
279,2069
321,2372
279,2050
290,2158
364,2688
285,2141
286,2135
308,2266
385,2781
296,2145
362,2716
280,2026
289,2114
344,2619
440,3352
289,2105
319,2305
288,2089
294,2146
284,2128
295,2175
298,2109
294,2059
325,2319
295,2150
309,2263
282,2143
332,2393
287,2102
601,4600
288,2158
302,2182
277,2077
283,2078
301,2101
396,3002
332,2435
298,2092
306,2200
227,1581
330,2411
289,2099
281,2046
293,2045
297,2240
267,1937
331,2408
312,2268
301,2217
322,2277
262,1860
303,2159
398,2989
295,2112
288,2089
341,2616
284,2081
272,2076
280,2066
329,2396
297,2116
383,2877
295,2095
285,2134
300,2083
381,2777
299,2132
284,2064
303,2276
300,2202
315,2339
305,2185
378,2774
300,2180
299,2094
289,2099
283,2015
286,2087
360,2684
278,2043
604,4603
293,2137
287,2091
303,2259
319,2341
281,2105
361,2706
333,2395
333,2436
275,1949
278,2071
286,2069
324,2330
293,2089
297,2072
290,2134
300,2210
312,2255
375,2771
352,2558
291,2159
281,2046
288,2094
289,2079
300,2174
315,2348
328,2376
289,2041
290,2087
310,2216
304,2247
296,2176
314,2243
293,2173
370,2721
296,2065
315,2337
359,2680
288,2153
323,2350
293,2110
288,2178
298,2188
361,2712
369,2693
309,2135
329,2416
300,2134
316,2367
304,2247
310,2313
301,2180
321,2346
303,2165
301,2195
445,3256
296,2127
303,2171
390,2905
296,2090
382,2778
284,2112
292,2139
290,2256
379,2775
311,2321
359,2710
308,2188
335,2438
283,2071
352,2669
306,2216
275,2076
276,2059
295,2190
281,2071
375,2771
283,2077
313,2222
298,2037
294,2128
291,2184
300,2190
599,4598
360,2673
308,2163
285,2054
284,2114
276,2056
331,2382
320,2372
284,2079
280,2107
294,2117
397,3003
308,2219
297,2177
330,2345
297,2265
278,2075
303,2116
291,2081
311,2266
366,2594
282,2083
321,2383
348,2470
301,2076
289,2129
315,2258
347,2568
327,2446
271,2066
291,2027
293,2173
341,2466
402,3008
337,2446
313,2305
303,2246
306,2174
280,2103
304,2170
321,2362
298,2192
309,2220
283,2128
301,2075
314,2270
308,2332
292,2192
297,2097
288,2078
221,1575
297,2103
315,2334
282,2068
300,2166
291,2064
382,2778
324,2351
314,2185
292,2098
325,2281
296,2120
332,2466
287,2115
348,2609
261,1859
307,2264
289,2141
280,2080
281,2108
309,2278
300,2191
294,2174
291,2081
335,2397
287,2131
372,2723
286,2117
281,2065
284,2077
294,2185
326,2333
306,2249
403,3050
295,2051
279,2036
290,2085
296,2161
636,4842
340,2501
400,2915
290,2091
297,2054
299,2242
343,2466
340,2463
355,2679
373,2697
315,2258
295,2165
346,2499
323,2400
316,2364
282,2036
287,2095
307,2265
282,2072
291,2010
319,2326
316,2357
301,2217
297,2120
300,2128
287,2020
280,2026
298,2109
284,2112
323,2435
296,2070
289,2094
312,2241
258,1906
298,2121
281,2111
357,2708
323,2279
279,2084
320,2368
306,2219
357,2678
337,2446
314,2257
289,2082
296,2101
283,2139
312,2192
299,2134
336,2416
297,2182
292,2105
292,2116
302,2168
210,1489
297,2149
291,2081
278,2000
293,2093
295,2188
284,2090
293,2158
290,2071
271,2036
307,2227
285,2083
307,2171
291,2088
301,2069
299,2043
308,2132
281,2066
298,2207
451,3262
283,2031
300,2108
346,2615
317,2350
283,2063
302,2190
277,2070
272,2020
289,2097
304,2147
306,2171
288,2134
295,2270
295,2095
293,2159
342,2655
293,2071
289,2072
308,2188
233,1587
294,2102
300,2126
317,2358
337,2389
315,2228
293,2112
285,1980
355,2583
270,1940
376,2792
287,2087
303,2134
288,2078
372,2726
292,2070
333,2360
295,2085
259,1857
281,2059
284,2040
288,2140
301,2124
294,2054
279,2069
309,2252
287,2019
294,2085
299,2115
310,2310
295,2090
305,2161
298,2193
301,2172
320,2335
294,2051
316,2364
294,2159
292,2052
299,2113
286,2113
319,2228
219,1573
315,2273
302,2218
337,2398
340,2615
303,2246
280,2061
279,2065
308,2281
294,2169
296,2082
383,2779
323,2308
295,2055
406,3012
274,1989
291,2156
279,2062
290,2034
324,2331
285,1980
289,2157
285,2041
308,2153
403,2897
284,2062
281,2064
451,3363
312,2301
287,2077
306,2130
280,2078
296,2153
303,2109
320,2314
300,2243
293,2081
300,2275
336,2363
302,2158
301,2040
302,2090
290,2104
277,2078
374,2770
298,2089
299,2184
345,2566
296,2122
279,2106
279,1949
285,2053
274,2122
325,2328
311,2312
296,2101
295,2180
303,2203
311,2195
321,2369
280,2107
319,2371
295,2139
301,2163
286,2090
276,1971
298,2112
327,2439
346,2667
282,2065
300,2168
288,2118
283,2061
325,2373
296,2112
290,2151
289,2072
300,2216
286,2092
300,2273
301,2199
286,2067
281,2025
284,2076
314,2336
618,4617
276,2017
308,2185
334,2457
299,2104
383,2779
294,2174
286,2143
297,2240
301,2109
333,2438
355,2642
290,2141
328,2447
339,2458
297,2209
337,2405
376,2772
322,2346
300,2166
288,2085
309,2439
323,2353
342,2494
396,3002
334,2382
286,2135
294,2139
310,2301
368,2719
282,2078
290,2172
282,1956
293,2173
283,2112
283,2081
302,2195
288,2085
319,2334
284,2075
360,2668
302,2182
306,2155
301,2178
322,2386
313,2222
313,2282
370,2786
348,2609
300,2216
292,2192
297,2132
298,2104
292,2137
325,2377
293,2102
283,2036
287,2035
311,2224
290,2118
297,2149
293,2173
294,2099
301,2199
325,2406
306,2169
296,2216
392,2788
277,2009
286,2131
302,2167
629,4835
291,2147
307,2227
299,2165
300,2088
282,1952
293,2159
280,2024
288,2048
346,2455
288,2078
293,2083
289,2145
296,2086
299,2242
304,2220
317,2344
370,2786
310,2264
282,2060
336,2404
354,2629
292,2139
291,2157
297,2177
281,2067
304,2179
300,2243
338,2371
310,2210
298,2147
394,2985
298,2051
303,2269
363,2616
286,2062
329,2356
302,2125
290,2147
292,2123
279,2062
301,2267
322,2316
305,2248
295,2175
298,2143
303,2183
295,2165
287,2106
291,2171
328,2408
292,2084
294,2105
296,2157
315,2225
296,2176
304,2184
318,2325
367,2721
325,2347
309,2189
294,2075
299,2265
279,2035
300,2123
298,2214
286,2083
278,2058
295,2139
285,2140
301,2110
323,2301
292,2098
304,2147
371,2725
295,2063
284,2106
282,2088
289,2146
312,2255
334,2495
285,2115
285,2108
301,2244
322,2431
316,2346
316,2335
296,2189
291,2081
295,2051
292,2083
305,2190
290,2125
314,2193
298,2066
310,2189
312,2344
296,2088
319,2371
300,2173
294,2159
295,2048
291,2027
310,2266
310,2190
321,2307
325,2332
365,2716
298,2098
302,2106
286,2117
281,2087
316,2319
277,2067
294,2079
295,2141
330,2449
289,2077
320,2371
300,2111
325,2377
292,2148
287,2079
641,4847
374,2770
301,2244
291,2086
305,2283
299,2116
305,2216
290,2107
323,2369
305,2225
298,2107
280,2070
281,1951
301,2143
345,2658
309,2273
288,2150
314,2202
295,2175
312,2304
293,2184
318,2366
317,2348
292,2082
290,2185
329,2432
293,2093
283,2105
295,2273
302,2115
279,2090
281,1955
417,3064
291,2108
331,2484
615,4580
347,2664
318,2319
278,2068
324,2334
328,2379
323,2400
304,2096
311,2341
334,2603
302,2159
308,2299
285,2059
288,2117
310,2204
306,2172
285,2096
294,2117
333,2381
340,2615
301,2181
296,2206
277,2105
330,2378
450,3362
280,2070
313,2281
330,2378
283,2074
295,2031
308,2251
359,2710
359,2710
307,2187
298,2159
287,2106
304,2164
288,2114
325,2405
289,2264
290,2073
290,2070
284,2067
286,2070
287,2113
291,2079
297,2134
284,2088
278,2056
311,2254
291,2056
298,2127
307,2220
333,2381
288,2078
305,2175
299,2144
311,2353
334,2386
295,2183
292,2084
305,2124
290,2147
296,2124
266,1864
330,2349
288,2062
308,2309
295,2175
300,2109
294,2155
308,2318
290,2075
374,2770
303,2154
278,2079
328,2405
632,4838
295,2160
389,2785
279,1953
258,1906
377,2731
309,2219
292,2137
516,3840
297,2140
308,2298
377,2773
303,2204
294,2248
374,2725
332,2373
337,2446
275,2021
293,2139
348,2623
298,2151
316,2368
283,2128
288,2089
292,2182
324,2386
303,2267
337,2440
285,2058
279,2106
288,2111
284,2112
285,2098
289,2120
295,2238
295,2196
356,2641
293,2184
302,2172
347,2660
288,2089
285,2093
293,2173
281,2081
297,2210
291,2088
331,2484
288,2097
355,2630
332,2396
298,2087
311,2300
334,2328
296,2140
333,2456
296,2176
293,2130
386,2782
318,2274
293,2178
291,2153
283,2089
378,2774
299,2155
295,2160
303,2097
303,2259
295,2207
280,2064
292,2192
291,2184
357,2626
334,2443
300,2097
296,2056
292,2082
297,2141
300,2243
296,2176
285,2142
324,2433
322,2291
292,2044
406,3070
289,2105
301,2244
284,2060
320,2350
282,2087
331,2398
400,3006
322,2313
279,2102
281,2055
349,2570
281,2059
290,2158
276,2062
324,2302
386,2880
283,2066
286,2117
279,2069
287,2077
305,2185
370,2724
280,2070
275,2067
298,2135
324,2280
287,2096
323,2350
317,2336
288,2085
318,2274
290,2137
321,2451
294,2187
306,2169
302,2181
289,2179
295,2150
308,2188
297,2080
318,2261
299,2151
289,2126
322,2368
300,2133
292,2205
301,2176
314,2194
294,2174
295,2147
336,2417
278,2072
364,2715
300,2180
301,2214
288,2088
324,2280
370,2721
330,2308
304,2148
284,2115
292,2182
277,2042
308,2350
299,2144
327,2352
291,2187
303,2302
293,2099
303,2257
287,2097
287,2092
285,2108
294,2122
290,2075
292,2120
361,2674
285,2075
284,2074
290,2044
290,2090
320,2384
288,2096
362,2716
287,2068
288,2071
288,2137
305,2271
298,2163
372,2723
291,2032
296,2170
292,2045
331,2383
291,2077
296,2206
293,2173
289,2081
281,2071
308,2188
270,1944
289,2079
288,2122
298,2241
283,2095
362,2707
293,2081
314,2292
279,2069
271,1956
297,2122
340,2561
318,2359
301,2211
300,2123
302,2179
297,2177
293,2213
290,2034
301,2107
290,2096
309,2194
327,2358
282,2088
300,2133
295,2146
282,2026
298,2163
404,2898
293,2058
292,2162
284,2100
287,2115
296,2064
348,2669
277,2067
291,2092
278,1993
305,2215
284,2092
314,2315
298,2121
325,2347
294,2100
320,2284
319,2229
311,2254
361,2630
305,2171
298,2264
297,2119
293,2153
302,2170
236,1682
306,2249
296,2178
400,2894
296,2166
289,2122
293,2032
294,2174
297,2190
314,2224
277,2067
302,2165
293,2088
318,2343
297,2097
318,2303
629,4835
292,2152
619,4584
283,2078
280,2092
285,2133
322,2323
295,2084
330,2337
329,2380
283,2069
356,2609
307,2263
322,2409
303,2255
325,2428
331,2346
310,2266
305,2248
286,2076
300,2179
323,2410
284,2141
329,2339
282,2097
298,2178
374,2790
279,2015
288,2111
451,3262
284,2016
449,3361
357,2662
296,2112
298,2117
296,2110
281,2058
322,2383
514,3838
318,2258
278,2068
314,2194
295,2060
277,2089
290,2185
612,4577
290,2132
287,2068
289,2080
297,2123
285,2129
298,2144
298,2153
287,2101
279,2069
307,2276
281,2062
316,2324
311,2275
374,2725
309,2189
390,2905
273,1943
354,2560
283,2074
290,2078
297,2240
309,2221
294,2098
333,2340
325,2386
340,2465
291,2023
298,2115
297,2249
301,2101
277,1947
294,2117
369,2644
309,2316
279,2052
287,2118
296,2129
291,2156
293,2099
280,2045
286,2087
289,2116
293,2101
332,2493
295,2114
300,2164
291,2140
347,2622
300,2159
291,2074
307,2318
317,2426
363,2714
283,2113
286,2032
292,2073
326,2367
290,2145
300,2039
287,2077
282,2067
296,2086
291,2043
306,2148
292,2082
271,1956
291,2079
317,2230
298,2159
311,2220
302,2192
307,2205
294,2143
329,2390
338,2613
332,2384
291,2091
310,2253
270,1868
312,2354
290,2152
299,2164
308,2308
300,2177
283,2130
297,2177
385,2781
287,2056
291,2207
302,2149
317,2368
297,2275
327,2378
313,2298
298,2107
358,2675
305,2185
289,2081
329,2396
330,2449
286,2146
313,2443
296,2152
294,2122
301,2124
294,2078
292,2235
295,2088
335,2454
357,2610
405,2920
297,2049
355,2561
315,2354
282,1956
291,2059
295,2166
286,2117
289,2123
311,2321
297,2225
300,2157
346,2633
337,2418
308,2188
304,2184
308,2204
294,2154
289,2106
284,2090
327,2342
289,2179
282,2109
288,2147
306,2270
283,2089
271,2027
285,2066
325,2332
279,2020
278,2034
301,2152
295,2086
303,2243
318,2274
301,2084
305,2198
287,2084
307,2187
314,2325
313,2269
309,2263
311,2296
375,2771
322,2291
271,2015
285,2073
313,2269
290,2073
279,2080
308,2251
294,2143
217,1571
297,2159
313,2265
329,2368
333,2467
300,2076
290,2071
288,2040
289,2083
361,2669
319,2370
289,2105
293,2158
312,2221
283,2084
293,2157
287,2077
301,2166
399,2914
315,2300
341,2610
279,2080
280,2110
292,2137
335,2454
311,2269
307,2217
286,1956
319,2365
294,2063
285,2086
283,2092
288,2168
296,2088
319,2310
303,2174
284,2074
279,2069
293,2084
296,2104
296,2250
282,2095
272,2028
395,2791
308,2228
316,2331
284,2058
305,2201
300,2140
298,2104
288,2071
325,2430
446,3358
312,2374
330,2378
328,2350
292,2125
313,2303
289,2144
310,2198
338,2463
316,2285
286,2061
288,2119
398,2892
305,2129
276,1998
289,2080
287,2115
289,2177
298,2111
294,2207
364,2688
294,2098
281,2072
372,2768
330,2370
289,2144
288,2123
299,2059
283,2036
275,2070
290,2172
293,2093
296,2191
289,2133
290,2073
278,1973
289,2118
244,1791
285,2085
336,2398
281,2071
289,2157
321,2383
280,1995
289,2123
326,2333
353,2674
336,2439
339,2401
299,2199
301,2211
330,2433
308,2182
304,2178
289,2064
395,2910
268,1938
319,2304
395,2791
279,2090
308,2173
358,2633
284,2025
299,2105
312,2255
327,2375
300,2106
289,2134
292,2086
286,2038
287,2106
296,2050
309,2189
300,2254
294,2077
325,2376
280,2021
356,2643
285,2148
290,2100
281,2094
292,2134
354,2615
289,2080
294,2105
305,2280
312,2221
323,2362
282,2015
280,2037
325,2377
316,2308
280,2060
322,2403
283,2139
321,2313
328,2368
442,3253
293,2088
297,2139
300,2243
326,2393
297,2179
281,2071
305,2195
301,2241
418,3082
316,2338
315,2208
295,2175
302,2157
294,2184
283,2092
280,2070
299,2155
286,2176
312,2298
301,2169
340,2463
330,2435
278,2061
312,2442
295,2123
292,2172
302,2135
334,2328
279,2069
354,2644
308,2174
530,3854
303,2183
332,2441
312,2207
289,2120
317,2368
302,2093
314,2270
309,2222
285,2091
291,2122
320,2276
288,2110
270,2053
321,2278
282,2076
298,2241
363,2591
317,2257
286,2130
304,2247
276,2017
298,2126
316,2272
303,2232
292,2065
376,2772
293,2158
341,2446
301,2211
286,2145
298,2122
290,2109
297,2162
340,2443
340,2627
281,2052
293,2161
321,2306
333,2413
292,2036
280,2070
298,2063
285,2077
322,2409
311,2322
278,2073
323,2403
525,3849
386,2782
303,2168
286,2143
294,2117
304,2214
304,2303
287,2093
312,2192
644,4850
284,2070
326,2341
348,2669
292,2151
280,2080
295,2083
371,2704
275,1948
287,2039
364,2709
328,2328
302,2159
327,2404
356,2584
312,2255
292,2185
297,2105
315,2330
316,2259
299,2085
325,2373
300,2243
309,2152
295,2175
310,2223
615,4580
300,2065
344,2649
306,2321
279,2107
289,2099
333,2381
285,2127
307,2098
286,2078
302,2102
300,2243
286,2118
297,2139
283,2073
312,2320
286,2076
283,2016
301,2180
286,2117
331,2379
314,2270
297,2144
300,2089
335,2422
297,2208
287,2133
328,2376
289,2067
294,2174
292,2070
285,2097
307,2158
291,2088
302,2165
304,2258
320,2382
297,2116
296,2118
284,1957
295,2161
317,2381
297,2240
282,2070
289,2102
319,2367
299,2107
352,2580
311,2302
350,2637
298,2144
282,2082
297,2057
287,2134
314,2205
310,2223
280,2113
288,2096
377,2773
294,2116
275,2065
354,2615
517,3841
313,2352
288,2041
281,2072
360,2588
282,2086
314,2444
335,2415
319,2346
327,2379
295,2151
313,2271
320,2249
285,2101
358,2564
357,2708
362,2713
361,2712
290,2165
292,2149
299,2242
322,2399
287,2083
282,2109
454,3366
286,2076
300,2132
291,2081
303,2135
281,2046
282,2076
299,2179
298,2037
292,2157
308,2286
345,2506
317,2350
298,2164
298,2160
295,2175
285,2056
332,2413
305,2306
298,2154
311,2251
382,2778
311,2205
372,2600
305,2248
329,2307
278,2034
305,2185
331,2443
364,2715
293,2125
287,2103
321,2385
290,2083
321,2433
299,2228
327,2346
332,2380
412,3059
279,2080
320,2290
310,2335
324,2404
299,2064
308,2272
307,2051
374,2770
304,2214
359,2710
345,2650
299,2211
315,2270
302,2212
280,2063
301,2070
377,2793
295,2137
282,2109
304,2197
306,2219
303,2154
270,1944
287,2177
339,2462
314,2282
284,2085
296,2176
337,2462
362,2647
298,2042
287,2095
300,2115
332,2409
415,3062
304,2204
306,2171
293,2173
295,2125
259,1907
289,2045
284,2074
331,2316
334,2437
311,2254
342,2445
309,2225
298,2241
293,2157
295,2129
271,1869
295,2144
286,2148
275,2076
282,2108
287,2124
297,2275
358,2633
334,2361
299,2242
291,2088
354,2667
303,2143
342,2659
284,2129
285,2136
313,2215
280,2048
289,2089
275,2056
306,2066
347,2608
296,2094
322,2280
283,2138
308,2127
300,2201
290,2046
374,2770
296,2248
304,2168
288,2096
317,2302
346,2498
294,2207
299,2242
295,2175
288,2057
296,2176
338,2460
294,2168
318,2340
295,2197
302,2211
293,2173
348,2609
318,2309
313,2283
295,2118
615,4580
315,2192
297,2110
287,2093
279,2044
293,2116
308,2188
308,2173
283,2127
410,3057
281,2049
299,2096
275,1970
302,2256
296,2143
296,2088
303,2148
286,2069
299,2155
311,2314
258,1856
291,2079
298,2241
332,2455
315,2357
311,2333
271,2061
292,2044
299,2272
311,2204
294,2143
327,2446
314,2270
261,1808
278,2083
282,2082
356,2617
303,2271
292,2152
279,2056
290,2096
297,2107
294,2204
300,2212
293,2050
297,2097
280,2036
353,2704
331,2440
314,2353
309,2277
331,2382
300,2083
286,2076
279,2048
289,2105
323,2337
294,2145
297,2177
293,2159
364,2697
327,2375
309,2202
355,2688
293,2268
286,2143
304,2328
637,4843
315,2194
290,2066
527,3851
282,2074
312,2225
282,2134
277,2067
295,2086
297,2085
336,2470
321,2382
354,2671
285,2134
293,2178
295,2132
292,2082
311,2341
292,2149
445,3256
283,2074
280,2060
279,2031
310,2266
310,2299
296,2208
307,2187
321,2427
291,2083
324,2372
299,2164
392,2788
304,2149
279,2069
285,2108
351,2572
290,2141
286,2091
345,2464
284,2074
316,2326
385,2900
259,1907
290,2042
289,2086
290,2070
277,2067
280,2081
317,2339
322,2355
296,2209
318,2304
303,2136
294,2139
310,2279
297,2126
317,2357
311,2217
305,2248
283,2043
303,2219
288,2061
291,2100
309,2300
301,2111
331,2377
312,2205
327,2319
283,2111
351,2557
290,2103
291,2171
323,2410
298,2264
322,2434
349,2570
284,2084
286,2114
297,2116
285,1955
304,2260
310,2340
289,2080
316,2446
285,2073
283,2064
384,2780
282,2051
304,2163
333,2455
310,2190
285,2066
291,2118
360,2677
309,2211
305,2198
309,2310
298,2241
303,2213
300,2131
291,2166
279,2083
321,2433
293,2103
292,2149
332,2435
306,2095
361,2614
283,2077
295,2110
299,2087
296,2101
370,2721
332,2384
274,2043
290,2095
342,2663
286,2059
281,2055
285,2017
357,2681
301,2244
288,2071
284,2103
300,2152
286,2078
395,2910
304,2184
289,2041
316,2368
313,2303
308,2263
291,2171
289,2072
325,2455
361,2715
295,2111
298,2154
342,2663
286,2117
601,4566
299,2156
294,2088
280,2076
289,2134
324,2331
306,2186
305,2248
271,1956
303,2259
278,2078
279,2011
289,2057
280,2061
330,2352
293,2186
341,2493
360,2711
315,2258
298,2093
375,2771
310,2194
314,2230
310,2220
279,2012
329,2380
311,2312
304,2199
313,2222
342,2369
319,2308
306,2186
260,1858
294,2128
364,2617
380,2776
315,2271
290,2138
295,2132
297,2149
308,2323
291,2120
321,2369
311,2191
303,2318
295,2191
307,2227
297,2170
293,2150
407,2998
283,2071
334,2453
298,2106
319,2367
295,2175
326,2333
296,2121
306,2260
287,2110
295,2108
301,2181
312,2205
278,2131
305,2233
282,2068
330,2345
297,2190
307,2164
290,2095
310,2198
303,2128
280,2070
270,2082
285,2075
421,3085
291,2089
378,2774
310,2350
309,2182
287,2061
288,2065
376,2772
290,2043
279,2065
334,2382
340,2615
298,2186
350,2571
292,2108
282,2095
292,2158
295,2177
304,2117
326,2460
317,2341
293,2193
343,2656
286,2069
284,2108
294,2157
626,4591
315,2199
307,2197
313,2377
281,2105
355,2679
392,2788
294,2086
288,2135
295,2101
294,2204
302,2099
291,2142
282,2047
305,2305
303,2096
331,2353
293,2118
317,2306
295,2100
322,2337
282,2130
361,2682
284,2141
414,3061
330,2455
280,2091
298,2173
292,2052
330,2394
283,2029
310,2266
301,2244
295,2195
277,2058
292,2139
277,2013
315,2228
384,2780
304,2186
314,2278
308,2124
296,2176
305,2165
356,2680
288,2024
287,2114
329,2463
300,2193
288,2020
402,2917
313,2316
383,2779
298,2196
218,1572
289,2079
293,2099
302,2214
309,2152
358,2643
297,2120
291,2122
288,2092
302,2245
282,2091
280,2070
290,2012
324,2433
282,2110
296,2112
305,2148
309,2103
297,2177
291,2148
292,2060
304,2064
368,2643
362,2707
286,2091
293,2110
322,2431
294,2147
331,2437
300,2243
315,2354
333,2381
290,2109
351,2572
303,2093
316,2272
309,2175
291,2171
284,2114
278,2070
409,3073
332,2396
305,2215
320,2368
327,2283
292,2136
285,2078
316,2285
377,2773
313,2335
349,2618
268,1866
258,1856
298,2131
371,2722
315,2322
284,2088
297,2187
294,2147
339,2473
325,2434
304,2169
369,2720
342,2423
284,2136
318,2325
311,2190
320,2277
315,2271
298,2143
288,2082
335,2457
312,2344
367,2652
281,2034
279,2062
312,2255
278,2108
294,2092
286,2111
299,2088
368,2719
308,2181
279,2044
394,2888
328,2447
283,2127
304,2197
294,2079
326,2377
354,2678
356,2617
291,2081
316,2225
290,2107
272,2016
277,2042
344,2657
316,2331
331,2399
235,1681
354,2629
328,2440
289,2171
337,2385
298,2218
312,2222
292,2067
289,2083
317,2350
369,2720
277,2034
285,2090
309,2319
314,2320
385,2781
284,2090
288,2111
318,2337
290,2158
305,2142
305,2311
329,2336
395,2910
275,2065
292,2185
282,2110
273,1968
294,2174
338,2607
288,2029
298,2241
278,2068
345,2650
290,2127
323,2432
388,2784
298,2199
389,2785
325,2486
279,2063
282,2133
284,2133
298,2144
290,2127
284,2128
294,2145
290,2109
356,2584
287,2073
303,2278
282,2072
385,2781
324,2385
294,2099
323,2333
291,2176
315,2231
279,2074
323,2350
280,2085
287,2144
286,2043
331,2382
302,2254
305,2259
304,2151
297,2041
341,2493
281,2077
294,2090
286,2094
372,2680
303,2260
303,2246
294,2088
291,2010
300,2162
288,2093
292,2073
270,1940
277,2067
301,2154
292,2108
311,2352
403,3067
297,2249
306,2157
306,2274
319,2229
389,2980
291,2116
236,1682
309,2284
287,2077
290,2170
306,2292
290,2117
291,2131
307,2138
281,2078
325,2347
299,2067
313,2316
288,2158
301,2106
286,2113
298,2125
255,1802
279,2069
396,2890
292,2157
297,2177
289,2087
304,2261
292,2174
295,2034
311,2224
286,2080
316,2294
318,2366
278,2061
302,2245
294,2168
354,2659
275,2065
286,2067
286,2022
285,2090
294,2145
291,2143
314,2224
278,2034
290,2124
321,2402
287,2100
306,2314
291,2153
293,2135
313,2223
291,2082
302,2301
278,2058
294,2054
288,2092
288,2118
369,2765
315,2284
284,2099
313,2425
278,2068
300,2243
305,2168
307,2322
610,4575
299,2136
327,2449
292,2086
299,2192
329,2409
441,3252
327,2378
633,4839
295,2161
298,2147
289,2126
357,2632
351,2659
288,2104
289,2145
287,2039
282,2077
336,2641
271,2061
282,2066
257,1804
297,2153
298,2072
282,2035
279,2085
304,2270
330,2435
354,2699
298,2155
321,2433
286,2078
288,2097
372,2726
283,2073
335,2396
313,2222
343,2452
288,2100
309,2252
329,2380
284,2072
299,2141
302,2153
287,2111
284,2097
332,2339
280,1950
298,2157
411,3075
322,2344
290,2099
296,2104
284,2106
301,2153
285,2076
296,2064
307,2184
307,2219
285,2066
306,2270
299,2167
284,2135
328,2379
295,2195
281,2094
298,2089
275,1990
307,2167
298,2155
296,2082
303,2159
224,1578
312,2318
313,2269
308,2264
281,2069
360,2711
298,2155
279,2060
311,2254
302,2208
299,2091
301,2156
290,2127
291,2156
315,2306
369,2622
288,1973
307,2227
284,2119
290,2132
319,2367
298,2111
305,2233
296,2209
293,2135
284,2114
339,2461
304,2184
315,2355
296,2176
294,2174
318,2369
286,2099
295,2089
362,2713
291,2234
296,2156
278,2032
298,2121
305,2269
323,2301
292,2090
393,2887
320,2342
322,2383
315,2255
293,2183
302,2108
279,2036
290,2080
327,2379
322,2291
279,2027
297,2120
285,2041
311,2175
315,2342
287,2079
254,1801
331,2436
306,2249
319,2449
308,2173
285,2073
298,2111
288,2096
280,2012
299,2107
289,2136
295,2049
286,2067
290,2067
312,2196
290,2081
284,2072
315,2271
295,2140
297,2129
333,2374
290,2137
310,2189
289,2028
347,2634
289,2042
333,2394
335,2383
215,1569
284,2055
280,2075
312,2185
276,2086
306,2262
306,2089
301,2185
302,2088
297,2111
336,2384
282,2004
313,2303
286,2081
301,2214
296,2113
371,2722
353,2574
330,2394
301,2189
320,2371
608,4573
298,2214
283,2064
297,2177
296,2161
355,2583
285,2066
315,2379
289,2136
290,2147
292,2082
357,2610
292,2072
306,2317
311,2296
303,2214
282,2106
301,2095
301,2197
293,2058
284,2089
309,2301
295,2175
272,2100
290,2090
282,2079
286,2046
296,2109
324,2349
304,2213
289,2095
408,3072
311,2254
304,2048
275,2053
297,2101
362,2713
263,1861
311,2221
308,2299
350,2640
285,2098
298,2147
316,2364
293,2168
330,2453
298,2146
280,2063
329,2377
346,2469
303,2132
614,4613
322,2403
319,2283
312,2255
312,2320
309,2152
334,2495
317,2348
321,2369
360,2714
278,1951
302,2275
309,2267
279,2047
315,2258
290,2087
443,3355
297,2240
312,2342
304,2087
285,2117
298,2030
288,2076
327,2354
321,2446
344,2649
316,2355
294,2174
280,2070
317,2302
301,2091
327,2283
337,2654
333,2439
299,2118
288,2085
289,2098
334,2440
279,2044
296,2035
295,2188
342,2447
296,2216
277,2067
295,2128
328,2392
310,2194
286,2092
311,2221
296,2176
346,2468
285,2137
275,2065
290,2055
324,2354
371,2722
293,2161
319,2235
279,2069
315,2334
303,2243
316,2259
286,2076
300,2216
296,2101
316,2331
309,2174
289,2120
314,2353
371,2725
330,2449
272,1957
280,2040
280,2090
328,2355
281,2085
299,2242
368,2719
322,2292
372,2723
331,2372
304,2270
302,2245
297,2152
318,2304
305,2170
290,2081
290,2132
276,2106
291,2103
320,2397
334,2486
317,2287
350,2637
363,2650
309,2221
286,2069
278,1993
311,2302
294,2048
331,2358
290,2080
321,2345
289,2097
331,2379
303,2182
298,2076
323,2371
283,2127
314,2305
281,2062
292,2114
282,2108
320,2382
329,2307
303,2196
315,2326
281,2046
289,2035
308,2188
310,2268
297,2090
330,2398
316,2271
289,2102
324,2349
461,3373
345,2632
283,2069
288,2088
379,2775
294,2138
299,2104
297,2157
329,2377
291,2119
318,2342
314,2287
326,2451
297,2199
318,2358
298,2079
306,2249
388,2994
312,2327
318,2261
299,2150
324,2354
303,2183
286,2119
326,2374
366,2717
288,2078
298,2157
293,2149
303,2269
308,2221
288,2066
293,2153
292,2143
289,2094
333,2397
307,2187
299,2179
290,2121
292,2155
309,2222
292,2096
321,2401
305,2205
292,2149
291,2257
273,2057
323,2330
291,2072
290,2080
291,2074
365,2689
280,2070
342,2494
290,2096
298,2193
279,2065
360,2588
283,2111
295,2066
297,2185
304,2328
323,2356
294,2046
284,2129
301,2214
357,2670
320,2311
286,2072
279,2065
302,2182
285,2071
299,2059
281,1951
293,2189
444,3356
296,2053
376,2792
322,2292
331,2440
316,2272
279,2069
280,2091
294,2054
296,2148
397,2912
310,2099
304,2277
293,2173
317,2196
271,2099
286,2132
299,2067
286,2066
283,2079
306,2186
321,2382
305,2065
625,4590
278,2014
269,1939
280,2037
286,2098
397,3061
277,2010
297,2240
344,2665
316,2446
301,2230
286,2096
325,2376
285,2077
263,1911
281,2058
316,2229
320,2368
309,2315
294,2095
295,2093
289,2089
303,2213
311,2321
285,2089
288,2078
316,2306
298,2150
294,2054
293,2173
272,1987
292,2193
295,2106
297,2240
321,2367
293,2076
298,2271
288,2083
312,2255
287,2103
301,2175
308,2330
307,2293
292,2097
348,2500
287,2147
287,2068
291,2140
301,2196
285,2056
295,2160
287,2060
309,2320
286,2117
290,2188
283,2064
305,2261
365,2781
293,2090
300,2142
306,2226
320,2384
321,2321
303,2183
294,2067
320,2347
314,2224
297,2152
332,2455
292,2086
296,2104
294,2084
313,2253
292,2153
272,1957
281,2073
283,2063
290,2155
283,2067
296,2126
326,2372
292,2187
313,2416
285,2075
291,2074
291,2115
309,2252
288,2103
377,2773
295,2101
300,2228
300,2089
280,2070
295,2238
414,3061
299,2155
360,2621
287,2095
281,2129
291,2176
294,2084
300,2243
296,2206
314,2234
335,2362
293,2173
288,2098
285,2165
299,2123
296,2087
290,2141
334,2440
364,2697
297,2209
278,2022
293,2103
279,2035
287,2144
301,2181
300,2156
319,2333
299,2274
293,2126
293,2119
309,2317
301,2214
302,2182
297,2102
287,2079
317,2347
300,2210
291,2147
282,2105
304,2121
309,2160
295,2112
321,2427
317,2223
308,2164
286,2062
322,2368
326,2429
275,2065
275,2040
293,2084
288,2078
354,2675
292,2087
267,1941
334,2446
289,2097
300,2228
298,2141
624,4830
333,2420
331,2377
286,2086
298,2164
336,2439
285,2104
283,2151
289,2144
321,2290
290,2098
281,2061
277,2055
305,2049
288,2144
291,2081
389,2785
277,2067
354,2659
301,2109
265,1863
290,2120
300,2243
280,2072
291,2117
279,2069
289,2042
287,2091
284,2103
287,2138
284,2128
300,2097
513,3837
283,2080
291,2081
280,2084
318,2211
292,2088
304,2172
321,2372
286,2060
373,2724
277,1951
305,2248
283,2073
375,2771
300,2243
305,2185
389,2785
515,3839
293,2076
282,2073
308,2117
271,1945
288,2029
295,2095
290,2094
301,2191
283,2096
301,2114
291,2069
357,2662
284,2141
307,2217
326,2451
297,2177
279,2069
288,2156
284,2095
285,2075
377,2728
293,2092
281,2079
283,2128
306,2284
318,2247
347,2608
319,2381
378,2774
305,2215
288,2107
316,2364
334,2459
266,1914
299,2105
291,2092
287,2157
524,3848
285,2132
322,2323
290,2073
301,2102
297,2137
247,1693
289,2033
286,2038
415,3079
301,2191
300,2213
279,2035
296,2191
285,2031
294,2124
399,2914
314,2198
312,2297
286,2097
373,2718
364,2709
292,2148
280,2067
304,2282
301,2229
512,3836
370,2786
309,2324
282,2063
293,2173
289,2021
286,2076
312,2255
278,2073
314,2270
329,2370
304,2258
319,2367
292,2089
310,2350
289,2097
294,2179
288,2137
282,2072
320,2353
280,1995
287,2073
285,2068
294,2207
258,1856
314,2300
300,2243
311,2190
361,2712
363,2708
298,2273
271,2061
320,2311
607,4572
336,2423
303,2193
284,2067
287,2110
293,2173
292,2141
294,2131
300,2152
289,2087
280,2070
311,2342
326,2374
337,2385
308,2210
310,2299
284,2090
290,2012
328,2361
282,2087
289,2201
389,2785
319,2346
371,2722
311,2317
324,2313
293,2091
325,2455
307,2217
350,2459
281,2037
275,2067
305,2185
290,2029
326,2348
388,2979
306,2270
284,2079
307,2187
287,2116
288,2132
280,2124
303,2204
289,2138
318,2329
298,2098
325,2315
334,2395
299,2125
295,2156
313,2256
293,2155
253,1800
299,2087
303,2213
286,2038
308,2251
298,2108
292,2082
292,2084
286,2108
286,2091
310,2301
293,2140
281,2137
326,2372
303,2196
323,2385
304,2184
301,2191
300,2243
300,2134
296,2138
281,2067
319,2198
298,2121
292,2235
283,2073
278,2131
286,2030
365,2716
296,2181
308,2204
313,2229
296,2095
275,2065
616,4581
241,1687
279,2063
308,2201
316,2324
315,2271
311,2322
359,2710
316,2446
285,2160
317,2332
302,2164
297,2159
290,2121
284,2060
279,2069
320,2368
293,2110
309,2211
296,2167
290,2050
314,2194
284,2154
308,2202
291,2140
320,2289
329,2406
311,2071
302,2313
283,2083
299,2115
304,2290
319,2371
295,2123
286,2086
345,2497
295,2093
356,2609
288,2154
376,2772
341,2450
363,2714
284,2049
275,2131
290,2101
373,2724
298,2209
307,2220
368,2676
330,2378
305,2290
307,2162
403,2897
520,3844
297,2240
284,2108
353,2559
279,1949
305,2344
287,2058
282,2056
328,2298
308,2188
292,2100
299,2110
380,2776
271,2061
314,2341
295,2146
291,2083
293,2101
283,2066
271,1986
315,2345
318,2382
294,2195
322,2344
300,2188
296,2104
322,2231
361,2636
292,2187
297,2130
303,2199
292,2136
599,4598
309,2252
303,2140
301,2201
280,2110
284,2128
327,2283
344,2613
317,2327
301,2191
288,2084
368,2701
300,2137
296,2152
282,2114
308,2188
327,2283
307,2250
302,2108
302,2125
299,2253
289,2086
289,2042
277,2070
335,2438
289,2081
279,2067
306,2321
353,2704
303,2171
296,2125
286,2090
284,2081
304,2184
291,2104
289,2115
291,2091
291,2082
408,3014
280,2002
292,2172
338,2443
319,2352
292,2082
289,2133
273,2061
323,2371
286,2111
403,3009
282,2066
303,2260
296,2129
309,2219
323,2330
276,2081
290,2082
282,2050
313,2343
287,2075
295,2169
292,2036
390,2884
302,2158
336,2417
328,2462
293,2138
284,2094
323,2279
316,2272
289,2089
296,2145
285,2084
300,2202
358,2510
294,2093
304,2166
301,2244
322,2314
287,2009
284,2082
306,2216
328,2379
317,2273
286,2138
378,2732
615,4580
328,2361
299,2242
365,2716
300,2060
311,2221
296,2152
299,2187
301,2181
297,2128
310,2190
293,2106
287,2070
306,2167
300,2116
387,2902
345,2498
290,2088
615,4580
295,2208
293,2173
300,2185
326,2451
277,1962
283,2094
293,2104
287,2157
306,2217
301,2091
278,2068
314,2303
289,2146
279,2069
315,2300
293,2050
298,2189
322,2389
351,2668
284,2071
300,2243
326,2317
298,2163
338,2457
298,2192
376,2772
283,2096
326,2340
281,2062
299,2038
295,2135
287,2077
279,2066
400,2894
330,2378
401,3048
280,2077
307,2306
325,2340
293,2086
283,2080
295,2135
355,2624
327,2461
311,2254
296,2191
303,2063
282,2062
309,2132
315,2285
318,2275
326,2374
381,2777
288,2147
278,2061
348,2635
279,2015
298,2046
331,2484
368,2719
267,1941
302,2182
306,2226
302,2165
314,2356
300,2193
305,2295
282,2068
290,2112
380,2776
360,2668
300,2220
297,2240
296,2118
343,2612
300,2108
320,2368
300,2104
345,2666
309,2203
298,2155
388,2882
293,2069
311,2300
319,2406
339,2387
298,2081
293,2173
315,2258
324,2331
409,2903
316,2364
336,2455
279,2071
380,2731
303,2183
289,2058
302,2182
287,2085
347,2668
307,2187
305,2275
283,2037
317,2226
283,2052
300,2190
295,2090
315,2258
323,2374
375,2729
299,2145
313,2361
304,2199
300,2198
380,2776
271,2004
296,2250
289,2097
308,2116
302,2173
298,2214
281,2069
387,2783
349,2670
290,2103
307,2273
289,2073
347,2499
295,2175
301,2241
301,2098
278,2068
276,1991
293,2173
310,2265
292,2182
293,2156
337,2489
299,2163
288,2116
294,2153
315,2284
326,2374
280,2078
594,4593
316,2272
296,2264
287,2041
279,2079
299,2201
319,2367
301,2120
399,2990
292,2143
300,2179
290,2165
290,2103
306,2249
340,2609
320,2432
302,2121
286,2081
290,2139
289,2069
295,2083
287,2077
289,2131
289,2069
279,2020
283,2048
290,2080
324,2430
292,2101
420,3084
303,2246
310,2205
295,2208
277,2109
291,2045
415,3062
319,2365
318,2340
292,2082
386,2782
294,2207
328,2380
313,2320
296,2153
282,2028
276,2088
287,2077
281,2068
292,2040
295,2085
293,2084
277,2067
301,2150
309,2282
293,2126
291,2086
285,2113
288,2066
279,2109
303,2180
319,2277
295,2126
340,2463
284,2082
306,2185
303,2188
311,2191
285,2113
611,4576
325,2303
365,2716
317,2273
297,2207
303,2188
287,2124
301,2084
291,2171
374,2770
292,2082
325,2459
304,2233
295,2175
291,2045
322,2409
305,2320
296,2119
293,2173
289,2098
288,2027
311,2191
285,2112
282,2072
281,2066
283,2073
289,2121
317,2311
336,2461
298,2178
317,2286
287,2091
375,2771
280,2102
305,2185
292,2098
295,2247
303,2212
296,2125
277,2067
363,2717
296,2171
296,2048
297,2097
315,2224
292,2160
289,2079
279,2071
375,2791
328,2376
298,2058
299,2242
304,2184
293,2173
294,2126
332,2359
280,2070
309,2339
297,2098
284,2076
289,2081
301,2153
327,2357
333,2494
283,2081
406,2900
319,2365
295,2141
300,2171
284,2038
372,2726
292,2083
299,2089
286,2085
308,2209
308,2188
277,2067
309,2186
274,2055
389,2785
330,2352
281,2064
307,2271
303,2154
285,2018
287,2167
284,1969
316,2305
306,2216
290,2073
299,2274
316,2343
281,2064
301,2110
285,1959
319,2449
288,2098
320,2432
293,2090
299,2172
281,2069
293,2164
293,2037
365,2673
303,2146
280,2081
277,2055
293,2083
294,2159
323,2384
285,2075
287,2074
308,2188
288,2149
317,2308
291,2035
319,2313
366,2619
328,2440
371,2722
293,2142
310,2337
296,2147
291,2081
283,2092
279,2069
295,2099
327,2349
345,2614
295,2180
314,2194
278,2068
280,2111
297,2153
380,2731
361,2712
276,2084
305,2199
290,2050
317,2332
314,2339
297,2156
283,2114
278,2068
279,2047
309,2203
305,2185
323,2384
359,2710
279,2076
284,2095
291,2099
294,2129
308,2316
302,2153
288,2101
287,2093
310,2204
302,2121
295,2190
293,2133
293,2173
632,4838
295,2087
312,2345
292,2025
283,2051
363,2696
319,2370
303,2213
312,2183
315,2379
281,2136
318,2340
308,2266
298,2241
293,2142
285,2095
301,2175
303,2219
331,2383
641,4847
294,2085
314,2227
292,2132
300,2106
294,2125
322,2374
294,2119
292,2093
348,2653
308,2319
294,2047
283,2106
292,2103
292,2060
277,2037
318,2234
281,2054
341,2460
294,2091
300,2168
285,2140
287,2129
299,2194
300,2135
315,2199
295,2139
328,2376
293,2099
290,2170
292,2073
293,2137
298,2200
362,2686
294,2107
273,2033
319,2371
277,2060
392,2983
306,2174
291,2095
345,2666
282,2070
303,2134
310,2187
324,2385
301,2180
294,2084
296,2096
318,2282
307,2117
321,2363
323,2453
305,2179
280,2024
394,3000
286,2101
287,2082
284,2089
295,2175
277,2067
299,2194
291,2118
521,3845
281,2112
315,2345
325,2393
278,2056
277,2046
324,2433
323,2432
363,2687
278,2082
289,2079
392,2788
298,2226
312,2155
298,2112
330,2378
278,2129
297,2144
287,2087
270,1940
281,2079
310,2200
304,2189
280,2076
307,2154
327,2457
288,2007
286,2120
288,2178
292,2080
300,2164
308,2251
295,2095
300,2180
300,2180
302,2126
298,2138
285,2104
299,2184
277,2029
384,2780
319,2422
297,2187
282,2079
290,2106
290,2085
279,2069
288,2010
288,2007
290,2121
285,2108
289,2054
518,3842
264,1862
312,2379
332,2437
311,2182
280,2170
291,2115
277,1962
329,2375
280,2028
366,2711
286,2120
287,2129
340,2449
296,2169
303,2180
281,2071
321,2369
285,2155
298,2171
401,3007
599,4598
436,3348
297,2116
315,2271
311,2191
292,2093
373,2724
301,2214
306,2150
288,2080
312,2192
317,2272
334,2456
283,2077
285,2094
311,2174
330,2439
289,2120
293,2101
301,2148
291,2060
301,2147
314,2344
301,2210
290,2070
315,2355
305,2185
314,2346
294,2127
292,2235
316,2200
304,2217
345,2468
368,2764
318,2351
290,2149
336,2455
343,2618
292,2144
287,2146
280,2040
336,2445
326,2403
298,2178
333,2414
369,2765
299,2215
300,2084
301,2134
310,2324
275,1949
313,2328
386,2782
325,2310
360,2711
289,2049
282,2138
296,2111
365,2716
286,2077
305,2280
290,2087
296,2143
335,2438
310,2220
326,2348
307,2296
283,2114
273,2046
314,2210
337,2383
277,2069
310,2226
309,2252
303,2212
278,2061
296,2176
319,2305
297,2192
297,2078
302,2111
318,2350
279,2069
283,2089
293,2140
306,2246
394,2985
361,2651
412,3003
303,2132
318,2366
293,2029
294,2194
355,2660
280,2085
281,2071
322,2300
340,2561
318,2345
299,2146
277,2067
301,2257
287,2077
298,2147
308,2188
285,2096
307,2337
290,2080
332,2396
316,2259
348,2638
288,2078
305,2278
322,2322
388,2784
304,2184
375,2660
294,2047
301,2241
306,2186
299,2145
302,2163
337,2399
281,2068
297,2112
278,2075
295,2177
297,2240
293,2082
284,2092
299,2242
417,3081
291,2147
301,2109
308,2125
286,2120
304,2169
317,2429
367,2675
294,2098
284,2067
298,2115
297,2078
317,2365
452,3364
305,2215
294,2063
294,2174
296,2162
282,2014
316,2358
329,2451
310,2253
317,2331
284,2139
297,2240
273,1871
298,2178
360,2647
301,2194
306,2202
321,2277
284,2099
293,2158
320,2368
375,2628
305,2139
303,2109
296,2122
294,2119
291,2152
356,2641
301,2112
323,2429
305,2215
291,2084
343,2648
320,2368
296,2096
321,2227
281,2071
298,2273
280,2105
292,2070
295,2139
295,2078
368,2713
295,2055
289,2074
286,2102
302,2245
321,2322
277,2069
310,2253
293,2202
293,2106
297,2149
285,2107
364,2780
300,2180
296,2207
280,2124
285,2041
314,2391
292,2057
304,2183
322,2278
329,2320
329,2451
281,2104
387,2902
286,2062
363,2714
292,2073
329,2348
286,2176
308,2171
316,2244
290,2074
278,2026
216,1495
315,2367
309,2287
312,2290
300,2243
294,2159
311,2280
323,2410
296,2176
297,2213
303,2193
322,2383
304,2184
285,2037
289,2108
299,2150
299,2189
283,2060
288,2112
302,2133
310,2311
277,2078
326,2356
298,2173
308,2097
298,2106
282,2065
285,2127
279,2071
293,2163
292,2011
324,2355
320,2305
322,2384
304,2315
307,2292
320,2320
360,2647
312,2337
299,2187
294,2137
287,2078
309,2188
289,2171
289,2075
302,2182
287,2085
308,2316
296,2115
289,2079
288,2078
289,2077
305,2207
287,2026
317,2368
280,2054
316,2330
326,2295
326,2413
289,2097
285,2075
321,2433
371,2679
297,2192
301,2181
302,2131
291,2120
386,2782
266,1864
300,2193
295,2095
312,2351
301,2181
521,3845
291,2152
304,2224
305,2185
310,2190
295,2073
384,2780
308,2274
287,2117
305,2261
282,2035
294,2103
395,2910
279,2069
297,2240
287,2062
315,2330
289,2045
294,2184
284,2089
293,2154
279,2083
315,2322
296,2074
324,2372
277,2023
291,2148
284,2129
302,2145
277,2081
290,2094
302,2176
280,2070
302,2192
359,2710
294,2127
266,1981
350,2503
277,2129
310,2190
290,2061
314,2338
329,2393
299,2109
297,2152
288,2119
293,2173
291,2099
329,2377
292,2098
305,2162
283,2127
320,2342
281,2086
337,2459
305,2185
398,2913
288,2045
285,2075
285,1955
292,2105
309,2222
312,2360
334,2468
296,2084
286,2079
302,2167
308,2203
315,2195
391,2787
287,2129
303,2246
278,2054
292,2036
312,2255
291,2104
295,2129
318,2303
328,2462
394,2888
292,2057
361,2622
277,2065
234,1588
294,2080
515,3839
280,2034
299,2263
302,2125
324,2370
305,2170
335,2458
305,2185
310,2325
291,2103
305,2180
298,2051
289,2122
296,2086
275,2123
307,2197
324,2327
293,2110
306,2155
293,2121
305,2201
291,2072
353,2462
328,2374
314,2299
294,2088
313,2269
303,2257
343,2656
308,2204
300,2060
318,2197
291,2181
291,2171
350,2502
293,2158
302,2144
370,2721
289,2035
303,2246
298,2089
327,2433
320,2432
291,2114
283,2051
285,2102
299,2192
277,2021
333,2395
304,2117
296,2115
296,2102
283,2105
330,2398
322,2363
278,2058
285,2082
306,2171
307,2250
285,2085
308,2224
608,4573
312,2192
401,2992
291,2142
287,2132
363,2714
297,2080
389,2785
298,2154
282,2088
323,2410
295,2249
288,2076
311,2254
284,2036
297,2263
301,2201
292,2122
282,2042
363,2569
289,2072
295,2195
377,2773
328,2396
305,2111
286,2135
281,2094
293,2087
309,2172
314,2381
370,2721
295,2208
280,2070
302,2161
321,2372
386,2782
302,2198
327,2449
291,2140
324,2314
277,2067
305,2260
281,2067
323,2301
305,2094
274,1959
309,2202
269,1954
403,3050
302,2301
301,2138
296,2110
301,2244
326,2394
309,2295
294,2174
306,2186
329,2336
282,2076
311,2240
383,2799
295,2086
296,2205
286,2113
306,2208
283,2069
306,2149
292,2082
353,2674
339,2400
282,2068
305,2248
265,1980
309,2252
321,2369
277,1950
296,2158
290,2151
286,2060
289,2079
291,2074
284,2089
272,2052
343,2656
320,2298
278,2083
305,2215
288,2068
293,2097
296,2074
273,2070
279,2083
283,2106
287,2091
292,2085
288,2101
345,2658
287,2077
322,2308
291,2024
282,2072
287,2075
299,2127
296,2178
305,2248
306,2235
357,2678
290,2130
608,4573
345,2450
289,2097
292,2048
334,2414
327,2439
300,2190
287,2110
259,1806
297,2240
304,2214
277,2067
271,1945
326,2353
292,2129
287,2112
293,2049
280,2070
341,2493
287,2119
289,2117
313,2355
301,2111
286,2074
301,2165
399,3005
293,2119
290,2141
277,1951
354,2560
303,2159
300,2210
316,2343
332,2380
290,2155
296,2144
318,2202
322,2390
306,2129
301,2244
295,2055
279,2069
291,2104
318,2357
351,2664
314,2345
279,2069
287,2002
303,2213
420,3067
279,2060
305,2168
288,2053
317,2332
331,2411
620,4619
284,2115
278,2108
324,2294
316,2225
278,2055
292,2119
314,2243
293,2173
280,2070
284,2059
287,2104
311,2267
319,2346
307,2171
328,2396
325,2373
285,2113
280,2091
281,2137
248,1795
291,2135
302,2245
290,2084
291,2148
292,2097
213,1492
288,2048
286,2097
292,2096
296,2143
299,2212
287,2100
312,2268
301,2274
285,2129
279,2059
280,2078
294,2246
347,2456
300,2243
291,2105
293,2144
362,2713
266,1914
283,2060
281,2071
291,2078
302,2280
324,2392
278,2043
291,2082
292,2048
317,2324
377,2773
287,2101
329,2362
311,2176
290,2073
615,4580
290,2170
329,2396
339,2458
293,2098
286,2083
292,2157
295,2183
280,2081
290,2080
285,2066
312,2196
356,2609
296,2049
291,2171
326,2336
294,2158
290,2151
289,2037
286,2078
315,2325
320,2397
291,2082
305,2128
285,2098
305,2093
283,2035
284,2141
314,2336
289,2118
287,2106
306,2171
362,2637
312,2318
293,2098
328,2379
344,2496
292,2235
277,2067
310,2332
241,1687
285,2136
278,2077
298,2063
295,2112
292,2072
297,2272
293,2115
299,2105
285,2076
378,2774
293,2184
289,2102
317,2275
295,2175
288,2114
322,2347
248,1795
313,2268
315,2194
293,2159
333,2494
304,2247
295,2188
286,2091
609,4574
392,2788
294,2138
282,2099
296,2176
624,4589
326,2374
304,2247
302,2158
275,1948
295,2121
353,2505
291,2051
313,2305
299,2179
296,2115
315,2258
314,2328
302,2215
284,2030
303,2243
298,2252
339,2448
306,2320
380,2731
298,2133
293,2076
281,2041
357,2690
315,2305
285,2107
315,2379
297,2185
303,2183
279,2072
316,2210
363,2616
294,2169
290,2149
301,2195
277,2055
310,2285
295,2147
397,2988
300,2180
277,2010
315,2445
292,2109
288,2150
293,2146
319,2344
305,2274
300,2213
296,2192
278,2068
411,3058
295,2090
349,2610
294,2139
332,2441
290,2147
307,2158
319,2275
288,2117
318,2369
309,2252
296,2106
281,2079
302,2256
316,2364
312,2206
301,2181
307,2220
295,2158
300,2266
304,2085
304,2178
296,2166
284,2077
292,2156
340,2459
358,2648
306,2162
302,2222
291,2023
309,2310
387,2783
310,2316
316,2362
300,2220
301,2117
298,2150
309,2203
286,2131
277,2034
300,2156
295,2060
313,2193
301,2172
283,2083
284,2075
296,2096
308,2221
290,2115
303,2216
312,2282
318,2321
321,2427
289,2077
294,2143
292,2124
291,2156
297,2251
281,2013
289,2102
296,2089
289,2079
302,2182
279,2091
294,2087
306,2112
355,2672
291,2156
287,2026
298,2218
301,2192
280,2065
386,2782
392,2788
278,2010
325,2352
389,2904
300,2083
288,2135
288,2078
293,2191
291,2153
267,1865
297,2106
300,2240
286,2099
322,2384
290,2139
297,2163
287,2100
329,2351
286,2109
295,2111
352,2504
311,2351
311,2302
285,2075
279,2035
325,2347
323,2314
295,2099
318,2395
323,2453
301,2163
277,2067
305,2185
300,2170
300,2240
306,2218
300,2166
296,2091
354,2678
317,2227
303,2183
319,2239
310,2279
301,2201
324,2310
288,2139
305,2214
403,3067
294,2159
366,2711
296,2209
333,2442
359,2710
374,2725
285,2077
306,2216
305,2248
302,2182
288,2092
285,2089
313,2233
364,2592
282,2095
329,2448
295,2051
294,2174
300,2126
289,2057
276,2059
304,2192
298,2066
376,2772
308,2294
357,2674
324,2411
289,2144
294,2084
306,2317
379,2775
291,2092
287,1960
281,2081
395,2986
285,2094
292,2098
296,2143
284,2049
289,2090
320,2384
269,1867
283,2075
301,2211
355,2645
323,2457
328,2440
306,2270
289,2079
319,2341
305,2221
314,2271
389,2785
368,2719
289,2116
306,2297
298,2088
322,2336
284,2088
326,2359
275,1970
367,2642
369,2644
383,2779
284,2085
279,2069
304,2149
296,2176
304,2110
314,2338
361,2712
283,2061
384,2780
367,2652
312,2221
405,3011
301,2045
292,2082
289,2095
316,2271
283,2110
296,2102
306,2106
286,2076
309,2218
295,2079
291,2147
289,2086
281,2067
288,2104
329,2448
297,2160
292,2102
304,2170
286,2030
286,2094
289,2123
288,2101
280,2032
326,2393
324,2310
309,2261
264,1811
294,2167
292,2086
279,2089
295,2070
325,2405
327,2452
286,2072
303,2183
294,2174
295,2205
321,2369
299,2152
292,2172
293,2186
288,2098
295,2039
289,2081
332,2457
304,2133
303,2203
328,2380
332,2365
302,2106
341,2464
279,2102
372,2600
281,2111
328,2376
288,2076
289,2113
313,2283
296,2164
296,2102
323,2371
341,2475
298,2159
304,2194
291,2081
287,2077
301,2276
292,2101
302,2182
300,2129
305,2207
296,2070
344,2469
322,2386
288,2117
309,2252
293,2101
275,2086
324,2433
307,2276
303,2213
361,2636
314,2322
298,2129
313,2313
277,2045
299,2038
287,2110
364,2715
291,2047
285,2033
298,2121
299,2209
440,3251
288,2079
292,2093
385,2781
292,2177
369,2720
281,1954
290,2150
318,2258
301,2181
295,2101
292,2101
285,2132
282,2091
267,1915
369,2714
278,2083
285,2127
269,1939
297,2177
287,2026
299,2098
280,2136
308,2218
311,2224
301,2117
301,2203
293,2083
297,2240
278,2032
260,1858
311,2350
290,2118
277,2025
404,3051
316,2378
288,2078
329,2454
304,2217
286,2061
292,2147
296,2176
296,2091
285,2118
275,1949
290,2160
292,2235
317,2273
325,2367
357,2585
337,2446
299,2148
279,2090
289,2058
312,2266
303,2178
291,2147
617,4582
273,2096
619,4584
302,2158
297,2128
326,2353
291,2181
301,2244
301,2134
322,2316
311,2231
344,2661
288,2130
294,2160
291,2081
301,2194
293,2119
293,2173
331,2412
289,2004
290,2158
296,2158
295,2197
315,2330
299,2242
303,2168
289,2062
339,2500
318,2349
298,2164
304,2159
293,2173
318,2304
297,2148
287,2132
599,4598
294,2117
293,2175
285,2170
297,2240
294,2102
275,1970
382,2778
288,2121
298,2178
333,2381
285,2050
288,2021
295,2081
284,1957
287,2055
305,2160
318,2303
277,2075
351,2668
631,4837
285,2102
605,4570
277,2033
305,2257
283,2102
348,2453
285,2094
299,2148
291,2121
291,2147
370,2786
294,2160
325,2364
362,2778
286,2111
286,2141
343,2660
310,2210
294,2149
277,1992
279,2087
365,2655
305,2193
311,2191
296,2072
308,2145
322,2349
291,2064
288,2118
319,2367
274,2057
290,2132
344,2453
276,2088
305,2170
278,2061
290,2096
300,2109
300,2156
277,2029
377,2773
295,2132
321,2345
296,2206
292,2127
321,2369
308,2203
283,2075
294,2109
305,2147
288,2104
300,2160
290,2095
322,2278
292,2097
275,2103
282,2093
280,2110
291,2144
282,2110
310,2184
349,2501
359,2667
291,2122
293,2109
331,2379
286,2079
301,2079
297,2150
310,2310
314,2220
323,2384
305,2165
349,2639
291,2095
303,2152
300,2173
302,2153
291,2074
400,3006
299,2179
303,2150
315,2258
313,2335
361,2712
308,2318
308,2188
331,2443
282,2101
302,2110
305,2271
286,2131
324,2315
310,2206
282,2023
308,2217
310,2203
302,2212
294,2026
369,2765
324,2385
289,2145
312,2351
283,2058
322,2352
320,2344
317,2308
295,2186
317,2303
320,2426
308,2299
306,2186
303,2116
297,2203
289,2108
324,2316
293,2168
281,2112
318,2318
303,2194
295,2175
296,2164
306,2222
318,2288
287,2097
303,2183
309,2225
282,2072
321,2385
309,2219
281,2089
291,2037
299,2193
350,2667
318,2333
302,2277
337,2364
288,2149
321,2277
286,2134
302,2182
290,2073
306,2249
282,2063
278,2022
304,2247
336,2358
298,2161
312,2334
306,2186
316,2294
325,2319
287,2115
284,2092
327,2346
283,2019
319,2367
320,2327
285,2113
293,2093
357,2708
293,2032
304,2289
288,2092
294,2187
291,2114
291,2077
277,2058
290,2141
285,2090
290,2096
309,2265
290,2154
285,2089
279,2057
288,2064
333,2494
280,2070
305,2185
361,2712
299,2125
300,2089
299,2194
314,2329
320,2327
394,2888
297,2085
409,3056
293,2137
285,2077
295,2139
295,2158
315,2346
302,2181
307,2220
320,2311
285,2096
277,2069
297,2102
352,2660
277,2069
290,2058
291,2133
342,2655
311,2351
298,2158
313,2352
291,2119
320,2335
288,2125
320,2323
301,2132
328,2462
365,2650
316,2327
281,2109
303,2126
353,2559
342,2659
302,2230
295,2118
290,2113
320,2288
293,2067
203,1482
355,2668
323,2385
295,2151
280,2033
277,2063
323,2371
275,1948
301,2300
290,1985
403,3050
609,4574
311,2279
307,2250
282,2082
307,2209
280,2060
317,2336
289,2137
287,2095
355,2630
313,2304
350,2667
292,2155
280,2016
290,2115
289,2067
302,2212
296,2111
291,2081
303,2183
330,2417
314,2223
282,2039
300,2144
295,2083
318,2366
437,3248
330,2337
395,2986
305,2304
301,2192
305,2105
300,2157
290,2150
304,2247
320,2276
287,2101
283,2073
295,2114
369,2622
302,2118
320,2426
299,2139
396,2987
295,2206
303,2140
324,2405
292,2123
310,2266
302,2145
313,2344
335,2454
298,2250
321,2324
341,2463
280,2070
303,2122
298,2067
291,2081
304,2056
295,2235
278,2122
279,2015
310,2335
294,2168
291,2079
304,2093
279,2031
306,2183
282,2082
294,2248
284,2121
291,2090
299,2161
278,2082
302,2158
287,2043
302,2182
319,2449
333,2366
295,2183
284,2036
204,1483
290,2170
310,2208
293,2173
284,2072
317,2307
311,2333
321,2315
293,2073
281,2108
312,2177
279,2126
296,2086
285,2075
310,2279
326,2374
289,2146
303,2182
285,2081
307,2313
342,2617
289,2142
293,2112
294,2102
344,2467
300,2161
321,2385
302,2277
317,2283
292,2192
297,2240
369,2677
321,2277
318,2343
294,2159
299,2242
284,2097
296,2180
284,2088
291,2143
297,2240
286,2099
287,2070
303,2152
317,2324
319,2370
301,2135
295,2121
283,2077
310,2300
285,2007
335,2458
300,2090
297,2105
345,2498
341,2610
236,1682
289,2097
348,2638
287,2182
282,2051
312,2255
278,2058
296,2271
299,2110
327,2334
298,2143
305,2122
296,2079
316,2362
293,2099
286,2090
312,2313
314,2366
279,2047
306,2219
302,2181
292,2092
305,2185
369,2720
289,2106
373,2789
277,1999
298,2114
289,2033
315,2304
301,2166
309,2300
322,2353
286,2084
618,4583
323,2278
354,2607
614,4579
347,2456
450,3261
292,2082
288,2107
280,2136
293,2173
308,2185
293,2076
278,2034
328,2458
309,2229
292,2172
353,2666
285,2061
278,2068
302,2310
329,2356
292,2167
299,2089
290,2191
295,2101
295,2117
280,2081
296,2107
301,2259
283,2106
413,3060
327,2375
282,2093
313,2312
293,2268
302,2163
305,2184
294,2094
285,2093
282,2104
289,2079
292,2089
437,3248
293,2173
303,2183
279,2084
283,2071
292,2105
290,2165
289,2080
289,2082
297,2140
289,2090
298,2154
305,2131
294,2106
307,2331
298,2163
298,2042
319,2360
305,2215
309,2308
319,2288
299,2110
287,2112
340,2661
372,2625
304,2163
303,2183
306,2262
296,2176
315,2347
288,2116
310,2153
284,2084
314,2313
360,2705
326,2374
296,2106
301,2157
325,2444
294,2084
302,2182
314,2306
285,2077
296,2147
302,2179
327,2457
302,2170
288,2071
371,2722
313,2298
294,2192
363,2714
304,2214
282,2069
293,2085
306,2208
279,2069
317,2348
305,2171
301,2172
391,2787
288,2107
291,2097
295,2027
335,2444
328,2329
320,2226
341,2562
305,2161
286,2076
296,2197
375,2771
305,2185
278,2090
294,2089
289,2136
324,2366
290,2107
335,2383
298,2146
283,2048
280,2090
291,2135
333,2494
302,2167
302,2115
285,2113
305,2129
310,2352
274,1969
274,2059
283,2061
278,2059
293,2173
361,2694
308,2251
285,2075
331,2392
340,2630
284,2118
297,2177
331,2379
290,2098
294,2174
292,2082
300,2157
293,2123
315,2258
300,2068
321,2352
296,2079
289,2140
332,2485
290,2143
290,2100
294,2151
294,2111
309,2339
294,2160
281,2067
295,2051
294,2080
286,2077
298,2178
289,2095
295,2207
297,2096
377,2773
339,2442
286,2073
297,2142
294,2138
311,2134
289,2079
371,2722
637,4843
287,2117
304,2099
291,2159
319,2431
326,2367
297,2130
286,2150
257,1905
292,2044
286,2149
285,2178
322,2368
291,2095
303,2122
285,2074
276,2047
341,2493
363,2569
318,2333
376,2772
338,2457
310,2334
403,3067
331,2450
318,2296
277,2055
315,2334
325,2389
217,1571
278,2059
268,1942
333,2401
304,2216
292,2155
308,2068
359,2710
383,2779
322,2370
201,1480
299,2103
289,2075
306,2292
370,2703
306,2097
297,2160
342,2447
277,2058
314,2194
278,2068
288,2150
302,2167
297,2251
293,2173
301,2109
303,2168
302,2108
389,2904
279,2067
324,2386
278,2030
295,2185
288,2078
280,2070
301,2221
327,2452
317,2303
283,2115
303,2169
365,2719
291,2068
296,2105
298,2103
282,2072
332,2437
288,2024
289,2079
296,2105
307,2299
279,2136
364,2780
287,2043
283,2084
313,2282
289,2093
288,2096
297,2263
279,2106
300,2044
287,2093
297,2095
287,2023
278,2049
292,2082
285,2093
285,2053
301,2191
287,2065
369,2622
288,2096
315,2348
304,2169
297,2156
385,2781
314,2216
306,2191
287,2052
324,2364
289,2122
278,2068
297,2188
307,2250
294,2153
285,2021
312,2196
288,2094
280,2063
280,2016
318,2195
281,2066
284,2074
314,2362
311,2191
310,2194
343,2618
291,2088
301,2244
322,2277
289,2093
289,2138
286,2079
324,2313
326,2374
312,2192
291,2122
282,2039
312,2304
342,2465
299,2143
301,2053
287,2095
292,2103
276,2012
291,2089
303,2243
251,1899
293,2167
297,2177
312,2290
277,2067
333,2452
295,2158
297,2272
309,2186
288,2137
294,2157
294,2111
312,2315
311,2319
292,2135
230,1584
298,2241
292,2186
340,2645
280,2072
280,1999
315,2321
307,2337
288,2154
304,2346
304,2220
287,2104
289,2030
297,2177
284,2095
344,2661
282,2077
296,2128
323,2315
312,2301
302,2242
317,2336
285,2075
302,2133
285,2113
280,2048
289,2033
380,2776
317,2336
307,2120
306,2206
291,2159
284,2081
357,2708
309,2308
292,2132
277,2067
308,2251
295,2099
277,2033
288,2056
368,2719
287,2132
287,2133
309,2252
309,2132
295,2064
286,2154
284,2154
289,2079
312,2327
296,2090
295,2101
312,2255
278,2068
291,2081
313,2321
457,3369
285,2053
285,2068
285,2041
306,2171
288,2132
289,2121
280,2070
297,2086
280,2103
317,2324
296,2295
312,2161
307,2172
259,1907
303,2198
315,2138
287,2070
302,2110
307,2180
310,2253
334,2380
317,2447
347,2470
324,2294
288,2093
325,2376
285,2075
311,2254
282,1956
275,2068
315,2316
279,2062
290,2094
284,2028
289,2063
296,2269
287,2183
278,2079
293,2183
288,2151
299,2107
291,2135
292,2084
295,2096
335,2444
316,2226
274,2028
326,2456
280,2067
298,2121
309,2349
327,2346
319,2313
298,2192
290,2096
327,2439
284,2032
277,2061
357,2665
285,2071
290,2120
283,2056
290,2080
327,2430
329,2323
280,2108
293,2109
305,2170
284,2075
270,2011
277,1996
297,2036
392,2886
203,1482
299,2242
374,2770
286,2090
293,2053
299,2181
294,2120
315,2217
310,2253
342,2655
291,2114
294,2070
308,2294
305,2185
313,2307
287,2110
295,2175
317,2344
297,2116
291,2146
357,2681
317,2447
281,2050
298,2149
287,2177
303,2152
283,2027
292,2143
291,2118
301,2244
342,2429
305,2308
321,2424
286,2184
305,2195
292,2075
374,2770
280,2110
301,2221
308,2360
287,2052
289,2028
282,2126
354,2607
291,2085
289,2154
286,2078
387,2783
353,2559
308,2308
309,2209
601,4600
300,2106
233,1679
296,2157
281,2059
290,2109
314,2280
271,1986
289,2102
317,2196
319,2322
293,2083
287,2095
299,2127
276,2106
310,2316
300,2210
296,2186
286,2076
378,2774
305,2200
363,2779
315,2322
288,2116
295,2088
309,2294
347,2660
297,2192
329,2396
286,2060
309,2219
282,1956
283,2073
294,2154
614,4613
297,2120
354,2678
312,2192
312,2191
293,2112
278,2079
290,2084
344,2478
317,2365
328,2434
297,2240
279,2012
270,1989
321,2200
286,2143
287,2044
361,2646
309,2264
313,2242
303,2164
294,2108
315,2337
369,2597
284,2089
297,2153
294,2174
298,2106
289,2171
294,2121
315,2326
368,2764
310,2219
295,2206
328,2355
292,2096
282,2090
309,2287
283,2083
289,2155
312,2255
304,2184
303,2183
416,3080
296,2119
284,2107
301,2183
303,2118
286,2076
348,2635
354,2560
297,2050
283,2139
301,2210
292,2098
369,2720
284,2114
289,2025
355,2630
290,2103
288,1961
299,2164
302,2099
364,2715
298,2124
313,2443
333,2348
284,2088
277,2070
299,2160
304,2184
360,2711
294,2071
329,2432
264,1862
297,2240
296,2161
289,2122
299,2201
294,2159
305,2185
293,2078
286,2139
376,2772
389,2785
323,2384
322,2403
297,2199
280,2084
282,2101
312,2285
322,2330
327,2449
357,2585
294,2129
282,2135
300,2193
305,2218
299,2087
263,1810
291,2079
303,2154
293,2091
319,2229
296,2061
289,2145
294,2184
286,2114
295,2114
277,2067
286,2077
278,2068
313,2233
605,4604
286,2152
292,2090
286,2094
326,2393
354,2699
301,2230
295,2078
229,1583
288,2078
290,2059
291,2035
287,2118
304,2127
296,2187
299,2064
372,2788
288,2107
301,2160
330,2436
296,2207
303,2167
313,2345
333,2360
288,2003
283,2144
327,2391
295,2093
280,2070
283,2073
303,2158
307,2178
287,2177
341,2466
287,2072
322,2314
299,2136
309,2339
293,2093
317,2290
300,2220
299,2141
294,2082
285,2114
297,2240
286,2135
282,2090
295,2195
302,2092
352,2642
369,2720
309,2158
303,2150
297,2116
294,2077
220,1574
270,1955
294,2109
363,2717
513,3837
286,2074
352,2637
295,2071
293,2148
299,2219
313,2340
316,2364
280,2107
303,2196
308,2251
327,2379
289,2066
329,2448
291,2089
288,1958
298,2158
298,2073
374,2770
287,2100
281,2064
307,2219
301,2194
327,2283
301,2109
379,2775
288,2069
284,2112
282,2114
285,2155
305,2248
285,2140
298,2081
295,2108
305,2185
284,2094
325,2376
309,2284
330,2392
371,2722
278,2074
285,2112
307,2250
286,2083
369,2714
326,2304
290,2135
328,2374
295,2103
322,2374
274,2052
291,2142
311,2231
289,2098
306,2186
608,4573
611,4610
341,2444
366,2699
329,2323
298,2166
299,2118
281,2035
286,2091
277,2060
311,2254
282,2056
289,2070
272,2053
285,2018
290,2188
291,2039
344,2463
323,2330
300,2182
294,2084
339,2500
280,2024
297,2156
317,2347
296,2176
414,3078
285,2137
298,2104
286,2130
292,2080
330,2378
302,2211
314,2270
289,2028
316,2236
277,2033
322,2370
292,2109
296,2088
296,2176
271,2052
323,2369
309,2336
282,2021
291,2165
327,2351
281,2085
291,2171
275,2067
298,2104
278,2108
379,2775
307,2200
285,2070
349,2458
333,2384
292,2089
346,2636
292,2105
304,2160
437,3248
296,2113
408,2999
634,4840
292,2116
300,2168
327,2375
285,2113
316,2284
296,2124
297,2130
357,2642
303,2047
293,2148
313,2256
325,2437
331,2450
287,2120
286,2143
307,2113
297,2168
288,2042
309,2160
297,2187
354,2699
290,2073
339,2461
299,2043
290,2172
294,2120
347,2568
303,2183
304,2177
289,2030
300,2168
287,2093
305,2168
279,2044
291,2099
269,1943
356,2631
324,2346
301,2152
360,2714
300,2180
287,2124
297,2070
603,4602
279,2069
309,2222
217,1571
296,2087
340,2367
317,2201
294,2150
262,1910
291,2024
304,2206
296,2176
279,2035
327,2321
325,2352
308,2188
315,2301
323,2279
290,2123
318,2303
294,2092
273,2083
330,2376
324,2376
299,2265
309,2174
300,2166
320,2334
318,2345
310,2278
326,2403
307,2202
354,2639
276,1998
273,2059
323,2333
294,2157
290,2142
386,2782
302,2151
303,2243
303,2188
302,2113
307,2187
311,2217
277,2067
308,2316
294,2174
300,2145
281,2112
307,2250
291,2124
312,2191
403,3050
318,2351
280,2070
305,2248
299,2183
283,2057
311,2191
286,2130
292,2135
312,2354
284,2088
296,2112
296,2127
325,2428
279,2069
309,2219
290,2119
305,2283
337,2385
415,3062
323,2369
288,2069
281,2091
295,2270
280,2036
300,2086
279,2077
309,2189
309,2092
330,2453
321,2348
354,2560
308,2187
304,2247
352,2573
311,2275
287,2061
312,2268
313,2288
272,2077
290,2170
308,2219
290,2095
341,2502
286,2076
315,2271
289,2079
297,2270
293,2148
291,2081
306,2143
289,2144
285,2086
295,2128
308,2276
363,2591
305,2187
315,2255
301,2181
290,2080
313,2201
386,2782
300,2108
279,2060
372,2717
292,2081
293,2078
297,2240
285,2068
291,2097
318,2340
329,2391
300,2162
298,2193
287,2088
294,2082
308,2251
335,2610
324,2405
303,2193
303,2047
312,2442
292,2115
297,2207
322,2325
294,2156
305,2185
326,2284
281,2059
315,2316
317,2368
287,2061
312,2334
293,2117
398,2892
278,2068
304,2155
361,2712
291,2171
308,2159
284,2076
283,2116
309,2218
283,2136
382,2778
300,2171
294,2035
298,2142
406,3053
309,2439
301,2107
302,2110
288,2183
308,2251
329,2390
287,2085
285,2075
289,2157
285,2098
317,2272
278,2068
292,2148
297,2124
311,2176
312,2191
279,1998
302,2149
407,3071
296,2197
279,2020
312,2255
319,2338
286,2121
309,2273
298,2209
288,2116
288,2096
290,2070
295,2048
354,2615
292,2174
370,2724
292,2107
285,2113
376,2727
348,2467
303,2112
315,2322
279,2015
309,2219
280,2012
284,2041
284,2081
294,2174
302,2121
350,2459
358,2648
229,1583
314,2354
327,2368
296,2119
317,2381
327,2375
285,2099
301,2276
332,2412
287,2095
355,2660
287,2086
307,2250
319,2338
321,2346
300,2106
287,2052
288,2097
289,2079
344,2657
349,2458
285,2080
357,2509
294,2065
296,2262
338,2463
289,2097
302,2182
306,2292
405,3069
286,2114
225,1579
276,1995
293,2097
326,2348
322,2361
316,2316
358,2643
310,2318
199,1478
296,2176
294,2068
290,2146
297,2177
331,2437
294,2174
297,2240
294,2150
284,2076
309,2238
343,2660
294,2106
277,2021
313,2203
297,2162
326,2387
319,2365
302,2157
290,2127
387,2783
290,2190
300,2083
319,2349
282,2138
317,2323
325,2356
347,2456
320,2309
290,2096
348,2653
313,2361
375,2791
329,2354
294,2207
300,2278
284,2079
283,2127
320,2350
295,2151
318,2366
306,2207
299,2150
321,2373
342,2503
349,2682
396,2987
349,2555
298,2092
280,2104
285,2117
321,2369
360,2711
288,2078
299,2242
307,2187
292,2082
304,2194
306,2226
294,2151
291,2081
343,2496
290,2149
278,2059
305,2211
284,1958
297,2091
288,2053
318,2329
313,2340
310,2311
308,2323
287,2131
287,2070
300,2240
301,2214
318,2274
320,2450
332,2451
309,2310
279,2057
272,2005
280,2049
306,2336
312,2297
328,2284
279,2059
289,2120
318,2358
362,2713
339,2464
296,2250
315,2258
299,2192
294,2075
332,2394
305,2269
286,2099
293,2104
298,2058
636,4842
295,2078
298,2160
353,2658
385,2781
295,2092
292,2046
218,1572
317,2363
286,2098
313,2288
294,2138
281,2067
288,2027
285,2054
282,2110
304,2165
290,2077
380,2796
288,2078
302,2197
275,2043
310,2283
300,2228
293,2173
339,2491
279,2015
316,2367
287,2167
374,2725
313,2352
270,2074
301,2244
362,2670
299,2150
301,2158
309,2237
290,2071
318,2308
283,2075
319,2425
374,2770
285,2175
254,1801
282,2086
255,1802
298,2102
283,1998
316,2210
325,2373
286,2092
295,2085
300,2268
323,2348
354,2560
302,2222
406,2997
298,2141
312,2191
309,2333
278,2079
279,2064
291,2154
361,2706
271,2061
284,2136
286,2130
288,2144
279,2092
287,2143
302,2046
312,2221
311,2303
368,2722
322,2328
282,1977
281,2037
320,2423
313,2328
296,2151
278,2082
354,2705
292,2152
300,2278
296,2176
314,2270
287,2091
286,2094
328,2343
261,1859
287,2118
276,1949
363,2624
255,1802
297,2207
278,2124
279,2069
294,2084
311,2350
292,2118
281,2089
359,2683
292,2143
349,2602
309,2172
298,2175
360,2711
327,2379
362,2713
338,2332
305,2130
289,2063
306,2336
288,2101
287,2167
293,2097
298,2095
369,2702
335,2362
279,2047
289,2070
308,2193
286,2086
328,2353
300,2124
305,2234
296,2141
285,2080
312,2252
287,2061
291,2048
293,2120
315,2367
298,2177
294,2158
444,3356
298,2210
283,2070
334,2443
308,2332
302,2126
277,2075
388,2882
277,2042
318,2319
320,2368
365,2716
320,2328
279,1952
274,1944
318,2366
281,2071
308,2159
356,2584
295,2146
285,2050
289,2116
299,2242
292,2105
315,2355
279,2023
304,2247
293,2107
368,2653
282,2075
279,2074
289,2145
305,2122
290,2146
281,1976
386,2782
293,2173
318,2329
322,2362
303,2212
297,2168
289,2131
288,2139
303,2255
251,1798
278,2070
278,2046
299,2172
301,2125
301,2101
319,2370
289,2184
318,2275
227,1673
287,2077
302,2158
326,2456
368,2574
304,2194
315,2322
312,2320
295,2207
286,2076
273,1968
389,2904
292,2098
293,2142
298,2198
291,2164
310,2311
327,2378
318,2369
291,2081
277,2021
288,2168
291,2099
287,2093
292,2148
286,2067
328,2433
287,2072
357,2681
283,2082
317,2350
293,2102
289,2141
302,2166
332,2378
286,2076
309,2295
291,2083
293,2098
286,2131
301,2152
331,2377
284,2058
324,2436
299,2099
300,2125
324,2401
289,2084
296,2079
293,2173
279,2050
283,2106
327,2341
321,2340
365,2698
333,2395
277,2104
305,2196
296,2040
281,2129
299,2187
307,2202
280,2033
297,2094
285,2069
318,2197
286,2102
290,2076
380,2776
351,2656
303,2246
302,2166
287,2093
306,2260
295,2096
405,2996
280,2076
381,2777
283,2039
285,2075
313,2343
302,2162
301,2152
280,2132
445,3256
298,2238
284,2133
292,2162
298,2157
306,2212
280,2081
302,2177
294,2085
323,2315
300,2177
296,2206
290,2096
321,2369
344,2467
647,4853
290,2114
284,2097
606,4605
290,2121
298,2186
304,2272
282,2075
295,2175
310,2070
319,2367
321,2340
301,2181
286,2076
316,2364
305,2185
280,2060
349,2636
285,2060
281,2081
519,3843
281,2073
285,2076
306,2171
292,2120
300,2124
283,2073
308,2266
281,2073
306,2191
345,2498
290,2134
322,2325
302,2177
317,2332
324,2314
289,2102
289,2108
405,3052
282,2038
312,2222
292,2098
311,2190
309,2315
292,2061
288,2096
302,2301
314,2257
294,2174
294,2176
337,2417
292,2111
306,2155
278,2049
286,2076
296,2176
318,2261
292,2136
288,2114
289,2114
311,2254
291,2076
315,2255
276,1949
281,2065
283,2052
293,2149
329,2319
372,2768
320,2353
298,2086
328,2374
295,2085
302,2121
296,2120
323,2342
298,2042
291,2146
332,2363
291,2264
333,2360
287,2104
322,2403
304,2141
294,2091
357,2702
291,2140
295,2117
294,2092
362,2647
297,2120
355,2640
289,2063
308,2248
291,2039
279,2027
298,2098
345,2620
276,2047
281,2081
286,2095
284,1969
306,2222
286,2063
278,2071
328,2284
298,2191
280,2060
309,2267
303,2182
287,2102
285,2104
284,2090
307,2250
278,2068
321,2311
284,2059
316,2368
293,2173
294,2174
316,2280
290,2082
296,2119
308,2236
315,2322
318,2360
296,2089
310,2155
288,2089
306,2100
289,2057
303,2129
279,2025
297,2096
273,1871
362,2713
290,2146
300,2254
288,2116
308,2307
280,1995
343,2495
288,2078
336,2387
304,2272
287,2118
313,2207
301,2040
289,2079
330,2378
291,2059
284,2090
300,2163
322,2373
310,2161
292,2129
297,2142
290,2156
362,2637
289,2114
415,3006
299,2212
366,2572
311,2341
303,2183
294,2086
299,2118
294,2113
285,2089
334,2411
311,2277
275,2065
299,2272
359,2710
300,2195
284,2070
321,2277
289,2100
295,2160
295,2208
292,2103
372,2625
282,2079
372,2657
341,2562
259,1907
331,2331
287,2077
354,2699
277,2010
320,2368
299,2079
283,2073
294,2062
288,2063
285,2004
298,2129
342,2494
300,2108
319,2327
297,2142
299,2179
292,2162
277,2067
265,1812
322,2368
281,2062
315,2379
294,2107
291,2128
291,2173
302,2182
288,2139
358,2579
296,2176
321,2324
284,2100
282,2056
280,2036
338,2463
310,2300
448,3259
293,2139
306,2169
296,2194
294,2118
285,1958
277,2069
305,2248
290,2076
289,2115
372,2680
302,2280
327,2407
293,2178
289,2079
298,2086
321,2385
292,2270
289,2179
282,2130
349,2654
286,2133
275,2031
635,4841
324,2309
282,2075
277,2067
282,2082
280,2058
296,2167
303,2278
287,2077
326,2460
287,2092
302,2245
340,2334
287,2103
322,2329
297,2140
299,2115
304,2232
277,2081
338,2384
294,1989
299,2139
299,2167
348,2665
296,2104
292,2087
269,1954
348,2609
281,2038
297,2106
298,2211
280,2013
291,2152
331,2434
316,2225
301,2172
280,2049
285,2100
283,2136
327,2375
460,3372
322,2307
303,2223
277,2078
317,2237
249,1796
358,2627
311,2190
290,2103
296,2065
320,2323
371,2722
291,2153
297,2177
320,2372
289,2089
275,2043
279,2069
325,2316
289,2089
299,2133
287,2110
289,2155
311,2277
303,2182
290,2145
345,2468
393,2789
277,2062
282,2079
341,2464
280,2070
324,2364
296,2061
285,2054
302,2208
285,2026
315,2272
284,2109
275,1960
283,2064
312,2336
298,2177
282,2078
333,2397
305,2347
329,2351
322,2344
278,2076
316,2316
326,2377
286,2076
286,2112
284,2114
273,1958
283,2089
297,2139
291,2092
317,2311
365,2698
287,2055
272,2062
269,1984
301,2176
284,2093
323,2353
285,2075
295,2085
310,2352
286,2109
315,2307
286,2115
305,2169
288,2066
290,2153
281,2073
299,2091
324,2331
289,2102
287,2077
382,2778
292,2148
269,1991
404,3068
287,2096
283,2080
290,2134
257,1804
302,2177
301,2181
287,2131
284,2088
314,2207
308,2188
280,2132
282,2028
317,2295
321,2401
288,2080
289,2106
304,2213
379,2733
290,2098
301,2244
298,2149
299,2179
300,2173
269,1917
294,2142
316,2383
402,3008
307,2209
294,2122
291,2096
290,2117
289,2035
347,2652
296,2077
310,2239
295,2101
293,2103
300,2216
292,2155
313,2304
325,2310
312,2301
316,2355
281,2072
295,2175
321,2424
318,2275
305,2167
315,2279
303,2201
295,2101
323,2329
316,2200
324,2318
297,2120
309,2169
303,2183
333,2340
323,2312
288,2062
292,2061
298,2088
296,2097
320,2353
280,2070
302,2182
293,2078
313,2316
631,4837
304,2214
308,2332
291,2136
315,2396
286,2145
292,2036
311,2188
295,2063
337,2459
283,2027
289,1962
610,4609
305,2311
305,2156
293,2079
296,2138
295,2175
302,2212
290,2132
300,2152
338,2457
329,2435
302,2293
319,2327
310,2351
289,2138
279,2077
312,2228
286,2114
359,2710
325,2344
293,2138
287,2063
323,2314
313,2190
291,2083
281,2064
333,2327
292,2137
289,2060
454,3366
298,2099
299,2197
337,2460
297,2083
283,2073
281,2055
299,2208
310,2266
295,2175
294,2136
292,2087
443,3355
308,2217
303,2183
291,2062
325,2350
322,2370
292,2139
300,2165
289,2132
294,2068
296,2155
296,2153
299,2114
276,2056
295,2152
310,2230
316,2272
287,2142
388,2784
246,1793
323,2432
285,2050
281,2091
308,2278
294,2077
389,2785
294,2054
284,1999
369,2720
288,2107
320,2344
312,2268
279,2048
288,2147
282,2072
323,2453
316,2368
335,2469
334,2495
290,2109
299,2209
297,2126
300,2086
293,2126
285,2075
301,2181
288,2141
295,2161
297,2240
324,2454
325,2340
284,2093
302,2139
313,2269
300,2177
308,2293
328,2335
362,2713
297,2092
305,2248
312,2264
287,2115
314,2378
374,2725
280,2012
285,2042
283,2105
297,2087
284,2037
337,2331
323,2333
286,2055
248,1694
289,2123
278,2055
299,2114
294,2207
291,2059
322,2307
276,1998
287,2070
281,2080
289,2115
292,2149
293,2085
290,2080
300,2129
333,2395
303,2160
313,2223
287,2040
292,2087
299,2228
285,2076
297,2103
310,2301
304,2155
320,2371
310,2101
308,2173
315,2279
315,2258
303,2109
317,2306
292,2141
306,2186
300,2057
293,2105
211,1490
307,2067
291,2171
280,2073
616,4581
287,2055
303,2145
281,2086
311,2351
332,2383
282,2130
372,2768
279,2047
286,2090
289,2081
409,3056
311,2314
320,2352
609,4574
275,2065
304,2123
292,2122
287,2033
294,2099
333,2455
285,2017
292,2075
280,2088
277,1950
284,2025
297,2162
368,2764
294,2169
313,2269
292,2100
284,2074
345,2662
320,2387
308,2323
352,2685
289,2083
301,2195
292,2182
374,2725
363,2779
294,2160
286,2096
313,2338
300,2137
286,2034
308,2187
295,2083
293,2178
292,2129
304,2210
301,2167
295,2205
311,2266
307,2223
456,3368
235,1681
302,2085
281,2054
319,2349
292,2082
320,2327
281,2071
287,2026
288,2078
299,2073
333,2438
304,2138
311,2303
282,2105
281,2046
294,2113
299,2212
335,2457
298,2178
297,2105
307,2187
285,2075
284,2096
300,2155
281,2067
323,2330
354,2506
334,2437
323,2429
318,2324
281,2125
281,2071
321,2361
311,2268
295,2085
307,2250
356,2646
296,2139
291,2115
275,2065
330,2286
613,4612
364,2625
301,2132
323,2354
307,2292
293,2098
444,3356
305,2185
285,2065
307,2158
286,2095
287,2167
315,2271
288,2078
413,3060
321,2329
294,2110
280,2090
284,2112
294,2139
284,2093
356,2701
302,2091
307,2187
284,2036
367,2620
290,2114
316,2301
289,2155
390,2884
288,2094
310,2266
295,2141
295,2111
312,2225
281,2071
298,2169
303,2212
299,2145
370,2721
349,2666
295,2110
331,2437
290,2105
342,2461
316,2347
294,2173
289,2106
290,2055
306,2186
277,2067
317,2420
363,2671
300,2100
302,2151
281,2104
315,2445
289,2131
303,2185
363,2714
295,2085
271,2061
284,2028
289,2095
369,2720
288,2132
283,2083
312,2240
290,2170
330,2391
290,2101
320,2278
326,2353
295,2140
308,2179
342,2647
233,1679
298,2102
304,2169
294,2123
294,2165
310,2174
365,2716
286,2076
283,2092
310,2301
325,2344
410,3057
346,2607
300,2243
311,2296
309,2188
312,2302
308,2179
287,2093
287,2097
286,2076
282,2067
286,2077
289,2104
289,2089
297,2116
279,2047
324,2279
373,2681
295,2078
287,2133
280,2049
356,2661
292,2089
275,2075
281,2086
293,2109
347,2499
354,2641
330,2337
319,2371
308,2188
286,2074
287,2080
316,2356
293,2153
278,2019
309,2205
304,2168
289,2106
295,2112
288,2069
311,2220
374,2725
528,3852
637,4843
281,2069
286,2100
301,2167
303,2193
289,2073
283,2069
360,2645
295,2211
404,3010
383,2779
286,2097
318,2342
318,2261
324,2316
278,2034
291,2136
308,2299
389,2785
292,2075
343,2612
297,2198
310,2190
287,2093
314,2444
288,2145
304,2163
397,2891
383,2779
291,2154
315,2258
282,2050
279,1974
305,2320
302,2312
369,2597
282,2047
293,2144
279,2107
293,2193
282,2055
282,2067
267,1937
301,2105
318,2359
311,2280
287,2097
315,2382
289,2182
446,3358
303,2111
301,2244
295,2238
310,2295
293,2168
303,2177
335,2368
290,2098
300,2278
289,2155
285,2116
311,2279
312,2354
384,2780
343,2564
307,2098
319,2360
319,2346
302,2245
304,2199
283,2080
351,2668
307,2172
342,2563
309,2202
287,2033
313,2443
300,2273
301,2120
277,2051
282,2073
276,2053
348,2635
321,2345
303,2183
285,2068
285,2075
269,1943
368,2719
315,2283
323,2345
300,2324
290,2143
289,2141
314,2224
300,2113
283,2096
281,2108
283,2048
314,2362
328,2376
293,2080
302,2182
283,2093
300,2152
374,2770
326,2290
301,2045
294,2126
318,2369
304,2184
281,2000
288,2082
298,2163
328,2306
303,2271
292,2120
347,2470
305,2233
291,2143
330,2349
357,2702
384,2780
353,2643
290,2109
310,2335
277,2088
322,2277
378,2794
319,2297
287,2161
289,2022
302,2181
306,2125
308,2188
288,2074
290,2153
296,2161
280,2070
291,2065
322,2316
326,2334
288,2078
280,2070
296,2176
309,2252
294,2069
313,2328
330,2371
296,2176
239,1685
349,2639
294,2054
295,2125
278,2000
357,2665
362,2716
281,2033
322,2278
385,2781
319,2304
280,2070
644,4850
286,2042
295,2041
307,2276
293,2158
285,2117
316,2384
296,2176
282,2079
299,2090
332,2466
605,4570
375,2771
296,2136
284,2089
287,2075
307,2197
270,1918
328,2283
270,1918
285,2075
287,2098
276,2085
288,2079
279,2090
311,2212
355,2700
302,2242
301,2244
293,2037
294,2098
300,2091
279,2089
280,2070
322,2278
381,2777
287,2086
280,2076
638,4844
321,2279
300,2216
330,2376
299,2156
310,2250
412,3076
289,2179
297,2130
314,2227
301,2156
291,2122
314,2257
354,2623
297,2192
302,2119
303,2159
307,2282
289,2095
279,2052
285,2050
287,2095
299,2242
447,3258
295,2123
314,2381
344,2665
319,2319
308,2323
284,2074
294,2174
297,2134
292,2052
280,2073
298,2031
290,2080
231,1585
299,2105
275,1948
279,2011
287,2006
288,2007
298,2129
318,2366
290,2047
305,2185
321,2369
298,2111
354,2639
308,2236
297,2162
284,2069
280,2070
297,2240
295,2238
318,2370
291,2075
285,2077
368,2719
359,2710
321,2336
293,2083
298,2168
303,2183
297,2158
285,2129
309,2225
319,2277
292,2120
297,2185
296,2111
322,2313
299,2103
335,2460
204,1483
321,2424
293,2058
336,2330
323,2281
411,3058
317,2273
290,2156
299,2219
367,2718
278,1963
320,2368
366,2717
313,2229
315,2382
299,2165
330,2392
321,2348
308,2201
295,2086
300,2105
293,2091
297,2141
384,2780
310,2253
284,2074
334,2361
306,2292
338,2461
296,2176
296,2153
284,2049
363,2648
300,2149
288,2088
371,2722
277,2045
322,2368
402,2896
314,2179
283,2127
355,2583
344,2661
282,1967
287,2065
293,2083
286,1959
300,2206
301,2210
357,2610
301,2152
283,2073
293,2108
292,2082
284,2098
300,2160
309,2252
295,2205
289,2067
283,2035
279,2069
280,2058
327,2388
282,2042
295,2138
298,2169
307,2187
301,2156
302,2096
300,2220
310,2205
283,2110
377,2773
314,2345
306,2169
286,2042
310,2340
307,2218
293,2081
342,2611
295,2101
322,2300
320,2368
307,2282
298,2097
290,2142
299,2159
328,2380
297,2114
324,2325
306,2297
283,1978
307,2271
353,2559
326,2393
293,2093
312,2268
288,2078
288,2082
297,2177
353,2704
371,2725
299,2170
294,2125
287,2100
366,2641
303,2246
284,2112
282,2068
298,2211
285,2113
289,2058
309,2310
294,2095
300,2182
321,2351
288,2083
291,2120
294,2083
305,2185
302,2062
279,2069
321,2369
322,2313
295,2146
295,2080
279,2069
290,2127
308,2047
290,2080
298,2124
366,2699
346,2636
294,2184
290,2094
297,2209
294,1967
301,2267
281,2065
279,2059
283,2084
203,1482
297,2129
328,2359
297,2090
308,2251
281,2089
320,2314
625,4590
293,2173
316,2306
368,2784
325,2434
297,2114
292,2174
287,2096
295,2185
247,1693
325,2356
289,2115
279,2027
293,2097
327,2452
292,2060
281,2050
354,2575
291,2062
357,2610
288,1983
319,2425
304,2214
265,1863
306,2249
300,2229
356,2631
292,2187
313,2355
341,2466
279,2069
281,2089
298,2090
282,2104
296,2070
280,2108
313,2270
295,2103
318,2382
282,2075
278,2090
252,1799
294,2162
277,2072
307,2162
291,2092
364,2570
355,2630
289,2154
331,2465
297,2102
299,2115
288,2144
292,2092
607,4572
323,2314
346,2667
308,2127
359,2667
299,2100
282,2066
285,2076
320,2305
296,2141
353,2658
284,2064
295,2076
309,2152
294,2059
321,2322
290,2147
283,2088
342,2611
285,2053
283,2037
278,2068
299,2118
280,2077
292,2038
322,2325
279,2053
308,2188
284,2100
287,2065
334,2457
271,1869
301,2244
303,2232
309,2339
282,2039
364,2672
346,2615
314,2208
292,2082
334,2421
306,2201
283,2064
323,2337
357,2563
325,2294
299,2096
296,2093
295,2160
316,2226
313,2332
346,2615
298,2125
327,2312
293,2173
318,2308
286,2076
302,2293
281,2071
297,2110
310,2332
282,2091
317,2368
286,2142
316,2306
334,2439
264,1811
292,2148
303,2168
288,2158
405,3069
366,2717
300,2090
284,2090
284,2133
405,3052
278,2011
340,2474
315,2347
295,2175
289,2093
293,2167
305,2211
369,2785
324,2349
284,2079
289,2097
282,2076
237,1683
286,2008
293,2173
288,2065
326,2353
346,2455
291,2081
297,2088
294,2187
325,2377
393,2789
303,2168
313,2337
288,2134
320,2276
335,2329
308,2264
296,2269
292,2063
297,2207
298,2113
319,2431
316,2225
296,2100
309,2160
293,2061
363,2591
289,2075
280,2073
298,2074
294,2184
299,2099
316,2273
314,2257
295,2146
379,2775
353,2670
299,2053
335,2444
285,2050
286,2114
278,1952
286,2137
303,2169
325,2357
288,2147
279,2059
302,2182
339,2560
296,2169
304,2153
297,2097
291,2186
278,2068
281,2087
366,2717
294,2062
277,2067
294,2260
286,2092
281,2066
306,2050
333,2452
294,2107
298,2241
279,2047
282,2042
296,2086
290,2103
292,2193
318,2273
323,2453
279,2062
313,2337
326,2353
260,1858
304,2169
292,2103
286,2077
610,4575
300,2195
298,2241
294,2117
305,2136
315,2301
296,2061
608,4573
289,2087
331,2443
302,2301
288,2071
315,2322
339,2366
316,2380
280,2070
303,2154
328,2322
302,2168
302,2071
303,2231
304,2108
317,2281
267,1865
287,2153
288,2057
281,1996
321,2351
377,2773
354,2582
283,2088
309,2319
292,2152
295,2186
280,2048
294,2174
298,2178
379,2775
324,2376
343,2466
283,2074
306,2249
305,2118
285,2089
327,2449
294,2067
312,2442
290,2139
297,2163
276,2089
299,2242
359,2710
300,2131
287,2103
294,2089
298,2149
306,2249
300,2149
322,2389
351,2503
277,2067
291,2117
298,2273
288,2093
299,2314
300,2177
201,1480
309,2264
301,2123
299,2179
295,2146
288,2102
279,2089
307,2130
314,2444
282,2018
406,3012
377,2728
294,2174
312,2214
322,2354
301,2132
313,2269
317,2369
306,2196
297,2113
608,4573
284,2084
332,2383
284,2088
291,1986
359,2710
296,2124
281,1966
298,2241
286,2092
280,2076
293,2093
316,2367
290,2138
302,2211
351,2460
289,2049
286,2076
289,2159
327,2367
312,2192
316,2340
298,2079
283,2130
360,2684
316,2294
342,2464
291,2234
382,2778
291,2081
286,2066
310,2302
299,2242
290,2073
326,2353
285,2141
336,2417
290,2046
339,2473
328,2298
412,3076
280,2084
320,2345
300,2090
282,2075
292,2194
310,2253
297,2141
629,4835
295,2073
296,2181
349,2502
335,2458
312,2268
288,2114
296,2101
286,2077
287,2100
307,2138
293,2158
301,2130
395,2889
283,2066
294,2086
332,2394
310,2301
284,2084
336,2439
286,2152
283,2111
303,2129
324,2376
291,2113
284,2092
305,2218
294,2205
344,2613
293,2106
258,1805
307,2337
324,2372
376,2772
279,2069
303,2168
360,2668
317,2363
325,2281
298,2198
292,2116
303,2246
300,2151
301,2117
297,2177
304,2179
288,2130
288,2072
292,2082
294,2122
309,2278
299,2242
289,2117
281,2049
333,2486
291,2117
309,2170
295,2039
334,2456
316,2346
306,2249
304,2217
299,2156
363,2671
288,2139
297,2125
350,2502
331,2325
325,2459
293,2158
290,2100
305,2185
306,2320
297,2107
314,2194
297,2153
276,1874
297,2240
277,1972
291,2143
280,2081
288,2071
317,2302
298,2102
291,2128
293,2173
325,2371
294,2091
293,2090
282,2138
291,2115
319,2326
307,2208
324,2280
307,2198
289,2184
308,2173
300,2090
312,2264
366,2699
296,2044
290,2146
295,2151
282,2078
297,2033
298,2129
288,2083
326,2365
357,2681
279,1994
296,2170
309,2189
289,2152
206,1485
288,2076
311,2311
320,2382
347,2452
300,2087
281,2071
329,2356
290,2076
291,2071
293,2164
301,2171
312,2222
287,2087
376,2730
348,2635
296,2138
281,1976
304,2096
326,2390
296,2109
355,2624
304,2272
287,2077
279,2059
285,2041
296,2143
296,2071
313,2270
299,2208
296,2106
452,3364
325,2281
274,2086
295,2091
282,2131
337,2331
292,2143
324,2375
296,2171
321,2200
291,2102
441,3252
295,2144
623,4588
350,2663
292,2098
293,2112
281,1966
280,2112
286,2120
278,2058
288,2150
280,2127
366,2782
312,2323
311,2269
294,2139
338,2613
377,2773
290,2114
618,4583
297,2123
296,2086
321,2348
265,1935
323,2355
299,2155
297,2162
288,2094
298,2271
280,2058
298,2149
322,2434
287,2068
313,2277
277,2033
307,2187
295,2151
293,2158
312,2326
278,2082
331,2364
316,2226
305,2215
287,2082
288,2115
279,2071
307,2223
291,2147
324,2454
278,2068
293,2073
286,2074
287,2067
334,2382
299,2179
302,2151
364,2715
291,2089
333,2456
339,2492
329,2377
274,2060
285,2150
319,2425
305,2171
311,2326
315,2269
301,2196
299,2144
313,2197
361,2712
329,2351
285,2075
349,2610
327,2394
301,2138
288,2201
293,2068
294,2087
285,2080
286,2074
286,2076
306,2186
292,2235
370,2721
292,2060
355,2507
294,2157
319,2309
325,2459
288,2092
310,2356
328,2462
366,2594
342,2659
294,2091
305,2099
331,2353
326,2357
306,2262
345,2666
306,2149
299,2107
289,2119
302,2245
306,2183
282,2072
372,2788
308,2251
312,2442
287,2052
297,2105
295,2175
332,2455
363,2648
296,2096
287,2043
306,2171
287,2113
319,2449
286,2054
288,2199
313,2270
288,2156
297,2165
308,2188
313,2443
291,2074
382,2897
297,2103
294,2084
296,2086
285,2089
293,2173
300,2161
378,2774
316,2367
278,2043
352,2621
298,2091
360,2635
301,2082
305,2215
312,2311
297,2154
265,1935
303,2201
324,2404
285,2129
321,2382
316,2301
365,2716
296,2124
298,2264
309,2249
287,2085
299,2227
245,1691
373,2724
292,2118
289,2102
311,2191
292,2057
306,2249
294,2099
629,4835
300,2243
355,2663
290,2085
276,2017
299,2156
356,2689
311,2211
289,2080
303,2183
291,2166
287,2101
284,2061
282,2070
327,2334
333,2467
347,2634
356,2680
298,2098
310,2223
306,2226
284,2052
300,2216
309,2188
318,2350
288,2105
335,2447
291,2140
324,2404
313,2327
298,2131
302,2308
323,2279
311,2325
349,2510
311,2207
281,2058
290,2095
330,2435
256,1854
298,2183
297,2116
323,2435
356,2701
304,2164
272,2073
288,2111
312,2302
287,2098
305,2273
306,2122
338,2443
300,2090
280,2067
292,2061
291,2051
294,2267
334,2382
346,2507
289,2148
307,2250
327,2433
294,2035
280,2026
303,2246
280,2110
293,2015
274,2057
279,2069
286,2063
281,2115
382,2778
307,2213
351,2626
294,2126
289,2146
299,2210
287,2078
306,2204
301,2114
316,2396
339,2420
299,2110
278,2127
303,2174
292,2108
360,2645
276,2080
294,2192
287,2136
321,2360
303,2152
299,2162
312,2268
280,2070
299,2208
282,2080
286,2063
301,2257
370,2721
290,2034
280,2070
329,2454
294,2179
310,2253
289,2095
288,2145
305,2269
336,2384
301,2244
279,2067
311,2267
309,2249
293,2084
335,2496
294,2107
319,2431
304,2184
328,2320
321,2310
328,2335
292,2061
292,2057
312,2200
310,2342
293,2149
291,2097
292,2078
323,2387
293,2053
323,2391
305,2185
300,2157
283,2084
303,2259
293,2117
357,2644
355,2561
306,2171
336,2363
319,2386
284,2036
325,2317
282,2066
314,2378
321,2328
296,2161
302,2182
300,2229
310,2190
352,2505
299,2197
293,2144
321,2363
283,2131
316,2364
284,2077
301,2145
287,2065
298,2218
284,2081
315,2307
297,2190
295,2126
315,2273
283,2076
310,2310
331,2412
452,3364
335,2416
293,2098
374,2770
303,2187
205,1484
264,1912
315,2192
302,2167
299,2105
353,2670
316,2346
390,2786
289,2135
299,2179
282,2093
281,2091
292,2105
292,2038
317,2227
329,2377
306,2155
238,1684
282,2091
293,2206
272,1987
296,2169
338,2399
312,2268
306,2249
298,2093
294,2174
295,2123
279,2092
323,2330
309,2189
292,2092
291,2171
285,2075
280,2074
387,2783
298,2252
407,3071
297,2085
296,2112
284,2135
368,2692
323,2314
278,2052
285,2096
342,2563
326,2358
315,2307
313,2282
299,2242
301,2211
298,2081
601,4600
295,2060
287,2082
280,2070
287,2026
312,2302
337,2385
300,2220
362,2713
357,2702
294,2149
283,2131
323,2374
296,2153
308,2187
368,2764
298,2106
308,2196
321,2315
284,2130
288,2078
288,2092
321,2440
376,2772
295,2063
278,2068
292,2123
290,2070
314,2328
282,2065
299,2189
296,2104
449,3260
295,2118
409,3000
321,2382
330,2411
304,2161
304,2087
311,2357
295,2121
301,2164
292,2116
284,2070
291,2138
296,2100
292,2162
311,2359
280,2058
299,2159
346,2498
367,2620
305,2273
303,2097
386,2782
285,2053
301,2118
375,2729
293,2140
375,2771
321,2354
284,2072
404,2995
297,2077
386,2782
292,2108
298,2106
288,2145
297,2240
299,2242
277,2067
361,2651
327,2394
328,2306
296,2176
372,2723
280,2110
289,2184
290,2099
287,2055
286,2081
287,2080
340,2408
290,2130
316,2294
293,2098
292,2073
396,2987
312,2252
294,2147
301,2181
609,4574
360,2613
285,2129
333,2352
294,2162
370,2598
299,2272
329,2344
353,2640
276,2104
309,2204
304,2175
302,2208
337,2490
290,2061
322,2428
304,2144
300,2156
310,2253
293,2158
312,2255
304,2216
319,2310
300,2109
311,2220
333,2397
298,2178
367,2718
287,2138
289,2054
291,2128
308,2311
293,2126
298,2164
335,2362
287,2082
288,2144
305,2218
303,2155
298,2155
395,3001
294,2184
319,2367
308,2294
302,2125
304,2202
314,2270
281,2049
279,2093
308,2311
286,2114
359,2710
279,2069
288,2112
287,2061
273,1988
295,2076
297,2137
288,2082
282,2034
289,2084
305,2248
523,3847
286,2116
313,2156
299,2107
264,1912
331,2321
321,2307
290,2156
315,2284
279,2031
297,2094
291,2079
286,2027
281,2078
321,2313
332,2399
312,2255
605,4570
288,2156
306,2185
355,2700
320,2334
325,2376
309,2189
290,2141
294,2100
359,2612
289,2049
377,2773
289,2093
310,2116
375,2726
272,2004
347,2499
279,2069
305,2248
296,2104
410,3016
298,2089
282,2150
334,2385
311,2223
212,1491
288,2042
291,2074
295,2119
300,2156
291,2091
318,2351
285,2093
280,2076
303,2199
295,2118
293,2156
396,2911
283,2005
326,2333
298,2107
290,2114
321,2351
340,2493
282,2068
296,2107
301,2300
334,2443
365,2710
271,2061
312,2304
304,2095
330,2382
245,1691
294,2119
320,2388
282,2069
290,2064
293,2047
281,2125
352,2573
518,3842
402,2993
286,2055
281,2111
299,2093
328,2376
289,2152
330,2433
311,2254
272,1870
304,2048
323,2403
305,2218
282,2063
322,2399
279,2083
285,2054
323,2350
279,2072
219,1498
296,2096
299,2145
274,2130
287,2079
291,2027
286,2076
298,2178
295,2118
298,2147
303,2214
310,2268
297,2142
286,2143
308,2151
291,2085
393,2908
345,2454
304,2184
277,2107
283,2089
312,2189
402,2917
290,2094
291,2154
286,2054
277,2060
295,2151
279,2039
283,2048
300,2156
297,2199
300,2157
315,2339
328,2453
371,2722
295,2064
310,2190
361,2648
356,2689
325,2392
304,2184
286,2109
292,2100
324,2351
319,2358
296,2133
294,2084
291,2103
405,3069
301,2053
319,2422
278,2082
318,2195
326,2413
318,2380
274,2068
293,2152
316,2301
285,2104
307,2250
293,2094
322,2425
297,2106
303,2333
295,2175
377,2773
300,2243
321,2433
311,2267
308,2099
285,2141
342,2647
287,2104
291,2143
286,2154
283,2067
374,2770
314,2328
284,2143
288,2154
386,2782
284,2028
314,2283
287,2118
310,2288
277,2069
294,2149
293,2058
287,2140
293,2053
293,2173
366,2690
288,2074
290,2114
288,2085
290,2116
293,2168
318,2370
286,2102
301,2192
355,2640
293,2209
291,2099
295,2191
314,2305
330,2324
299,2192
314,2304
370,2721
279,2035
295,2175
293,2085
397,2891
290,2134
294,2174
332,2365
281,2081
279,2102
287,2146
298,2108
279,2071
299,2192
285,2151
285,2090
285,2094
290,2165
315,2225
294,2205
354,2687
304,2205
300,2159
312,2225
288,2010
285,2093
285,2138
347,2634
306,2186
297,2062
281,2052
627,4833
359,2710
307,2159
310,2238
337,2456
345,2566
294,2127
287,2131
302,2145
290,2090
280,2072
288,2156
624,4589
327,2334
297,2153
310,2189
298,2088
292,2102
292,2045
307,2318
291,2043
327,2449
313,2277
290,2134
282,2072
297,2038
311,2191
309,2264
331,2362
350,2625
298,2178
300,2201
374,2770
333,2467
286,2137
290,2090
310,2200
289,2097
314,2378
301,2244
416,3063
308,2188
377,2728
303,2199
293,2118
358,2682
283,2091
314,2317
244,1690
288,2179
280,2070
374,2725
285,2077
287,2134
291,2010
297,2120
322,2428
290,2135
292,2082
277,2081
309,2186
327,2334
279,1974
329,2336
287,2079
292,2068
302,2222
304,2188
299,2112
294,2107
296,2113
312,2223
328,2431
286,2081
318,2274
293,2146
286,2116
277,2075
303,2260
327,2414
289,2174
287,2087
295,2151
356,2646
312,2255
306,2096
296,2086
291,2065
327,2368
291,2091
298,2129
374,2770
302,2126
320,2352
524,3848
308,2218
333,2381
308,2150
282,2079
292,2117
291,2116
286,2059
315,2224
325,2431
283,2116
288,2093
307,2276
294,2153
366,2651
297,2240
297,2156
330,2286
307,2187
308,2188
444,3356
316,2380
312,2189
286,2116
296,2094
290,2146
374,2770
292,2157
305,2214
282,2050
351,2626
305,2248
303,2143
280,2021
424,3071
283,2015
290,2080
295,2088
292,2157
294,2248
328,2395
304,2220
307,2308
296,2096
309,2252
291,2128
310,2208
286,2077
300,2113
317,2339
291,2081
305,2262
300,2180
304,2135
322,2332
292,2082
307,2216
315,2225
331,2356
297,2036
290,2080
316,2380
285,2129
297,2087
398,3004
278,2092
283,2114
342,2611
299,2201
288,2088
291,2081
374,2728
318,2380
300,2104
288,2147
307,2195
286,2141
443,3254
285,2113
376,2772
294,2100
315,2243
314,2336
289,2119
295,2103
318,2324
313,2223
284,2143
285,2077
287,2091
298,2114
308,2188
303,2047
294,2069
295,2039
331,2393
276,1998
325,2350
285,2059
372,2705
295,2151
280,2093
297,2187
297,2240
295,2175
337,2456
296,2176
287,2067
297,2240
305,2111
354,2639
294,2127
288,2078
280,1999
276,2041
291,2156
286,2066
316,2193
633,4839
299,2209
282,1977
288,2061
322,2316
292,2075
329,2432
300,2243
294,2120
282,2069
288,2078
281,2073
295,2166
322,2370
283,2127
308,2299
280,2058
283,2073
321,2290
289,2081
296,2166
291,2173
289,2064
302,2182
287,2031
300,2065
292,2093
286,2064
279,2066
300,2213
287,2009
299,2118
385,2781
288,2102
317,2339
289,2148
289,2090
284,2040
296,2109
292,2115
285,2114
278,2030
279,2069
350,2671
328,2450
282,2067
284,2095
327,2379
317,2324
285,2060
290,2071
359,2710
292,2105
276,2106
308,2299
304,2315
316,2368
317,2309
321,2369
290,2078
306,2330
273,1947
311,2267
326,2372
289,2100
311,2362
322,2370
290,2130
304,2279
369,2720
290,2158
351,2664
302,2128
280,2090
320,2351
298,2276
306,2234
291,2095
271,1945
311,2336
293,2076
292,2046
302,2110
367,2675
289,2069
311,2239
319,2349
368,2719
356,2701
278,2108
329,2368
324,2372
518,3842
290,2116
308,2182
292,2083
319,2203
290,2125
440,3251
312,2442
297,2240
374,2770
322,2362
288,2150
271,2064
301,2199
312,2315
308,2286
304,2334
322,2280
292,2085
316,2403
341,2494
271,1941
291,2074
381,2777
329,2397
308,2251
307,2187
302,2245
310,2183
311,2268
387,2783
293,2144
300,2100
298,2096
285,2061
236,1682
291,2081
300,2266
338,2441
301,2124
298,2171
279,2063
289,2111
289,2129
344,2496
316,2291
320,2326
310,2340
288,2168
278,2106
288,2078
322,2344
286,2084
315,2231
385,2781
302,2182
295,2123
320,2230
249,1796
289,2079
283,2069
297,2177
285,2031
345,2632
322,2399
291,2072
291,2146
311,2350
291,2171
279,2011
284,2060
294,2158
377,2793
284,2052
289,2099
299,2126
196,1475
297,2226
311,2314
317,2344
277,2050
363,2708
303,2278
278,2014
293,2116
308,2293
362,2713
410,3074
290,2112
279,2065
322,2390
308,2192
330,2407
273,2100
357,2690
286,2121
294,2118
326,2407
334,2361
314,2360
300,2202
285,2075
335,2416
352,2697
289,2021
291,2117
281,2087
312,2208
296,2131
278,2068
312,2255
321,2327
291,2084
374,2725
376,2727
286,2117
316,2317
617,4616
315,2192
307,2090
291,2154
515,3839
283,2052
304,2214
324,2280
371,2722
300,2190
282,2094
271,1941
296,2176
312,2322
304,2078
285,2045
319,2213
330,2357
300,2275
310,2324
300,2147
286,2119
290,2098
300,2145
282,2072
281,2059
283,2073
312,2280
285,2098
311,2188
330,2439
301,2107
325,2325
293,2083
300,2116
617,4582
261,1808
308,2188
286,2008
613,4578
293,2183
294,2102
286,2091
309,2180
277,2067
302,2133
372,2768
360,2711
609,4574
292,2082
324,2280
289,2101
397,2988
286,2051
298,2143
330,2449
311,2227
299,2147
312,2342
347,2472
202,1481
390,2786
287,2100
616,4581
295,2076
375,2771
293,2173
283,2075
286,2005
331,2492
295,2132
269,1943
357,2632
292,2075
300,2198
286,2077
310,2280
396,2890
288,2078
285,2058
274,2058
347,2499
293,2116
342,2659
400,2991
299,2179
287,2077
294,2192
279,2027
279,2063
292,2145
289,2041
299,2242
321,2369
281,2074
289,2072
281,1955
405,3069
290,2090
297,2177
327,2318
322,2329
325,2331
294,2094
324,2392
280,2045
308,2314
289,2140
280,2070
288,2078
295,2195
308,2251
319,2367
287,2026
291,2077
290,2102
303,2183
289,2134
299,2130
284,2053
289,2169
299,2201
342,2451
300,2243
323,2314
299,2215
301,2221
308,2251
284,2030
348,2500
282,2004
277,2072
292,2070
279,2069
293,2145
298,2162
304,2110
301,2167
313,2344
299,2242
287,2091
282,2096
294,2246
289,2154
321,2408
295,2089
277,1950
278,2068
373,2724
292,2024
287,2064
353,2622
317,2325
302,2177
301,2244
286,2120
294,2194
300,2131
286,2100
374,2725
366,2572
365,2571
299,2125
311,2190
331,2408
319,2289
299,2212
306,2185
278,2088
277,2088
299,2148
287,2138
273,1988
332,2485
288,2057
291,2087
286,2038
323,2314
324,2339
299,2087
307,2339
282,2098
325,2294
294,2084
303,2194
302,2170
326,2282
304,2195
277,2042
307,2113
293,2084
329,2397
310,2334
301,2143
288,2092
392,2788
319,2346
357,2708
288,2116
330,2433
306,2219
282,2105
322,2431
374,2725
350,2655
285,2132
289,2142
286,2119
278,2011
275,2065
283,2136
299,2122
282,2114
272,1920
338,2447
314,2193
290,2117
307,2172
340,2493
293,2084
278,2090
299,2113
286,2143
303,2197
343,2664
285,2077
298,2102
298,2178
322,2329
298,2140
297,2172
295,2147
289,2108
298,2088
287,2070
404,3051
297,2240
325,2364
291,1964
282,2109
304,2135
336,2441
287,2095
293,2141
331,2358
289,2064
290,2265
289,2150
286,2071
309,2252
301,2181
302,2144
280,2090
300,2151
312,2192
289,2028
330,2349
270,1992
283,2106
288,2121
293,2079
308,2260
628,4593
301,2136
300,2190
292,2098
283,1956
365,2716
308,2132
291,2128
331,2395
306,2172
294,2085
295,2091
300,2243
374,2725
293,2102
294,2145
303,2165
300,2131
288,2092
285,2075
311,2217
376,2772
306,2338
280,2063
284,2116
315,2337
295,2188
295,2154
284,2081
292,2119
296,2077
284,2089
280,2077
323,2375
294,2110
288,2121
288,2113
317,2318
373,2724
325,2371
293,2121
282,2082
285,2075
279,2109
280,2048
310,2279
309,2349
331,2382
304,2184
323,2229
309,2252
298,2142
294,2108
296,2262
277,2104
313,2365
289,2097
305,2184
289,2082
302,2115
281,2071
303,2232
290,2064
301,2152
318,2345
296,2127
281,2038
302,2202
276,2017
397,2912
298,2106
290,2142
299,2132
293,2189
324,2327
297,2101
338,2415
311,2191
310,2301
325,2478
304,2344
291,2147
314,2345
283,2067
287,2087
297,2080
319,2274
350,2640
280,2068
282,2047
293,2120
311,2213
289,2184
295,2118
313,2281
285,2076
360,2714
291,2171
305,2111
311,2202
296,2105
302,2119
600,4599
375,2729
330,2378
289,2081
320,2362
313,2256
304,2224
292,2082
291,2101
317,2363
284,2088
294,2134
300,2243
315,2194
306,2249
310,2296
321,2336
291,2075
313,2320
385,2781
278,2073
288,2122
321,2360
300,2119
332,2383
291,2115
354,2575
295,2175
295,2122
311,2275
307,2163
315,2445
346,2469
313,2324
327,2430
300,2131
449,3361
294,2107
326,2429
317,2339
314,2381
298,2114
355,2640
288,2088
307,2313
292,2120
219,1573
320,2368
318,2359
335,2457
302,2271
303,2093
277,2067
515,3839
325,2311
298,2106
278,1952
324,2288
289,2112
289,2097
314,2366
304,2247
333,2442
292,2066
282,2063
285,2080
323,2365
298,2076
285,2096
277,2078
293,2109
611,4576
327,2430
279,2069
289,2095
286,2130
360,2650
288,2120
322,2364
301,2255
335,2469
301,2197
310,2361
278,2070
333,2420
356,2669
301,2093
322,2364
300,2094
292,2182
356,2641
298,2218
299,2155
307,2236
280,2054
277,2067
283,2061
309,2339
303,2126
290,2146
319,2276
282,2109
325,2371
286,2097
362,2615
283,2091
293,2173
308,2314
303,2191
235,1681
294,2038
305,2225
278,2055
289,2114
297,2177
324,2365
299,2148
370,2721
326,2432
272,2062
284,2115
293,2058
292,2070
385,2781
600,4599
209,1563
277,2067
312,2192
307,2158
301,2194
333,2384
295,2087
293,2142
292,2046
288,2078
331,2434
288,2139
303,2125
292,2190
286,2082
313,2328
374,2790
300,2252
290,2096
304,2233
302,2153
289,2116
291,2056
294,2093
284,2132
385,2781
290,2191
372,2723
279,2011
260,1807
302,2078
320,2368
297,2149
291,2103
334,2457
288,2135
296,2156
300,2201
382,2778
354,2582
363,2569
304,2184
286,2142
301,2300
308,2131
283,2056
332,2365
610,4575
280,2012
311,2286
301,2120
289,2148
298,2088
291,2059
215,1569
290,2071
264,1862
293,2092
292,2143
316,2364
291,2084
322,2425
281,2029
284,2090
296,2087
332,2435
308,2338
376,2772
290,2153
292,2141
290,2112
301,2181
290,1963
324,2436
345,2464
295,2142
287,2074
294,2146
316,2274
300,2165
331,2287
312,2315
344,2453
289,2102
318,2370
290,2091
328,2447
277,2067
305,2327
275,2065
284,2106
297,2240
392,2788
314,2223
336,2363
284,2064
293,2173
311,2221
395,2791
329,2393
290,2145
287,2098
303,2091
286,1959
308,2274
294,2077
306,2197
280,2102
299,2192
288,2085
283,2070
282,2073
285,2108
305,2221
292,2107
614,4613
274,1948
375,2726
285,2107
292,2100
333,2420
643,4849
312,2135
297,2139
282,2047
284,2065
322,2368
297,2110
279,2069
322,2337
399,2893
611,4576
289,2112
309,2252
308,2248
305,2169
279,2107
339,2426
290,2084
302,2215
294,2084
285,2130
284,2107
290,2116
285,2108
357,2644
304,2127
281,2123
297,2199
321,2373
292,2121
334,2609
312,2337
312,2344
224,1578
294,2091
297,2125
330,2324
289,2112
278,2068
291,2097
288,2032
328,2376
309,2225
314,2444
300,2091
288,2139
291,2035
283,2035
315,2209
307,2213
285,2130
324,2375
293,2026
283,2073
318,2337
290,2100
325,2347
290,2059
328,2359
289,2074
322,2311
289,2095
392,2788
286,2091
312,2270
284,2112
324,2391
321,2369
306,2234
282,2126
299,2105
456,3267
290,2109
397,2988
282,2035
288,2078
293,2076
390,2884
302,2148
299,2211
291,2184
285,2075
292,2082
324,2280
297,2109
299,2079
296,2115
312,2224
313,2355
310,2226
296,2186
286,2109
289,1962
332,2380
302,2208
293,2101
351,2557
279,2057
330,2435
302,2159
303,2216
280,2070
319,2367
283,2128
304,2277
389,2785
303,2216
316,2236
293,2049
378,2729
357,2585
292,2126
302,2245
298,2241
393,2789
374,2770
293,2045
299,2164
332,2380
299,2146
333,2340
291,2176
290,2116
298,2178
324,2385
285,2114
289,2112
392,2983
313,2302
296,2262
632,4838
280,2071
286,2117
280,2070
295,2175
299,2227
301,2175
325,2357
303,2166
314,2284
318,2366
286,2067
305,2248
405,3011
281,2049
348,2617
286,2145
299,2129
609,4574
285,2112
289,2105
314,2187
289,2150
290,2029
288,2125
284,2074
280,2051
297,2103
321,2312
299,2105
303,2155
368,2764
319,2338
336,2445
295,2146
307,2170
276,2017
308,2265
308,2188
276,2012
622,4587
288,2132
293,2034
299,2179
290,2109
347,2568
310,2309
288,2144
315,2334
292,2125
289,2126
305,2189
288,2147
280,2070
315,2271
291,2045
267,1865
305,2201
305,2116
284,2078
287,2055
301,2146
314,2444
293,2173
290,2023
294,2151
278,2030
306,2114
284,2111
295,2146
314,2270
296,2209
299,2125
303,2278
298,2241
307,2184
281,1954
287,2140
290,2155
324,2365
281,2108
526,3850
293,2080
277,2067
308,2181
289,2066
285,2113
295,2108
280,2088
363,2676
281,2081
289,2046
284,2085
323,2375
323,2453
293,2150
317,2274
281,2079
293,2073
291,2110
303,2213
290,2263
304,2214
334,2341
295,2088
325,2376
334,2411
364,2718
280,2128
288,2168
277,2055
334,2457
310,2340
287,2124
294,2204
294,2038
310,2268
313,2359
283,2058
269,1954
311,2441
280,2034
294,2207
362,2778
289,2199
300,2108
312,2354
286,2117
297,2130
318,2307
286,2064
601,4600
309,2219
321,2312
330,2433
303,2259
271,2061
288,2116
298,2129
291,2143
279,2069
311,2335
287,2084
293,2173
307,2187
404,3068
288,2107
281,2081
288,1961
287,2077
282,2042
299,2155
296,2085
296,2119
286,2097
286,2061
290,2098
291,2234
296,2186
305,2118
299,2215
292,2174
298,2087
329,2435
307,2200
415,3079
291,2139
283,2071
283,2051
297,2208
368,2784
374,2725
292,2092
295,2175
294,2195
304,2095
335,2441
403,2994
291,2147
290,2031
283,2035
301,2132
313,2277
295,2086
294,2075
297,2140
308,2199
285,2037
342,2445
354,2687
279,2083
289,2115
319,2304
293,2149
332,2462
321,2424
280,2084
282,2110
285,2059
302,2204
294,2062
341,2493
319,2422
452,3263
383,2779
366,2690
330,2378
330,2381
279,2069
314,2292
289,2045
244,1690
286,2114
281,2085
512,3836
295,2028
293,2173
324,2364
306,2249
338,2443
325,2366
297,2263
283,2140
366,2782
357,2647
319,2259
301,2180
319,2309
305,2215
375,2726
305,2195
289,2122
287,2087
604,4603
336,2384
322,2307
282,2150
322,2402
298,2058
285,2068
301,2107
300,2175
311,2191
329,2348
310,2216
298,2241
288,2121
288,2086
314,2305
602,4601
327,2354
374,2725
348,2617
308,2188
284,2071
301,2181
288,2149
293,2184
298,2073
286,2086
302,2119
296,2122
300,2119
300,2106
310,2311
330,2362
300,2128
328,2431
285,2045
285,2140
285,2075
294,2099
333,2379
320,2347
308,2218
366,2619
359,2710
327,2430
323,2331
389,2883
351,2656
292,2082
297,2105
320,2359
306,2066
332,2493
297,2195
289,2093
308,2188
305,2260
216,1570
300,2140
298,2063
296,2176
304,2214
302,2097
326,2377
315,2271
277,2018
319,2203
278,2071
286,2102
282,2128
299,2150
310,2332
372,2696
295,2083
287,2074
273,1968
295,2126
287,2167
294,2094
288,2168
312,2303
294,2082
308,2218
297,2148
300,2213
305,2170
299,2095
292,2119
318,2310
292,2115
291,2043
418,3082
295,2175
326,2378
305,2105
311,2289
318,2325
277,2033
300,2252
281,2071
310,2253
318,2228
356,2673
332,2310
290,2063
294,2078
295,2130
288,2081
302,2146
334,2382
289,2112
371,2716
296,2157
292,2114
289,2079
319,2425
286,2090
285,2037
294,2100
277,2075
317,2308
269,1954
304,2169
326,2282
307,2201
286,2090
309,2320
323,2364
316,2259
316,2222
298,2079
281,2027
277,2067
619,4584
336,2423
301,2146
298,2090
314,2194
302,2215
304,2156
306,2272
293,2094
279,2023
285,2000
376,2772
286,2069
304,2260
284,2084
287,2058
401,2895
295,2146
279,2063
289,2089
290,2132
289,2155
291,2069
299,2082
286,2019
315,2314
322,2349
364,2715
302,2256
301,2105
326,2353
288,2111
361,2694
288,2168
272,1870
281,2061
329,2307
294,2065
287,2106
307,2189
315,2243
284,2111
309,2222
294,2146
285,2041
377,2728
647,4853
294,2100
286,2109
294,2204
308,2338
277,2088
304,2112
304,2202
272,1957
289,2079
633,4839
296,2187
315,2224
298,2124
286,2078
308,2188
280,2070
296,2176
290,2104
293,2138
290,2127
388,2784
288,2104
364,2672
309,2339
340,2657
286,2055
370,2655
294,2157
349,2618
280,2108
389,2785
299,2105
293,2142
297,2041
332,2400
291,2181
303,2183
293,2091
291,2075
305,2248
306,2179
325,2406
310,2268
289,2102
303,2205
327,2334
611,4610
278,2024
284,2111
297,2177
289,2080
314,2345
291,2110
243,1689
320,2445
287,2169
285,2137
279,2069
295,2273
306,2222
289,2106
294,2085
294,2150
293,2191
294,2153
302,2181
299,2162
294,2121
291,2131
301,2178
344,2505
340,2615
345,2506
325,2352
291,2074
333,2360
286,2094
295,2126
287,2080
286,2096
298,2122
291,2081
268,1866
315,2300
306,2222
307,2218
328,2350
283,2073
290,2103
298,2140
291,2156
289,2174
513,3837
317,2306
358,2679
362,2686
308,2218
354,2667
285,2132
336,2416
299,2130
298,2098
