173,1225
178,1265
178,1306
177,1212
177,1237
170,1220
185,1249
177,1211
190,1230
187,1183
188,1261
184,1234
181,1280
179,1252
177,1219
184,1276
178,1245
175,1233
187,1233
178,1207
170,1211
175,1228
181,1249
175,1203
175,1202
190,1272
189,1255
179,1224
183,1198
170,1227
185,1206
175,1215
181,1229
176,1240
180,1246
185,1190
189,1272
179,1219
175,1201
190,1225
178,1231
190,1244
176,1259
182,1195
191,1192
194,1282
183,1237
175,1224
180,1252
193,1232
175,1234
191,1256
189,1190
185,1238
188,1249
178,1193
178,1250
192,1217
175,1240
173,1197
177,1223
180,1230
178,1200
178,1198
176,1229
186,1278
173,1228
190,1244
177,1251
187,1231
188,1286
196,1247
181,1225
181,1217
184,1203
176,1240
177,1268
185,1232
177,1187
182,1227
179,1210
178,1222
183,1226
176,1236
189,1231
176,1246
181,1255
196,1255
177,1231
176,1225
185,1229
192,1266
170,1223
196,1230
186,1211
177,1178
179,1253
175,1243
179,1241
183,1264
185,1205
193,1271
189,1226
184,1242
176,1203
178,1232
179,1218
176,1251
177,1254
181,1217
175,1217
184,1250
187,1228
177,1218
176,1214
190,1249
175,1181
186,1253
190,1250
169,1202
189,1240
193,1235
183,1220
186,1206
185,1231
189,1204
189,1205
180,1233
180,1216
194,1237
180,1213
173,1205
185,1256
190,1289
189,1260
183,1215
180,1217
194,1245
178,1171
177,1237
173,1215
188,1275
179,1217
188,1262
170,1235
177,1227
180,1221
173,1229
179,1240
175,1232
177,1221
173,1201
184,1201
170,1132
184,1228
184,1222
181,1240
186,1232
186,1241
192,1276
183,1245
176,1211
188,1263
187,1218
183,1191
184,1242
181,1234
190,1249
187,1230
177,1241
178,1211
189,1240
176,1196
181,1260
189,1215
183,1209
193,1276
189,1209
169,1257
175,1189
175,1245
186,1240
182,1223
175,1256
176,1234
176,1223
170,1251
183,1236
187,1193
178,1245
193,1237
184,1241
187,1206
187,1261
175,1215
183,1162
184,1234
186,1278
185,1244
183,1240
176,1228
187,1252
169,1237
185,1237
175,1143
183,1244
190,1206
176,1230
185,1238
184,1238
182,1244
190,1259
193,1227
186,1236
175,1199
188,1253
187,1212
179,1223
194,1267
182,1216
177,1202
179,1240
169,1193
196,1249
182,1223
175,1196
179,1245
190,1253
188,1193
188,1262
181,1216
185,1204
183,1203
188,1193
178,1214
189,1209
178,1257
190,1200
176,1195
181,1244
175,1248
184,1246
176,1220
182,1212
190,1249
182,1241
184,1244
189,1247
179,1228
191,1238
173,1220
185,1227
192,1204
188,1224
187,1252
182,1231
177,1205
175,1264
185,1267
177,1266
173,1221
176,1251
179,1234
170,1225
177,1238
178,1176
181,1213
175,1234
191,1241
184,1224
190,1225
179,1204
183,1210
183,1195
185,1238
175,1231
193,1247
187,1232
188,1247
192,1240
185,1184
179,1218
190,1266
190,1256
183,1260
177,1209
185,1261
177,1223
187,1255
189,1253
190,1223
187,1178
190,1238
196,1252
183,1274
180,1240
184,1238
185,1261
169,1260
176,1243
175,1207
178,1212
194,1262
192,1285
177,1202
187,1218
176,1228
178,1213
183,1221
185,1252
188,1240
190,1268
185,1224
190,1282
179,1224
178,1246
189,1250
179,1220
187,1242
178,1231
173,1218
180,1241
185,1221
186,1226
176,1222
178,1204
191,1241
176,1220
181,1235
175,1215
194,1258
178,1219
182,1219
179,1218
184,1239
181,1218
170,1252
193,1215
170,1259
187,1258
186,1267
170,1236
192,1230
179,1194
180,1140
191,1204
196,1282
187,1225
179,1239
187,1218
185,1220
193,1231
187,1273
186,1246
192,1243
187,1242
173,1252
176,1194
170,1223
175,1230
182,1220
177,1225
193,1218
185,1225
176,1251
175,1229
175,1238
184,1233
175,1221
177,1249
177,1214
175,1208
189,1240
188,1268
177,1237
178,1196
191,1259
177,1235
196,1220
184,1290
190,1215
178,1253
177,1223
182,1243
188,1244
170,1236
179,1247
177,1217
184,1193
176,1219
177,1228
187,1246
178,1250
180,1239
176,1247
183,1237
175,1190
185,1223
194,1250
170,1175
190,1266
187,1247
184,1276
177,1215
184,1244
193,1293
178,1225
178,1223
186,1229
175,1210
189,1209
183,1229
186,1184
191,1245
191,1240
180,1212
183,1221
196,1236
187,1245
188,1227
178,1218
186,1245
185,1284
183,1248
178,1239
188,1297
189,1246
169,1179
188,1257
185,1260
175,1214
176,1186
192,1238
175,1204
175,1256
184,1220
173,1236
193,1231
179,1240
183,1210
175,1238
184,1219
173,1237
189,1237
178,1222
188,1266
193,1220
177,1193
186,1229
178,1247
182,1237
177,1199
183,1281
187,1248
178,1206
169,1228
181,1216
177,1256
177,1247
190,1213
190,1231
176,1258
189,1160
186,1290
178,1208
190,1238
196,1240
192,1232
180,1215
177,1226
180,1304
169,1187
180,1201
170,1206
176,1236
177,1230
183,1275
176,1214
183,1255
194,1243
187,1244
176,1279
183,1251
181,1257
173,1243
176,1235
185,1225
181,1267
190,1249
177,1257
182,1189
184,1250
177,1252
192,1189
175,1245
186,1268
188,1250
193,1271
185,1220
190,1236
177,1235
175,1183
181,1234
185,1243
176,1249
184,1232
185,1276
175,1259
176,1225
191,1267
176,1207
183,1243
179,1239
190,1232
196,1208
177,1239
180,1247
178,1221
183,1207
178,1233
188,1241
175,1190
185,1236
169,1193
177,1191
190,1220
185,1249
196,1243
175,1236
175,1185
175,1229
183,1196
182,1249
179,1261
176,1255
178,1229
177,1228
180,1232
181,1253
186,1248
184,1245
183,1256
187,1247
181,1272
188,1217
175,1284
183,1283
176,1221
183,1225
175,1202
173,1257
180,1245
173,1198
175,1232
187,1252
190,1231
194,1265
182,1248
183,1252
181,1242
178,1226
177,1236
185,1223
189,1245
196,1226
189,1296
177,1229
187,1237
175,1280
190,1262
193,1250
177,1232
175,1237
189,1238
183,1265
173,1207
182,1208
185,1237
175,1215
180,1240
176,1234
170,1201
187,1283
175,1246
170,1213
183,1256
188,1234
188,1239
181,1196
190,1229
182,1210
193,1275
188,1220
187,1182
175,1277
187,1244
182,1210
181,1215
176,1244
178,1272
190,1212
181,1210
186,1261
193,1227
176,1218
184,1214
175,1174
180,1241
178,1209
170,1231
187,1221
180,1192
190,1194
196,1249
175,1258
175,1260
186,1238
178,1262
183,1258
178,1151
175,1250
175,1195
192,1291
176,1204
184,1251
183,1261
175,1226
193,1261
190,1250
193,1252
177,1281
193,1231
187,1255
178,1233
187,1268
175,1232
187,1243
193,1229
178,1243
176,1237
176,1209
193,1256
185,1244
175,1256
185,1246
194,1285
175,1206
176,1136
176,1227
170,1204
183,1251
177,1217
180,1235
187,1162
179,1227
193,1224
181,1226
176,1215
177,1270
178,1211
187,1227
181,1234
175,1231
183,1222
189,1254
173,1228
189,1199
179,1245
178,1236
169,1208
177,1227
178,1260
189,1235
188,1202
177,1175
178,1195
180,1230
177,1219
177,1205
187,1243
177,1236
183,1242
178,1192
196,1295
181,1236
180,1230
177,1236
189,1237
175,1272
173,1257
185,1252
181,1215
175,1179
193,1189
185,1257
192,1239
185,1244
177,1207
190,1242
178,1225
175,1198
193,1254
175,1251
170,1185
177,1268
173,1219
185,1253
178,1251
176,1222
188,1288
186,1235
175,1198
187,1196
176,1243
177,1263
175,1218
193,1208
196,1238
183,1239
178,1217
186,1244
177,1193
176,1235
186,1232
187,1228
185,1236
185,1246
187,1198
190,1211
170,1189
179,1263
176,1229
193,1279
185,1236
193,1265
181,1211
183,1237
187,1273
183,1196
181,1202
185,1202
185,1261
177,1210
194,1238
175,1250
181,1233
176,1231
180,1261
181,1224
188,1238
178,1261
169,1229
184,1236
178,1257
178,1186
181,1254
187,1216
170,1219
178,1210
185,1225
177,1225
177,1220
183,1193
182,1240
185,1199
193,1251
189,1252
179,1234
185,1155
177,1237
175,1248
177,1198
181,1216
184,1199
173,1247
176,1191
183,1254
175,1213
177,1197
175,1239
177,1227
189,1211
181,1273
186,1277
180,1187
178,1234
191,1248
185,1212
176,1226
175,1219
176,1208
180,1231
173,1236
176,1250
175,1244
187,1252
177,1166
175,1233
179,1234
189,1226
175,1219
185,1252
181,1233
179,1225
178,1224
175,1185
190,1248
191,1239
183,1247
182,1217
183,1230
184,1224
189,1247
179,1207
180,1189
189,1230
183,1227
193,1248
183,1207
183,1219
186,1250
179,1219
189,1232
179,1220
178,1233
178,1203
188,1239
170,1259
178,1268
189,1237
175,1233
177,1221
187,1231
184,1265
187,1250
183,1243
178,1215
178,1219
169,1207
196,1195
177,1198
179,1241
187,1218
184,1238
180,1232
177,1196
178,1258
193,1247
188,1215
187,1230
176,1173
178,1199
193,1233
188,1215
192,1254
187,1243
184,1222
178,1233
176,1240
175,1231
188,1205
175,1219
194,1196
176,1192
178,1227
187,1262
184,1244
179,1222
177,1228
176,1222
193,1246
182,1247
193,1202
176,1223
178,1244
179,1219
175,1185
175,1246
176,1228
183,1227
175,1196
187,1253
183,1230
177,1236
185,1234
177,1245
180,1253
175,1238
186,1231
179,1211
192,1232
186,1234
176,1270
183,1253
187,1263
184,1195
180,1162
175,1236
179,1227
177,1235
176,1213
184,1209
183,1273
192,1252
185,1255
186,1271
190,1231
190,1195
186,1241
190,1240
188,1258
178,1249
187,1206
183,1251
175,1190
175,1245
178,1223
184,1224
178,1240
191,1228
179,1219
176,1214
180,1238
183,1255
175,1212
169,1209
169,1216
190,1227
176,1201
190,1233
173,1213
183,1284
181,1216
180,1229
196,1215
175,1221
170,1226
177,1235
178,1203
175,1261
181,1252
182,1242
191,1273
187,1233
186,1226
175,1238
190,1196
183,1235
182,1236
187,1243
189,1227
194,1199
175,1230
184,1244
178,1231
179,1238
178,1261
181,1285
184,1223
175,1256
170,1209
182,1224
178,1280
176,1221
175,1121
187,1210
175,1200
176,1213
177,1242
178,1304
181,1220
178,1244
176,1261
183,1231
178,1214
190,1244
193,1237
188,1258
177,1244
177,1218
187,1240
194,1163
173,1201
191,1242
192,1226
176,1233
177,1246
185,1201
187,1219
182,1228
191,1274
185,1252
178,1249
186,1208
178,1227
193,1245
183,1231
182,1234
190,1274
190,1247
173,1214
193,1260
177,1209
183,1209
183,1221
185,1210
189,1230
182,1237
180,1192
192,1225
182,1192
175,1291
189,1229
181,1206
175,1276
189,1229
178,1248
181,1225
186,1198
175,1233
189,1251
189,1211
176,1269
173,1239
193,1219
183,1218
170,1245
176,1204
190,1271
178,1253
181,1219
181,1186
188,1257
184,1274
183,1265
184,1254
184,1252
189,1250
177,1271
187,1235
188,1220
179,1226
179,1215
170,1208
175,1207
173,1215
193,1217
181,1227
189,1249
176,1220
177,1244
185,1252
190,1244
179,1222
187,1206
193,1229
176,1243
178,1244
185,1216
183,1223
170,1266
190,1208
193,1252
178,1235
176,1195
177,1216
178,1205
179,1225
175,1228
178,1239
190,1197
190,1235
177,1239
175,1233
175,1241
196,1207
196,1296
186,1241
176,1232
181,1199
185,1230
185,1263
179,1206
175,1237
186,1275
175,1182
176,1176
177,1212
185,1228
187,1249
188,1249
177,1233
190,1209
181,1204
179,1246
180,1185
175,1224
177,1224
177,1223
173,1225
182,1220
176,1217
182,1253
190,1207
177,1249
177,1243
189,1218
177,1190
187,1241
176,1218
175,1256
177,1202
173,1203
175,1247
179,1236
177,1236
180,1270
177,1222
175,1213
186,1231
176,1218
179,1220
183,1203
175,1240
176,1227
179,1245
187,1196
183,1244
176,1254
179,1157
185,1220
177,1224
181,1253
187,1242
186,1259
176,1241
177,1241
180,1255
181,1291
180,1225
187,1228
186,1215
188,1232
190,1235
181,1259
190,1265
173,1221
187,1241
176,1218
191,1261
179,1248
183,1210
186,1186
192,1221
170,1195
184,1251
179,1202
183,1240
181,1256
181,1220
192,1270
175,1204
183,1201
183,1236
178,1217
177,1201
178,1224
196,1177
183,1257
177,1231
184,1264
185,1248
191,1251
182,1244
185,1261
192,1218
181,1246
177,1238
193,1240
177,1114
189,1246
186,1246
177,1222
190,1286
178,1206
188,1228
183,1222
184,1233
178,1257
182,1210
177,1213
177,1220
182,1257
173,1222
177,1266
179,1240
186,1248
190,1239
187,1260
179,1228
178,1240
187,1269
186,1251
176,1205
181,1284
193,1248
194,1270
192,1320
169,1206
181,1282
173,1244
176,1222
178,1276
175,1189
196,1263
187,1217
179,1215
188,1231
179,1217
178,1236
177,1259
183,1242
183,1274
181,1208
188,1213
187,1221
187,1203
178,1199
192,1248
187,1254
189,1229
190,1217
196,1199
176,1216
180,1165
184,1281
178,1224
188,1228
184,1282
183,1223
176,1209
175,1225
185,1244
187,1237
176,1202
175,1225
189,1268
183,1234
187,1237
178,1248
180,1201
182,1227
178,1242
183,1213
187,1210
186,1231
194,1212
187,1252
181,1243
178,1263
173,1193
175,1229
193,1293
177,1218
185,1210
178,1182
187,1193
177,1258
192,1244
175,1212
179,1236
190,1293
177,1217
192,1250
175,1198
179,1255
182,1204
183,1198
179,1203
178,1239
177,1259
188,1244
177,1260
177,1223
190,1296
177,1214
173,1205
189,1247
186,1226
176,1234
176,1184
187,1213
193,1213
176,1183
186,1249
190,1231
185,1216
177,1230
189,1218
189,1219
178,1232
177,1258
183,1223
192,1261
175,1212
176,1255
178,1225
173,1213
181,1239
175,1221
183,1203
177,1247
173,1236
181,1224
186,1218
175,1253
190,1211
194,1246
186,1243
185,1247
196,1217
185,1220
181,1288
176,1257
185,1204
189,1213
186,1213
182,1240
175,1213
190,1227
177,1204
177,1199
175,1214
178,1235
181,1226
186,1286
177,1224
185,1220
178,1255
175,1205
170,1175
175,1204
186,1234
192,1242
188,1252
177,1232
176,1234
187,1262
176,1212
179,1279
185,1263
186,1220
175,1221
191,1229
182,1263
175,1234
179,1234
177,1188
181,1227
179,1170
194,1222
181,1200
190,1220
193,1219
196,1207
183,1222
184,1241
183,1229
190,1226
169,1224
178,1271
177,1192
189,1253
177,1279
179,1243
175,1202
178,1192
178,1229
175,1194
177,1237
177,1235
175,1224
176,1261
183,1250
185,1245
179,1191
178,1196
175,1214
183,1152
175,1237
185,1235
177,1242
194,1257
185,1239
178,1232
184,1212
181,1244
179,1269
173,1210
173,1268
179,1268
184,1237
193,1256
180,1223
177,1276
183,1261
186,1248
175,1232
177,1194
189,1256
177,1253
177,1234
186,1217
176,1240
181,1220
196,1266
186,1258
178,1217
178,1241
193,1249
187,1210
173,1247
189,1237
181,1254
175,1214
177,1215
186,1243
186,1288
173,1197
180,1254
177,1284
169,1254
179,1205
176,1180
185,1243
170,1240
184,1227
182,1242
192,1225
182,1216
173,1197
184,1271
178,1193
184,1263
186,1245
183,1239
182,1190
179,1230
185,1199
184,1262
179,1209
175,1237
185,1266
191,1217
187,1244
183,1234
179,1191
187,1229
173,1245
187,1200
178,1256
177,1237
178,1246
180,1188
178,1225
186,1220
183,1226
178,1179
185,1218
178,1208
188,1214
178,1253
177,1256
187,1256
175,1236
169,1212
176,1200
196,1257
177,1233
180,1212
186,1182
187,1286
175,1241
175,1191
186,1242
187,1230
184,1191
190,1238
185,1241
180,1201
175,1221
193,1196
178,1232
187,1196
176,1203
185,1295
186,1207
181,1231
177,1200
183,1260
170,1293
190,1234
176,1233
193,1252
180,1266
175,1197
194,1252
180,1205
179,1239
179,1216
190,1249
173,1231
187,1229
183,1215
187,1245
185,1215
190,1279
187,1223
183,1226
177,1251
188,1224
170,1215
178,1245
178,1233
177,1245
190,1246
193,1255
176,1274
183,1267
191,1247
183,1255
188,1240
169,1207
173,1212
189,1295
175,1225
181,1231
176,1222
184,1202
175,1286
190,1278
190,1222
175,1229
190,1223
180,1225
175,1211
187,1242
183,1267
189,1271
181,1262
173,1253
190,1253
191,1258
187,1244
182,1253
186,1240
178,1251
176,1242
182,1214
183,1214
180,1233
193,1261
190,1278
194,1267
179,1232
179,1226
179,1217
182,1287
178,1230
176,1246
181,1278
181,1260
182,1246
175,1173
189,1230
184,1242
181,1227
177,1269
177,1213
196,1250
186,1246
181,1237
191,1239
177,1206
180,1270
176,1242
192,1263
178,1232
175,1227
187,1264
183,1242
175,1210
177,1231
183,1245
184,1212
187,1271
182,1276
186,1206
179,1230
176,1202
177,1200
183,1227
188,1221
184,1208
190,1261
179,1208
190,1235
184,1290
181,1258
188,1267
179,1256
189,1225
177,1227
185,1246
182,1271
193,1236
184,1271
185,1261
184,1199
178,1239
188,1203
178,1249
183,1206
191,1275
190,1288
190,1245
176,1259
180,1231
187,1245
184,1264
169,1208
190,1237
169,1213
179,1250
178,1210
170,1243
187,1233
177,1248
178,1247
183,1222
185,1222
183,1235
188,1244
190,1248
188,1232
182,1233
175,1214
185,1236
178,1201
177,1232
196,1254
189,1237
179,1307
188,1243
181,1258
179,1241
190,1239
190,1249
178,1236
177,1288
175,1234
190,1259
193,1231
190,1285
185,1316
184,1260
187,1203
180,1224
182,1209
175,1188
177,1225
184,1238
187,1197
185,1208
179,1223
184,1243
183,1242
183,1247
183,1251
175,1214
175,1229
176,1211
177,1252
189,1238
175,1230
189,1263
188,1250
176,1240
189,1248
177,1232
183,1207
188,1228
186,1194
173,1238
177,1258
177,1212
185,1234
184,1225
181,1238
179,1211
175,1247
178,1239
177,1239
189,1257
189,1289
177,1237
178,1257
177,1243
182,1227
185,1254
181,1201
169,1219
176,1180
177,1232
196,1236
182,1261
177,1246
179,1217
187,1217
178,1290
181,1206
177,1273
179,1235
191,1212
178,1213
191,1218
187,1246
178,1227
178,1240
189,1245
178,1198
189,1250
176,1227
178,1238
178,1249
177,1196
177,1233
189,1261
191,1244
190,1259
184,1247
180,1207
177,1214
181,1241
179,1236
177,1222
175,1205
183,1205
177,1256
179,1229
194,1234
196,1249
177,1211
179,1224
190,1252
180,1246
178,1244
170,1250
181,1260
180,1228
186,1240
184,1262
177,1266
187,1251
178,1242
177,1277
181,1235
191,1228
196,1210
187,1246
189,1237
178,1231
178,1200
189,1225
177,1225
187,1215
191,1196
179,1250
178,1261
183,1223
189,1220
186,1228
187,1250
184,1277
179,1237
185,1151
177,1233
183,1244
175,1232
177,1271
187,1269
190,1216
183,1259
188,1264
181,1197
181,1290
178,1248
177,1156
193,1256
179,1191
176,1257
196,1205
176,1238
177,1200
190,1232
187,1245
170,1189
176,1266
176,1215
194,1194
183,1228
189,1234
187,1252
193,1261
184,1229
175,1225
193,1285
184,1198
190,1257
175,1196
176,1205
187,1234
183,1255
177,1193
177,1262
186,1255
178,1198
179,1229
175,1255
190,1227
186,1209
190,1234
187,1238
182,1211
184,1239
186,1264
194,1232
184,1232
175,1278
169,1225
175,1207
182,1250
189,1248
175,1229
177,1237
183,1243
194,1273
179,1172
190,1243
186,1239
189,1234
193,1190
179,1249
173,1301
190,1196
176,1265
176,1278
183,1263
178,1229
177,1231
177,1245
186,1252
179,1231
179,1277
189,1232
176,1198
179,1234
180,1234
182,1211
176,1239
181,1258
170,1223
178,1244
175,1179
180,1202
184,1245
173,1181
192,1245
184,1196
189,1258
193,1269
186,1217
178,1221
183,1246
182,1168
194,1234
190,1209
181,1235
177,1178
176,1235
180,1249
196,1255
185,1284
177,1198
175,1191
193,1247
185,1240
190,1251
188,1224
185,1224
178,1261
183,1259
177,1244
178,1228
176,1219
185,1214
194,1256
178,1219
194,1228
177,1274
183,1205
179,1252
176,1218
178,1256
179,1219
179,1280
185,1211
177,1238
177,1206
190,1272
175,1222
181,1284
189,1248
196,1276
177,1239
176,1237
182,1270
175,1235
191,1241
177,1234
175,1242
183,1222
175,1201
177,1270
179,1237
181,1225
183,1230
177,1255
182,1247
180,1232
177,1227
182,1215
175,1221
193,1225
176,1194
196,1248
180,1178
187,1251
184,1212
177,1232
190,1242
190,1238
187,1232
173,1163
175,1222
176,1215
177,1215
191,1277
194,1239
187,1235
181,1246
177,1246
183,1227
184,1219
177,1169
178,1225
190,1226
184,1237
181,1250
179,1255
189,1252
183,1273
193,1237
192,1266
176,1236
186,1274
187,1247
173,1181
177,1202
177,1191
176,1233
180,1234
175,1225
179,1204
189,1256
178,1223
181,1232
175,1254
178,1248
178,1255
183,1266
175,1229
185,1251
177,1242
177,1228
177,1209
189,1280
189,1230
189,1204
184,1194
176,1246
177,1185
179,1250
186,1217
185,1224
177,1239
178,1241
178,1278
176,1229
189,1267
183,1240
183,1214
188,1241
184,1216
181,1222
185,1208
186,1198
177,1205
178,1218
177,1209
185,1237
184,1209
181,1240
178,1263
181,1228
177,1215
176,1237
173,1207
177,1222
192,1246
177,1218
185,1210
178,1229
196,1289
183,1311
169,1226
196,1250
185,1240
182,1212
179,1206
173,1216
192,1245
182,1212
177,1224
176,1249
176,1139
176,1222
177,1226
187,1239
177,1268
186,1235
177,1263
184,1238
184,1243
178,1219
176,1196
181,1246
178,1243
180,1217
176,1237
169,1238
175,1251
177,1201
193,1293
178,1266
186,1207
176,1222
177,1210
179,1247
185,1218
196,1254
190,1245
182,1237
177,1240
190,1215
177,1240
194,1294
175,1253
175,1235
181,1223
181,1214
176,1275
178,1234
179,1210
183,1241
177,1253
177,1248
190,1267
176,1230
175,1231
180,1217
180,1223
175,1244
185,1241
185,1223
188,1225
178,1257
188,1238
177,1238
175,1189
196,1175
175,1256
176,1258
178,1241
177,1248
187,1233
181,1235
188,1196
186,1219
173,1241
182,1222
181,1230
178,1192
187,1255
175,1227
181,1200
181,1264
181,1241
190,1251
177,1240
192,1215
179,1268
177,1239
175,1229
178,1225
189,1264
188,1196
181,1241
175,1221
189,1237
176,1229
178,1212
180,1231
194,1208
192,1222
185,1240
178,1245
178,1229
193,1251
175,1209
180,1224
176,1267
183,1189
175,1214
190,1249
186,1263
178,1233
187,1234
183,1294
185,1221
185,1265
186,1250
191,1257
191,1239
181,1221
184,1185
181,1207
185,1248
180,1247
186,1267
189,1268
193,1256
188,1142
175,1223
182,1235
188,1249
183,1225
192,1200
180,1254
182,1258
178,1227
183,1237
175,1283
178,1227
180,1201
183,1235
177,1230
175,1233
181,1197
185,1246
190,1270
186,1206
190,1200
196,1256
175,1226
178,1203
183,1237
189,1199
177,1257
186,1199
178,1258
170,1226
179,1202
176,1246
192,1238
189,1252
180,1222
182,1194
177,1217
187,1244
179,1226
184,1211
178,1203
175,1256
180,1199
175,1218
183,1215
177,1278
185,1268
178,1232
175,1243
179,1228
187,1210
190,1238
194,1221
177,1230
178,1239
169,1243
196,1270
177,1238
189,1261
193,1251
186,1265
191,1213
191,1231
187,1263
181,1227
175,1229
186,1212
177,1231
189,1275
187,1215
182,1257
186,1185
189,1224
190,1223
178,1251
186,1254
190,1244
173,1218
182,1212
184,1236
176,1211
170,1260
188,1244
190,1283
179,1231
175,1229
178,1220
173,1191
175,1230
185,1243
184,1262
175,1234
176,1195
192,1266
183,1257
170,1217
175,1201
178,1245
194,1208
181,1199
183,1216
187,1234
184,1294
183,1245
186,1240
187,1251
173,1181
176,1183
178,1158
185,1227
185,1233
178,1244
176,1201
189,1259
183,1235
176,1202
181,1230
175,1267
187,1261
175,1200
175,1220
179,1238
189,1228
188,1246
179,1212
177,1221
180,1266
183,1176
179,1230
190,1275
183,1211
184,1227
173,1213
186,1216
181,1242
170,1216
177,1270
184,1237
175,1254
178,1273
175,1216
177,1211
185,1222
177,1243
183,1196
185,1212
183,1265
185,1291
187,1220
180,1149
175,1255
177,1227
183,1226
194,1256
189,1224
182,1252
178,1294
169,1280
179,1192
196,1258
193,1241
191,1254
190,1245
170,1218
181,1285
175,1245
178,1252
177,1220
190,1219
176,1256
179,1275
185,1232
187,1259
182,1210
185,1284
177,1227
173,1272
190,1262
178,1266
193,1228
185,1228
175,1224
173,1213
175,1222
188,1184
183,1248
189,1240
179,1257
178,1246
187,1214
176,1267
176,1203
180,1206
176,1216
187,1240
179,1196
190,1248
184,1231
179,1232
177,1236
190,1247
192,1243
177,1243
177,1213
188,1238
189,1231
189,1244
183,1208
190,1184
176,1268
190,1222
190,1200
176,1205
175,1256
187,1322
169,1205
193,1233
175,1259
170,1178
178,1209
177,1256
177,1240
185,1243
178,1203
177,1252
178,1226
173,1234
181,1232
187,1257
187,1281
185,1228
169,1222
180,1208
177,1257
188,1251
183,1215
179,1254
179,1243
175,1205
190,1234
183,1261
170,1253
187,1254
192,1255
189,1252
189,1262
187,1225
178,1252
178,1210
178,1234
180,1206
179,1216
186,1264
178,1238
177,1233
181,1212
176,1264
189,1249
189,1201
187,1238
175,1253
190,1207
186,1275
194,1214
175,1256
176,1234
178,1242
181,1226
189,1263
191,1239
187,1217
175,1232
184,1250
175,1195
189,1282
183,1254
187,1244
179,1250
178,1273
183,1202
169,1180
180,1213
190,1254
178,1285
185,1216
190,1234
190,1244
184,1201
187,1217
190,1283
194,1194
175,1217
192,1252
183,1208
177,1216
179,1200
182,1183
181,1229
177,1261
177,1208
183,1213
181,1229
185,1181
184,1238
177,1235
189,1220
177,1243
175,1224
175,1227
187,1250
190,1290
189,1253
185,1203
178,1200
177,1207
194,1238
178,1246
186,1208
192,1263
188,1216
183,1226
190,1247
182,1192
173,1227
193,1213
188,1227
176,1203
176,1184
184,1256
182,1197
183,1242
181,1283
178,1214
193,1246
193,1253
194,1237
169,1253
192,1220
177,1260
190,1237
190,1287
186,1218
181,1272
177,1216
190,1228
186,1245
178,1200
188,1222
180,1283
180,1187
177,1222
191,1153
170,1191
193,1273
170,1210
183,1275
169,1225
187,1216
189,1240
178,1196
177,1226
176,1204
190,1296
181,1222
196,1228
178,1239
175,1241
186,1258
183,1212
178,1234
180,1220
184,1243
175,1248
183,1214
179,1223
178,1241
187,1203
188,1197
173,1236
188,1231
186,1225
190,1234
177,1196
177,1187
190,1227
187,1243
186,1213
175,1221
181,1229
175,1247
181,1204
183,1255
182,1261
176,1203
181,1234
179,1238
170,1206
183,1246
183,1262
186,1269
169,1223
176,1185
169,1240
186,1211
196,1252
173,1225
194,1255
190,1259
184,1242
175,1163
178,1208
175,1245
184,1240
178,1220
187,1254
185,1203
176,1183
193,1256
177,1239
193,1159
184,1218
179,1232
169,1193
178,1208
190,1267
194,1242
180,1245
186,1281
186,1244
187,1252
183,1259
189,1253
181,1219
189,1273
187,1215
178,1274
187,1213
186,1212
176,1251
185,1240
184,1255
181,1243
179,1233
187,1265
180,1142
175,1215
196,1290
178,1191
190,1227
181,1291
190,1228
181,1237
187,1221
181,1202
187,1230
190,1225
193,1233
190,1231
189,1233
192,1291
183,1239
181,1229
179,1278
183,1234
183,1206
176,1174
177,1209
185,1211
175,1222
190,1249
193,1219
196,1253
179,1245
178,1250
184,1270
184,1243
176,1232
175,1206
187,1262
170,1221
169,1221
175,1212
194,1213
193,1261
180,1234
178,1230
179,1261
175,1194
173,1266
189,1228
180,1221
193,1258
170,1232
182,1273
177,1229
184,1268
169,1231
183,1217
175,1253
182,1229
185,1263
191,1222
191,1219
192,1211
184,1215
177,1228
188,1222
182,1250
176,1180
190,1220
170,1266
183,1250
177,1232
178,1201
182,1206
188,1243
181,1239
179,1234
186,1256
177,1235
175,1227
193,1256
182,1245
185,1244
184,1224
177,1232
173,1210
190,1211
176,1187
178,1251
178,1231
184,1169
189,1239
186,1261
178,1208
178,1210
181,1209
179,1260
185,1264
184,1171
187,1211
178,1237
194,1277
184,1216
189,1248
178,1237
177,1225
178,1277
175,1232
183,1250
191,1218
186,1226
177,1230
175,1229
185,1225
178,1247
188,1200
176,1196
185,1225
182,1248
182,1207
181,1219
193,1251
178,1180
178,1241
178,1268
183,1282
173,1204
185,1255
186,1229
178,1230
186,1237
193,1215
177,1279
185,1223
170,1240
196,1255
181,1257
178,1208
188,1217
183,1253
196,1260
178,1201
178,1245
170,1230
175,1250
179,1221
190,1219
176,1226
169,1235
176,1238
175,1204
187,1223
189,1264
177,1260
175,1254
185,1287
183,1210
189,1225
185,1215
170,1205
175,1273
183,1283
185,1195
185,1243
182,1253
179,1204
189,1229
190,1225
183,1241
176,1240
177,1230
189,1248
187,1237
179,1259
177,1206
190,1221
193,1258
177,1253
177,1238
178,1226
185,1252
188,1245
194,1235
177,1193
175,1231
178,1235
183,1207
180,1198
177,1223
176,1207
178,1184
190,1233
193,1225
183,1225
187,1216
177,1202
183,1235
179,1212
178,1218
175,1247
176,1180
184,1243
186,1267
176,1235
177,1270
183,1250
183,1231
175,1183
179,1243
187,1240
185,1236
188,1224
176,1201
175,1196
181,1221
180,1231
188,1266
170,1206
193,1234
188,1213
189,1250
193,1247
187,1250
177,1226
186,1237
180,1230
186,1248
173,1270
169,1194
189,1259
175,1235
175,1262
175,1196
175,1191
176,1209
175,1230
196,1276
193,1219
194,1268
177,1230
183,1234
189,1208
178,1210
188,1262
193,1224
194,1226
190,1260
176,1239
186,1218
186,1260
185,1238
185,1255
189,1236
177,1233
176,1209
177,1225
175,1194
190,1296
189,1195
183,1264
189,1248
196,1284
182,1248
186,1240
175,1231
189,1256
187,1241
175,1231
175,1246
196,1243
185,1263
184,1221
190,1235
181,1217
178,1234
187,1237
177,1245
187,1245
184,1259
190,1247
177,1234
175,1216
185,1295
175,1262
184,1251
175,1196
179,1189
183,1226
190,1245
177,1278
178,1207
176,1244
177,1241
170,1246
175,1221
170,1212
180,1245
179,1247
175,1235
183,1237
181,1275
190,1253
177,1259
178,1233
178,1207
176,1172
177,1241
188,1258
193,1239
192,1232
180,1257
169,1230
181,1272
185,1200
185,1224
185,1254
182,1194
183,1265
169,1250
177,1214
175,1218
180,1243
189,1211
184,1249
177,1222
179,1235
178,1232
177,1234
182,1212
193,1220
183,1253
180,1251
181,1245
173,1238
190,1247
177,1236
186,1237
188,1254
180,1268
193,1228
183,1252
183,1276
186,1242
178,1252
178,1213
176,1198
183,1255
177,1192
187,1242
173,1235
179,1239
185,1248
177,1206
175,1196
173,1185
178,1223
178,1278
193,1211
186,1210
191,1274
186,1264
186,1227
178,1246
190,1247
183,1228
190,1201
179,1190
173,1186
183,1249
177,1205
179,1183
175,1226
189,1240
175,1181
183,1246
189,1227
178,1210
179,1235
186,1239
176,1222
173,1213
190,1234
187,1222
183,1244
181,1256
185,1180
173,1228
185,1256
181,1231
170,1273
175,1218
177,1235
186,1238
187,1250
185,1175
178,1200
173,1234
189,1241
175,1230
184,1242
186,1241
186,1268
181,1252
180,1242
182,1261
186,1209
187,1205
170,1249
190,1229
179,1210
187,1265
188,1228
178,1212
187,1221
186,1219
189,1247
184,1204
185,1238
179,1233
180,1257
178,1201
180,1226
179,1248
170,1217
177,1249
193,1257
184,1282
187,1218
188,1191
186,1252
190,1222
175,1203
177,1176
179,1219
183,1268
184,1235
178,1170
184,1217
184,1268
187,1259
182,1241
175,1243
173,1195
178,1240
170,1216
178,1239
180,1278
185,1210
181,1271
187,1251
186,1241
178,1211
196,1245
187,1269
187,1247
169,1264
181,1234
183,1187
177,1209
183,1228
194,1243
190,1250
190,1268
176,1232
175,1222
183,1231
173,1198
181,1220
184,1248
186,1230
185,1228
179,1240
178,1244
189,1265
191,1248
183,1267
182,1226
177,1261
185,1229
183,1251
177,1231
173,1266
178,1198
179,1275
184,1266
190,1274
189,1215
178,1210
182,1229
192,1282
190,1218
176,1205
177,1212
184,1223
175,1228
189,1247
175,1219
178,1251
176,1234
193,1223
176,1254
187,1238
185,1219
175,1196
175,1243
177,1196
180,1233
188,1218
169,1203
186,1253
180,1186
176,1232
182,1228
185,1258
177,1223
187,1250
177,1240
177,1237
183,1266
183,1189
177,1246
173,1229
192,1296
177,1229
190,1234
176,1205
181,1239
175,1252
183,1246
185,1220
175,1176
178,1245
177,1232
175,1199
190,1235
178,1196
178,1239
183,1164
182,1241
176,1232
170,1218
177,1174
181,1219
178,1208
176,1209
181,1195
188,1257
183,1227
185,1228
190,1250
183,1231
192,1250
193,1260
188,1249
181,1219
179,1229
176,1241
176,1260
183,1231
186,1262
181,1222
175,1209
194,1220
170,1227
175,1222
181,1287
180,1203
193,1232
186,1254
181,1202
180,1216
175,1193
182,1242
186,1211
187,1227
181,1248
173,1269
178,1223
181,1267
179,1249
187,1251
180,1235
193,1227
184,1223
176,1241
188,1240
178,1180
193,1219
175,1227
175,1190
175,1231
177,1192
177,1229
189,1197
173,1188
175,1230
190,1235
188,1237
173,1228
177,1255
176,1241
189,1240
176,1221
176,1229
189,1246
169,1205
186,1264
184,1246
190,1211
178,1260
175,1231
175,1185
194,1210
169,1213
173,1199
177,1206
186,1251
189,1247
176,1290
187,1221
183,1230
177,1236
177,1197
181,1184
177,1195
190,1207
188,1284
175,1232
187,1161
183,1221
189,1206
186,1257
186,1218
196,1230
189,1286
184,1225
186,1269
175,1228
177,1223
183,1222
178,1217
189,1245
182,1233
188,1255
186,1252
180,1273
192,1235
177,1223
181,1233
175,1253
190,1246
181,1242
178,1227
177,1248
186,1252
180,1215
191,1235
182,1220
175,1270
185,1228
175,1245
196,1231
175,1213
187,1238
175,1195
173,1218
185,1233
183,1193
175,1208
185,1232
184,1240
175,1206
176,1228
177,1245
185,1244
185,1246
173,1229
170,1204
192,1221
175,1242
188,1270
178,1231
187,1230
176,1220
191,1263
187,1231
175,1221
176,1204
178,1246
189,1239
177,1253
183,1242
178,1214
173,1230
187,1203
190,1211
189,1203
182,1179
180,1237
176,1231
177,1238
187,1231
179,1262
184,1194
175,1250
169,1210
179,1244
177,1222
170,1258
184,1220
176,1223
188,1205
177,1232
177,1200
177,1189
178,1216
178,1265
175,1210
183,1154
177,1212
179,1255
181,1240
179,1269
177,1217
176,1235
180,1208
178,1230
175,1241
183,1288
182,1225
177,1240
176,1256
180,1212
188,1211
180,1217
175,1182
177,1227
183,1238
173,1257
183,1237
173,1142
190,1218
182,1228
176,1244
178,1206
185,1205
176,1187
188,1227
194,1224
177,1191
192,1256
186,1199
175,1219
193,1211
183,1244
196,1219
178,1194
175,1203
175,1217
178,1228
170,1233
179,1287
177,1216
178,1196
179,1244
187,1243
177,1211
179,1177
175,1276
178,1208
183,1234
178,1215
193,1239
186,1237
178,1236
181,1228
194,1245
177,1238
181,1243
179,1263
184,1236
189,1243
169,1216
176,1232
180,1248
183,1239
181,1210
185,1182
191,1217
189,1223
196,1234
188,1218
196,1249
178,1214
177,1231
178,1250
179,1184
186,1234
175,1231
187,1242
187,1253
173,1208
180,1259
190,1238
181,1219
187,1280
176,1197
185,1230
191,1197
178,1222
183,1221
177,1205
186,1219
196,1241
175,1196
183,1218
186,1228
175,1246
188,1229
191,1247
187,1210
184,1218
190,1255
196,1249
178,1188
193,1212
186,1249
190,1241
178,1225
184,1269
184,1210
180,1220
182,1227
179,1221
187,1292
186,1192
175,1227
179,1214
191,1250
185,1232
196,1250
179,1220
177,1291
177,1238
192,1221
183,1224
178,1253
178,1211
187,1248
184,1247
181,1260
190,1232
184,1237
187,1230
184,1237
169,1219
190,1258
177,1209
181,1185
175,1234
179,1214
179,1216
176,1228
188,1270
192,1280
181,1249
181,1222
184,1222
177,1252
169,1239
177,1250
194,1214
190,1241
193,1196
181,1307
181,1220
190,1242
192,1267
193,1270
192,1249
177,1260
175,1212
190,1210
186,1219
177,1232
176,1238
175,1269
178,1240
196,1253
187,1230
185,1317
181,1239
190,1205
186,1245
175,1222
189,1202
177,1204
177,1242
182,1266
186,1210
179,1220
190,1235
170,1199
189,1238
190,1246
177,1222
180,1217
179,1254
189,1231
183,1226
177,1250
180,1190
184,1265
183,1285
179,1251
183,1215
175,1226
181,1226
183,1201
189,1265
176,1230
196,1247
190,1231
189,1236
183,1208
187,1219
193,1188
173,1264
189,1227
189,1256
187,1212
178,1208
175,1216
176,1225
193,1255
181,1183
175,1248
175,1226
185,1170
175,1260
180,1219
194,1285
187,1230
183,1213
176,1224
182,1225
183,1244
187,1232
178,1203
196,1222
196,1251
183,1260
186,1234
189,1246
185,1237
185,1211
183,1226
181,1226
186,1247
175,1187
177,1234
179,1229
179,1217
176,1277
179,1234
184,1246
178,1238
175,1186
186,1234
178,1227
196,1239
179,1225
181,1219
184,1254
173,1224
178,1206
176,1232
177,1139
177,1263
180,1210
185,1210
185,1242
183,1242
185,1247
176,1233
181,1239
176,1231
186,1216
190,1260
175,1165
181,1256
188,1246
183,1194
190,1264
187,1249
177,1194
176,1256
177,1248
176,1236
192,1244
179,1242
187,1206
194,1230
182,1262
177,1238
178,1217
193,1230
185,1205
178,1250
180,1224
183,1188
188,1243
189,1268
178,1185
177,1235
177,1221
169,1209
187,1235
177,1217
177,1282
182,1197
183,1244
184,1213
175,1235
196,1288
187,1248
177,1200
187,1250
186,1230
178,1220
178,1262
177,1233
187,1230
190,1228
177,1259
189,1213
180,1250
184,1187
187,1214
190,1269
182,1240
178,1224
177,1200
189,1246
186,1212
189,1222
183,1232
187,1256
186,1206
177,1200
184,1219
180,1239
177,1248
173,1223
177,1233
169,1222
185,1233
178,1206
183,1209
182,1264
179,1236
176,1247
175,1219
178,1233
188,1253
175,1292
175,1250
175,1184
184,1237
176,1264
177,1224
177,1239
190,1239
187,1279
190,1280
186,1202
176,1223
177,1239
176,1237
176,1180
194,1248
175,1232
187,1220
182,1238
184,1254
194,1249
178,1237
189,1232
176,1213
186,1224
193,1240
175,1230
180,1208
189,1211
178,1228
186,1230
176,1246
181,1245
188,1239
175,1214
190,1267
179,1233
187,1276
186,1227
184,1222
176,1212
183,1235
170,1218
177,1214
184,1200
176,1214
179,1263
186,1243
196,1279
175,1227
180,1297
189,1242
181,1221
175,1249
187,1197
187,1259
187,1229
193,1282
186,1234
175,1215
181,1270
179,1229
183,1211
177,1209
185,1248
173,1174
179,1254
169,1221
183,1214
177,1224
189,1225
176,1221
173,1229
187,1234
190,1246
178,1219
177,1239
178,1196
181,1244
193,1276
183,1251
176,1191
175,1186
189,1200
178,1193
190,1272
178,1256
185,1281
169,1246
185,1228
187,1224
187,1238
191,1242
175,1202
187,1256
185,1225
184,1255
188,1228
182,1231
177,1233
176,1228
183,1207
184,1210
175,1216
177,1203
183,1269
181,1212
176,1230
187,1249
180,1214
175,1203
177,1224
179,1248
188,1258
175,1233
175,1223
186,1228
182,1256
182,1250
178,1244
186,1259
175,1199
181,1221
176,1209
175,1233
193,1225
181,1224
173,1266
188,1243
189,1261
175,1231
177,1204
184,1255
179,1173
178,1237
183,1254
178,1221
178,1211
179,1253
178,1254
175,1261
187,1249
177,1234
173,1235
177,1229
189,1189
170,1209
181,1205
170,1230
183,1258
184,1237
183,1259
191,1205
178,1230
184,1223
173,1217
178,1275
187,1258
190,1231
182,1162
193,1254
193,1200
178,1248
186,1269
186,1223
189,1219
187,1265
178,1257
188,1234
176,1229
179,1235
190,1269
183,1250
186,1243
175,1275
183,1274
183,1233
189,1263
181,1218
186,1255
194,1252
176,1250
185,1279
173,1243
178,1230
180,1219
190,1245
178,1230
176,1212
176,1186
193,1222
187,1235
177,1227
181,1225
178,1249
181,1275
176,1253
179,1236
180,1250
182,1233
193,1249
187,1259
190,1258
183,1253
190,1273
191,1210
189,1216
170,1244
181,1204
188,1212
186,1239
192,1231
169,1248
177,1244
180,1215
178,1215
178,1220
177,1212
177,1244
183,1255
181,1185
181,1250
175,1229
178,1220
178,1235
193,1229
192,1233
177,1218
178,1210
181,1233
180,1244
177,1256
176,1222
181,1179
178,1200
190,1240
182,1208
178,1236
187,1256
186,1149
185,1240
184,1232
183,1202
180,1212
194,1271
189,1235
181,1232
187,1284
184,1318
194,1220
187,1250
177,1218
183,1185
183,1230
183,1223
187,1247
177,1201
184,1243
177,1238
175,1192
183,1190
177,1258
191,1283
188,1233
192,1243
184,1255
175,1203
178,1207
181,1244
176,1229
177,1227
185,1251
185,1161
182,1213
189,1205
184,1224
177,1210
177,1244
178,1233
175,1233
175,1193
186,1260
192,1251
175,1178
194,1194
175,1236
175,1263
179,1219
177,1259
188,1256
182,1217
176,1189
184,1233
175,1227
179,1260
187,1204
178,1241
188,1226
178,1199
191,1236
190,1243
177,1283
176,1227
182,1250
182,1223
177,1255
177,1248
179,1194
188,1219
177,1215
175,1206
190,1227
181,1244
173,1170
176,1190
183,1211
181,1234
175,1219
190,1242
181,1201
169,1217
177,1229
193,1313
190,1218
169,1239
176,1260
183,1249
177,1247
189,1245
182,1242
178,1227
183,1232
177,1287
196,1264
176,1252
180,1174
184,1197
175,1209
173,1209
175,1223
190,1240
181,1245
177,1236
193,1214
192,1241
184,1212
190,1223
175,1241
184,1231
173,1212
181,1224
192,1241
181,1245
190,1254
183,1244
182,1230
190,1257
177,1226
179,1219
179,1202
183,1243
173,1234
182,1237
183,1241
193,1251
177,1218
190,1253
194,1248
190,1277
187,1216
183,1254
184,1272
173,1149
178,1236
175,1229
177,1229
175,1253
193,1218
177,1270
189,1203
176,1239
177,1241
186,1266
178,1220
187,1259
177,1221
193,1256
190,1202
177,1233
184,1228
186,1248
175,1224
178,1252
176,1231
181,1217
193,1236
196,1229
189,1257
194,1271
177,1217
191,1229
181,1232
196,1225
178,1201
178,1229
177,1231
179,1210
179,1202
176,1205
193,1293
184,1242
180,1226
189,1248
179,1206
169,1275
170,1241
186,1278
183,1231
183,1226
188,1196
178,1244
180,1230
176,1192
191,1243
175,1218
178,1225
175,1225
181,1226
177,1253
188,1223
188,1251
183,1230
189,1265
181,1207
187,1317
176,1152
196,1296
188,1198
188,1251
177,1141
180,1252
185,1205
176,1197
177,1224
188,1214
175,1206
178,1239
189,1204
186,1211
186,1252
185,1202
188,1268
169,1214
176,1194
180,1223
185,1203
181,1191
196,1247
178,1189
173,1217
187,1226
175,1203
184,1193
190,1229
178,1221
188,1241
175,1227
190,1168
187,1198
189,1206
189,1275
182,1257
183,1176
175,1223
178,1272
178,1210
176,1216
176,1231
188,1248
177,1269
178,1249
189,1241
184,1194
184,1244
184,1247
175,1227
186,1253
179,1214
187,1230
185,1243
184,1247
189,1321
175,1226
170,1241
175,1230
175,1218
183,1198
188,1217
178,1255
173,1212
190,1213
192,1248
194,1276
182,1226
180,1278
185,1223
182,1243
190,1228
185,1215
181,1259
186,1226
169,1213
178,1236
183,1230
178,1206
176,1215
178,1210
193,1238
181,1276
184,1217
186,1216
192,1271
182,1212
183,1229
188,1240
175,1248
182,1257
181,1242
188,1231
186,1190
181,1260
177,1220
190,1172
190,1214
175,1273
189,1224
184,1269
177,1260
183,1248
175,1184
182,1240
175,1205
190,1249
173,1273
179,1231
183,1214
181,1220
175,1189
180,1161
185,1187
176,1224
175,1236
180,1244
175,1205
177,1243
184,1233
183,1231
187,1291
187,1199
186,1225
187,1202
175,1226
175,1200
175,1241
184,1250
187,1185
182,1197
181,1235
177,1236
182,1242
187,1205
175,1232
178,1215
183,1253
173,1249
192,1225
179,1280
189,1244
176,1256
170,1175
178,1189
179,1193
178,1217
180,1244
178,1258
190,1195
185,1238
187,1223
191,1211
193,1294
183,1255
189,1257
175,1237
178,1221
190,1254
182,1236
192,1279
177,1205
193,1260
187,1234
175,1229
173,1234
178,1234
193,1244
187,1270
170,1205
187,1282
173,1242
181,1216
189,1274
180,1240
183,1243
178,1223
177,1237
196,1211
175,1226
175,1217
179,1229
178,1246
190,1296
175,1225
183,1208
178,1212
180,1213
186,1228
175,1237
181,1221
175,1236
178,1201
175,1253
175,1247
184,1252
178,1245
187,1196
181,1224
183,1262
177,1260
184,1230
178,1260
184,1224
187,1213
178,1244
193,1240
179,1199
189,1206
176,1257
181,1237
187,1236
185,1227
183,1239
176,1258
177,1234
173,1231
183,1242
169,1214
177,1218
185,1222
177,1214
189,1280
178,1219
185,1237
186,1224
193,1226
181,1196
177,1243
181,1207
178,1259
178,1200
194,1248
169,1206
184,1228
178,1223
173,1229
184,1225
183,1283
181,1253
182,1242
189,1276
177,1213
182,1245
181,1222
182,1148
193,1210
179,1240
169,1224
185,1213
179,1244
177,1218
181,1202
194,1255
193,1243
178,1190
192,1245
186,1233
187,1238
185,1321
175,1256
178,1200
176,1230
196,1217
175,1226
194,1252
193,1246
178,1275
194,1244
184,1262
175,1242
176,1219
187,1220
177,1197
170,1259
188,1255
177,1229
194,1231
173,1234
176,1215
190,1246
179,1187
180,1196
183,1221
187,1240
188,1267
175,1186
190,1272
189,1264
183,1236
179,1246
175,1221
186,1263
178,1227
190,1243
194,1245
177,1240
187,1212
180,1240
177,1208
181,1238
177,1235
196,1235
179,1219
176,1196
182,1264
183,1223
176,1222
196,1237
187,1313
178,1227
189,1256
175,1204
180,1241
179,1212
180,1244
175,1250
190,1210
185,1271
175,1190
184,1222
187,1226
178,1258
186,1245
169,1225
178,1248
183,1193
189,1292
176,1196
175,1185
188,1249
183,1278
182,1252
175,1244
173,1211
178,1219
175,1204
178,1241
193,1243
177,1213
169,1223
175,1219
183,1229
183,1223
177,1234
185,1241
187,1271
183,1240
176,1213
177,1237
188,1232
178,1231
190,1243
181,1245
184,1308
186,1256
179,1260
175,1224
191,1241
190,1238
192,1242
185,1238
188,1236
180,1230
175,1219
177,1248
178,1262
181,1226
178,1227
177,1274
196,1243
184,1260
178,1242
196,1217
180,1219
187,1197
175,1228
192,1252
178,1231
175,1255
182,1203
175,1211
193,1228
186,1245
190,1296
178,1229
187,1204
177,1199
181,1279
179,1250
183,1213
177,1174
178,1238
173,1225
176,1224
188,1265
176,1236
173,1238
175,1224
191,1230
183,1203
187,1234
193,1254
181,1208
177,1189
177,1216
190,1269
177,1234
177,1199
175,1218
185,1263
173,1239
194,1243
183,1236
196,1226
180,1206
184,1285
188,1247
177,1271
179,1247
190,1234
179,1212
186,1241
177,1212
177,1222
175,1196
179,1242
182,1229
176,1220
177,1232
190,1246
178,1188
182,1221
192,1243
192,1270
187,1292
190,1265
178,1172
188,1231
180,1232
176,1210
175,1199
176,1231
186,1265
175,1248
184,1251
180,1228
190,1212
187,1248
179,1246
192,1249
185,1234
193,1249
181,1226
190,1209
176,1246
185,1286
182,1234
173,1210
177,1203
175,1208
189,1283
177,1238
181,1239
180,1239
175,1207
181,1245
177,1226
177,1246
177,1246
177,1213
173,1237
170,1160
182,1194
177,1244
169,1253
190,1240
177,1221
190,1242
187,1209
189,1239
181,1265
196,1256
189,1251
178,1203
188,1196
182,1293
185,1256
181,1240
175,1234
178,1216
189,1199
177,1243
188,1244
188,1265
190,1189
181,1239
176,1209
178,1210
184,1205
187,1200
176,1193
182,1279
175,1202
186,1235
178,1193
176,1249
196,1293
170,1191
186,1228
182,1250
184,1242
185,1238
189,1213
176,1204
187,1248
190,1275
184,1232
176,1214
183,1242
183,1211
187,1239
183,1184
190,1243
173,1210
190,1270
175,1192
176,1239
189,1287
190,1248
177,1255
179,1219
192,1264
177,1248
190,1248
185,1197
182,1259
185,1275
178,1208
188,1246
193,1253
183,1230
186,1279
187,1237
173,1201
181,1190
184,1223
180,1202
178,1224
187,1206
170,1191
178,1240
187,1264
182,1260
184,1249
183,1213
169,1197
176,1252
178,1218
169,1200
175,1241
175,1224
186,1253
186,1246
175,1204
189,1259
189,1193
185,1237
175,1225
190,1252
189,1255
184,1247
170,1247
177,1264
179,1245
178,1221
178,1202
194,1241
194,1217
178,1232
177,1242
176,1234
184,1246
179,1234
186,1241
185,1231
180,1236
180,1187
188,1263
187,1230
186,1248
176,1233
179,1212
193,1259
184,1234
181,1167
177,1179
183,1231
190,1253
181,1263
179,1224
176,1177
184,1205
179,1198
186,1232
178,1256
189,1246
178,1206
178,1228
177,1235
187,1240
170,1225
175,1245
186,1249
190,1232
177,1254
175,1209
179,1179
187,1207
176,1257
175,1229
189,1264
179,1192
188,1232
192,1270
175,1231
177,1235
196,1230
169,1161
187,1223
175,1214
179,1190
183,1268
183,1241
175,1233
193,1282
180,1229
181,1279
175,1236
177,1260
190,1235
190,1210
189,1202
192,1211
175,1217
181,1253
183,1260
189,1239
176,1229
178,1225
179,1203
186,1217
177,1270
184,1269
186,1168
175,1227
176,1219
189,1195
173,1177
186,1221
187,1199
169,1236
184,1259
179,1222
182,1227
184,1209
173,1241
193,1241
178,1211
187,1205
178,1219
181,1223
194,1226
180,1247
187,1253
178,1233
176,1238
175,1202
178,1212
184,1196
179,1259
177,1209
175,1219
176,1181
185,1243
178,1247
185,1226
180,1249
183,1206
185,1242
185,1289
175,1223
190,1241
169,1186
175,1230
186,1216
191,1198
180,1215
196,1249
179,1241
177,1224
177,1179
175,1235
182,1249
190,1210
186,1273
178,1273
179,1252
187,1236
178,1249
189,1214
177,1229
178,1280
181,1279
177,1261
179,1234
189,1234
183,1146
189,1249
185,1244
189,1227
187,1226
187,1264
175,1233
186,1241
191,1213
182,1244
187,1244
180,1217
187,1252
175,1209
184,1181
189,1215
189,1265
187,1251
185,1258
186,1275
180,1219
177,1177
183,1200
175,1254
187,1254
188,1215
188,1250
187,1267
183,1224
170,1238
176,1193
173,1218
193,1286
183,1225
189,1256
185,1192
178,1210
182,1225
178,1224
177,1213
170,1224
188,1221
182,1256
183,1240
178,1229
192,1191
179,1176
182,1188
175,1244
177,1260
185,1235
175,1200
181,1184
181,1205
173,1235
190,1213
175,1216
175,1195
173,1277
178,1212
189,1208
170,1215
193,1219
180,1239
169,1249
189,1234
178,1223
173,1219
170,1217
177,1236
183,1241
184,1236
181,1218
183,1219
182,1209
170,1184
182,1196
179,1204
175,1238
173,1196
189,1239
178,1263
170,1176
177,1205
186,1188
173,1232
190,1189
187,1288
191,1256
190,1236
189,1272
177,1221
175,1237
189,1261
170,1237
178,1237
177,1230
175,1194
177,1250
181,1258
175,1222
192,1214
175,1195
184,1252
190,1232
189,1194
189,1279
186,1257
187,1210
179,1228
177,1230
184,1215
176,1224
177,1256
196,1218
187,1232
189,1209
183,1230
173,1252
179,1239
176,1192
187,1223
175,1230
175,1214
178,1250
189,1308
196,1246
178,1251
179,1225
182,1249
178,1246
170,1227
185,1253
184,1246
193,1274
187,1244
187,1248
194,1252
186,1228
169,1265
179,1198
177,1190
183,1245
188,1252
186,1237
193,1243
187,1198
196,1278
188,1183
186,1239
178,1174
182,1249
177,1211
187,1226
186,1209
185,1219
194,1218
178,1219
180,1169
179,1238
175,1234
169,1219
175,1211
178,1237
184,1219
179,1251
177,1288
180,1242
178,1208
182,1278
176,1208
190,1204
184,1246
183,1247
190,1253
177,1221
177,1151
196,1263
183,1191
176,1229
186,1219
184,1230
176,1239
186,1221
177,1193
177,1261
189,1198
183,1262
185,1253
190,1249
185,1298
182,1230
189,1295
169,1218
178,1269
189,1271
178,1195
186,1179
187,1208
175,1219
181,1247
188,1256
190,1216
182,1217
169,1199
189,1220
177,1262
188,1239
177,1280
190,1223
181,1247
186,1267
177,1223
175,1221
194,1251
175,1234
190,1204
196,1259
194,1246
185,1271
187,1257
188,1263
176,1222
173,1239
177,1196
189,1215
179,1231
176,1247
187,1225
187,1211
190,1209
187,1242
190,1242
185,1214
183,1230
177,1218
184,1215
190,1201
185,1240
192,1240
170,1225
178,1218
177,1225
186,1250
178,1242
177,1237
178,1266
184,1193
173,1221
178,1244
190,1240
176,1256
181,1208
176,1213
187,1232
177,1260
175,1212
191,1263
190,1220
183,1250
179,1187
184,1272
177,1254
179,1234
179,1214
184,1212
175,1209
177,1188
175,1209
179,1255
178,1219
189,1240
182,1241
176,1242
192,1244
173,1198
181,1226
193,1166
189,1232
185,1268
176,1262
178,1223
182,1209
178,1229
185,1280
173,1237
190,1236
191,1216
175,1199
186,1239
184,1199
177,1236
177,1221
191,1250
178,1234
176,1210
186,1258
184,1205
178,1208
176,1232
183,1240
189,1256
178,1207
173,1243
191,1242
187,1267
178,1255
173,1187
178,1235
176,1219
176,1220
183,1238
189,1266
194,1231
176,1233
180,1301
187,1229
187,1266
196,1228
183,1277
183,1207
169,1204
193,1286
194,1202
185,1231
175,1215
180,1235
169,1216
192,1223
194,1264
181,1248
173,1220
184,1196
180,1242
180,1242
180,1234
183,1232
176,1271
185,1224
191,1255
175,1212
190,1266
190,1231
178,1250
178,1217
186,1279
176,1222
189,1232
186,1241
184,1197
175,1258
194,1215
175,1236
180,1223
179,1263
180,1245
175,1220
193,1263
183,1267
179,1236
196,1234
178,1188
187,1234
178,1230
191,1250
190,1223
185,1247
190,1247
186,1227
186,1249
180,1256
180,1273
178,1237
178,1212
196,1274
180,1242
183,1241
190,1227
188,1284
181,1215
183,1231
180,1217
176,1244
170,1240
175,1243
187,1258
188,1226
179,1232
194,1250
178,1254
190,1235
184,1256
190,1220
176,1221
178,1232
188,1252
175,1229
177,1214
188,1197
181,1263
190,1264
193,1252
184,1228
176,1274
184,1235
188,1286
187,1248
177,1246
189,1286
178,1283
186,1221
196,1265
177,1227
178,1203
192,1249
189,1237
190,1271
184,1220
184,1267
185,1229
178,1177
181,1160
187,1251
189,1236
185,1242
169,1229
179,1226
183,1209
184,1224
177,1268
178,1226
177,1191
187,1215
177,1243
188,1242
178,1251
175,1238
188,1236
175,1222
189,1231
177,1263
180,1201
180,1213
187,1261
179,1221
176,1287
183,1240
183,1198
189,1238
180,1257
170,1169
175,1222
188,1272
175,1254
187,1199
189,1257
177,1261
183,1197
183,1250
175,1223
183,1235
188,1240
186,1256
178,1220
175,1185
178,1223
178,1236
177,1225
184,1214
177,1226
183,1246
189,1235
176,1206
176,1209
187,1213
178,1242
178,1223
175,1229
190,1236
190,1248
193,1267
179,1265
178,1243
181,1242
194,1218
187,1207
175,1209
169,1181
193,1230
183,1227
178,1214
187,1248
185,1249
187,1256
190,1243
180,1218
189,1212
186,1242
179,1238
184,1212
186,1282
185,1226
183,1189
180,1214
196,1287
177,1194
194,1312
177,1219
180,1194
180,1229
176,1224
175,1227
186,1240
176,1182
184,1202
187,1249
190,1236
183,1245
182,1190
181,1224
186,1277
185,1250
190,1257
178,1231
186,1223
194,1246
175,1243
179,1242
179,1191
177,1236
189,1248
187,1255
178,1261
184,1260
177,1212
181,1243
180,1191
191,1271
179,1209
177,1237
187,1249
194,1245
188,1204
169,1219
180,1243
176,1208
178,1251
185,1226
183,1259
192,1280
185,1263
186,1251
188,1271
179,1235
183,1277
185,1226
186,1265
192,1258
193,1246
184,1238
178,1216
176,1246
181,1243
182,1233
183,1220
183,1235
188,1257
178,1205
175,1223
190,1248
180,1220
183,1225
189,1231
186,1262
177,1204
187,1277
190,1258
177,1267
183,1172
178,1258
193,1269
189,1258
169,1185
178,1230
183,1220
169,1208
186,1214
184,1251
196,1219
178,1223
180,1234
189,1203
175,1200
190,1213
184,1194
176,1243
190,1250
184,1265
183,1256
187,1232
187,1251
173,1158
178,1223
175,1233
173,1179
177,1207
189,1207
182,1255
177,1237
175,1137
194,1256
175,1229
175,1209
177,1261
185,1270
182,1234
175,1229
176,1238
185,1252
187,1174
182,1228
191,1253
182,1247
193,1246
170,1198
190,1198
179,1198
187,1227
176,1193
178,1288
176,1249
183,1255
194,1226
181,1237
173,1246
186,1238
193,1202
178,1207
187,1238
190,1198
196,1240
170,1183
192,1221
176,1197
190,1220
190,1273
179,1259
187,1229
178,1217
194,1249
177,1240
183,1243
176,1224
186,1199
177,1241
177,1214
186,1319
177,1278
176,1252
177,1237
193,1248
175,1237
186,1274
178,1256
173,1196
179,1218
177,1231
178,1210
181,1197
180,1264
173,1231
181,1237
182,1282
185,1229
173,1252
175,1237
180,1191
170,1223
183,1213
175,1225
190,1163
192,1256
194,1260
188,1245
182,1281
192,1223
187,1237
177,1262
189,1260
175,1241
178,1221
179,1241
187,1223
186,1206
178,1207
183,1228
185,1242
180,1183
176,1224
176,1188
183,1200
177,1224
183,1265
185,1227
183,1257
194,1257
185,1233
170,1207
178,1215
189,1262
178,1208
189,1219
190,1240
189,1248
181,1215
183,1176
182,1240
176,1217
187,1296
169,1143
185,1213
187,1253
178,1214
177,1253
177,1246
176,1253
191,1216
187,1157
190,1221
175,1185
178,1256
187,1220
180,1256
177,1209
175,1222
175,1207
181,1234
182,1203
185,1254
187,1254
192,1209
189,1240
185,1204
175,1231
178,1218
190,1200
176,1249
190,1245
181,1208
175,1217
190,1251
188,1274
178,1226
185,1220
175,1220
176,1227
177,1239
175,1242
179,1253
177,1216
181,1219
185,1247
177,1235
187,1150
179,1204
183,1256
191,1233
183,1214
190,1231
186,1234
185,1222
177,1214
177,1277
184,1227
190,1230
178,1219
189,1221
191,1245
176,1233
176,1227
175,1199
186,1227
186,1233
176,1224
191,1230
175,1185
183,1232
180,1207
189,1236
177,1229
178,1221
185,1239
183,1229
187,1225
189,1204
181,1268
181,1232
181,1262
180,1218
185,1268
183,1240
175,1243
176,1208
190,1248
186,1252
193,1242
178,1139
176,1199
176,1233
180,1205
191,1264
181,1238
181,1203
186,1189
179,1225
184,1217
177,1213
188,1216
193,1244
180,1173
183,1213
192,1229
186,1246
183,1252
176,1218
176,1231
189,1222
179,1267
183,1234
186,1250
182,1223
177,1237
175,1248
179,1287
188,1240
176,1274
181,1207
187,1227
196,1222
180,1219
178,1186
179,1252
189,1224
188,1249
196,1248
178,1273
193,1224
181,1232
185,1205
185,1235
177,1232
181,1226
183,1262
187,1198
180,1225
178,1246
193,1286
193,1255
187,1242
178,1250
190,1203
189,1245
184,1196
186,1234
177,1210
184,1244
188,1228
170,1218
170,1198
177,1212
190,1222
188,1233
188,1248
175,1232
176,1212
188,1216
181,1265
185,1226
187,1261
175,1222
173,1258
192,1219
169,1209
176,1201
184,1270
182,1236
169,1202
176,1258
170,1225
192,1252
187,1209
185,1217
196,1260
185,1244
184,1220
192,1214
175,1209
173,1212
175,1229
186,1244
188,1247
183,1188
179,1262
184,1212
175,1221
178,1209
180,1231
176,1258
175,1219
185,1266
177,1245
178,1213
179,1241
190,1271
184,1241
185,1238
183,1240
181,1228
178,1281
175,1262
175,1214
183,1240
189,1272
173,1231
175,1219
178,1249
183,1239
180,1241
175,1269
187,1241
173,1218
181,1252
179,1266
190,1275
185,1234
194,1224
187,1259
186,1256
181,1271
178,1181
177,1283
188,1262
176,1236
178,1228
194,1251
177,1248
173,1226
177,1237
179,1255
177,1194
184,1259
176,1243
178,1218
185,1223
193,1232
184,1236
189,1227
173,1237
173,1189
189,1217
190,1247
188,1239
181,1202
173,1227
189,1199
179,1222
178,1200
176,1227
175,1153
179,1208
192,1250
173,1241
187,1241
178,1208
183,1219
186,1267
185,1257
186,1240
177,1217
185,1227
176,1232
190,1248
185,1233
184,1219
187,1260
190,1239
175,1241
192,1265
178,1225
186,1223
177,1185
173,1245
181,1215
184,1257
177,1245
188,1212
176,1235
176,1219
170,1247
188,1234
178,1225
190,1249
179,1187
181,1235
187,1218
188,1262
180,1240
177,1225
179,1227
183,1247
189,1246
175,1235
176,1244
185,1241
180,1267
189,1252
189,1205
191,1262
177,1241
188,1214
184,1211
189,1269
179,1221
182,1245
185,1231
185,1266
185,1201
175,1237
178,1242
178,1212
196,1260
180,1239
184,1224
177,1246
183,1241
189,1263
180,1205
177,1214
184,1254
183,1220
177,1189
176,1204
193,1253
185,1160
176,1242
179,1238
188,1232
178,1238
187,1265
178,1227
189,1253
183,1231
185,1249
184,1234
173,1244
175,1232
177,1260
177,1192
190,1242
169,1224
178,1210
181,1173
175,1222
176,1204
186,1215
184,1236
184,1254
189,1228
182,1257
177,1217
178,1228
190,1254
194,1246
175,1237
178,1180
186,1237
176,1195
187,1259
184,1270
178,1251
170,1200
189,1266
188,1260
178,1236
178,1243
175,1218
177,1220
190,1246
193,1238
189,1281
187,1210
186,1264
191,1233
181,1221
185,1243
188,1241
190,1224
181,1271
183,1236
177,1209
185,1236
187,1261
178,1208
182,1191
184,1253
176,1248
189,1196
192,1248
177,1245
187,1252
185,1281
176,1243
186,1200
185,1258
177,1235
177,1236
181,1201
185,1235
187,1278
177,1224
181,1234
177,1247
189,1218
175,1239
178,1234
170,1256
187,1254
178,1263
182,1247
173,1157
177,1216
175,1273
182,1223
189,1236
183,1219
173,1246
183,1237
193,1224
186,1246
177,1193
176,1196
175,1182
178,1214
192,1231
192,1261
196,1268
183,1236
190,1276
196,1241
183,1225
178,1201
178,1251
177,1218
177,1210
185,1225
193,1276
181,1219
181,1240
188,1198
177,1241
175,1201
175,1254
183,1230
176,1217
181,1240
187,1280
177,1238
179,1221
173,1231
190,1233
189,1235
177,1256
175,1209
185,1255
178,1279
178,1224
193,1207
181,1234
183,1230
182,1257
185,1193
178,1207
180,1259
181,1270
176,1239
185,1207
190,1245
189,1244
191,1260
175,1230
175,1191
170,1213
193,1257
175,1232
181,1274
190,1237
190,1245
181,1269
176,1209
187,1213
190,1222
178,1236
187,1268
190,1239
186,1232
189,1257
175,1205
169,1256
180,1221
189,1247
176,1252
187,1226
178,1243
177,1204
175,1200
173,1208
184,1188
191,1249
196,1235
176,1253
181,1261
186,1253
176,1249
194,1257
183,1222
185,1193
178,1220
188,1236
190,1238
186,1207
194,1265
180,1217
193,1213
175,1230
179,1219
185,1235
179,1235
187,1203
175,1219
187,1257
178,1205
181,1242
178,1214
194,1284
177,1204
190,1231
189,1248
190,1262
176,1227
178,1224
190,1240
196,1263
178,1237
175,1280
182,1238
175,1223
189,1205
189,1220
176,1214
190,1210
183,1193
193,1239
187,1242
185,1247
188,1235
190,1292
169,1248
176,1192
180,1255
186,1217
182,1240
177,1231
179,1210
193,1198
176,1183
178,1238
188,1220
178,1202
178,1247
175,1198
181,1205
192,1255
177,1239
176,1227
175,1206
190,1234
178,1211
177,1236
188,1213
188,1221
187,1219
176,1246
188,1219
180,1256
176,1304
190,1243
189,1260
175,1207
177,1219
190,1237
178,1218
176,1217
183,1214
178,1232
179,1199
170,1196
184,1219
183,1219
189,1228
183,1256
179,1257
176,1245
184,1206
183,1243
175,1166
178,1192
189,1246
187,1265
181,1224
188,1226
178,1223
179,1229
186,1279
184,1213
183,1231
175,1229
180,1234
176,1200
179,1237
184,1204
173,1224
178,1257
177,1237
178,1230
179,1230
189,1235
178,1208
175,1226
185,1226
177,1174
183,1199
184,1229
190,1213
190,1261
178,1236
186,1240
175,1230
176,1235
177,1194
177,1308
188,1232
175,1204
177,1218
183,1206
178,1249
185,1239
169,1251
187,1242
175,1248
190,1237
179,1241
176,1239
177,1235
175,1242
178,1240
175,1277
175,1181
169,1195
178,1198
182,1223
189,1236
193,1249
175,1227
178,1233
170,1252
169,1190
178,1222
175,1233
190,1291
175,1221
189,1217
176,1207
183,1246
189,1234
190,1245
178,1234
177,1223
175,1233
187,1234
194,1232
183,1203
169,1233
170,1243
194,1250
175,1234
185,1263
186,1239
178,1223
176,1204
170,1229
188,1282
173,1220
187,1220
189,1250
175,1224
188,1194
175,1236
177,1244
191,1230
183,1224
176,1236
183,1234
178,1258
176,1258
177,1243
181,1248
178,1242
175,1240
180,1254
177,1248
186,1279
181,1242
177,1210
182,1261
178,1287
190,1211
177,1248
187,1224
179,1216
178,1215
180,1246
180,1248
176,1231
173,1192
182,1195
181,1201
178,1236
169,1227
188,1216
179,1217
189,1218
188,1235
178,1228
190,1221
184,1269
178,1260
190,1244
186,1285
178,1289
187,1259
185,1238
190,1254
181,1223
177,1202
193,1247
191,1251
185,1223
178,1198
187,1231
193,1241
175,1214
190,1232
175,1245
178,1228
194,1249
184,1248
179,1225
178,1218
176,1181
190,1228
190,1239
178,1227
185,1211
173,1225
185,1258
192,1240
177,1216
186,1223
194,1269
185,1246
178,1256
178,1236
192,1259
179,1253
180,1246
181,1216
178,1241
193,1241
169,1183
187,1239
182,1197
190,1227
178,1201
186,1226
177,1186
182,1223
190,1207
187,1253
179,1238
193,1235
186,1242
178,1243
187,1252
193,1234
182,1206
193,1288
189,1261
190,1244
185,1198
188,1181
186,1280
179,1203
175,1216
178,1261
188,1246
187,1254
191,1242
176,1227
189,1255
189,1248
184,1253
169,1208
185,1241
187,1208
188,1270
193,1234
179,1206
187,1247
193,1260
181,1214
185,1233
177,1239
175,1234
187,1238
181,1232
186,1241
182,1257
186,1216
178,1222
189,1252
184,1225
177,1235
178,1214
183,1233
177,1228
188,1270
175,1237
173,1227
177,1218
196,1241
184,1233
183,1182
193,1208
182,1271
176,1245
179,1234
176,1223
193,1197
192,1277
185,1234
180,1272
180,1202
175,1273
178,1212
178,1231
184,1310
183,1243
180,1214
189,1254
177,1242
176,1256
179,1237
177,1212
184,1194
175,1265
183,1231
179,1239
177,1209
194,1265
176,1186
187,1195
184,1210
186,1268
175,1266
192,1242
180,1237
182,1191
187,1272
192,1228
193,1195
186,1239
177,1248
191,1255
189,1218
187,1235
182,1234
187,1237
185,1264
178,1167
181,1242
178,1244
183,1264
190,1231
184,1212
185,1243
192,1207
176,1210
175,1249
193,1228
190,1257
189,1246
187,1242
184,1242
194,1241
185,1212
179,1253
176,1240
182,1249
190,1183
179,1215
183,1292
178,1213
190,1219
176,1231
178,1230
183,1212
177,1248
182,1240
177,1231
176,1191
178,1242
184,1213
176,1222
180,1221
194,1223
176,1176
190,1273
176,1203
184,1226
183,1250
185,1250
179,1242
177,1175
190,1222
183,1235
190,1227
178,1237
186,1223
176,1185
186,1167
170,1173
183,1199
187,1253
185,1262
194,1240
189,1222
175,1202
184,1206
184,1208
187,1234
183,1289
187,1270
177,1209
191,1221
170,1213
177,1185
182,1289
178,1228
178,1198
188,1248
191,1242
188,1225
176,1270
184,1236
173,1187
190,1209
193,1277
180,1217
183,1238
196,1217
187,1238
179,1220
183,1200
175,1229
179,1196
170,1197
183,1234
175,1199
177,1237
178,1276
186,1253
188,1198
185,1243
175,1203
189,1249
175,1199
192,1266
187,1246
193,1240
183,1198
177,1234
177,1214
177,1204
177,1235
179,1284
176,1213
194,1232
178,1282
181,1227
177,1207
180,1231
177,1196
185,1264
181,1230
173,1237
173,1264
185,1260
183,1223
183,1200
196,1260
194,1261
187,1230
177,1259
175,1231
175,1244
182,1232
189,1226
175,1239
188,1260
181,1245
183,1210
193,1214
180,1244
188,1234
196,1268
183,1252
196,1253
176,1252
190,1287
187,1221
177,1234
178,1224
175,1236
188,1300
187,1253
178,1252
190,1220
175,1242
177,1216
169,1216
196,1233
178,1281
190,1208
184,1188
180,1257
180,1234
179,1282
175,1257
177,1230
184,1213
192,1240
176,1182
185,1279
179,1207
194,1279
193,1207
178,1165
190,1201
189,1247
190,1244
180,1188
178,1175
181,1232
180,1235
185,1239
181,1242
187,1249
190,1240
189,1248
196,1267
193,1245
173,1204
180,1251
177,1277
189,1255
189,1212
193,1200
184,1214
178,1241
176,1234
177,1230
181,1211
178,1106
185,1265
187,1281
180,1179
184,1208
183,1202
184,1235
179,1214
188,1223
179,1224
175,1193
178,1232
169,1209
184,1267
178,1211
169,1214
176,1223
181,1249
177,1240
176,1251
182,1218
177,1245
191,1257
185,1248
187,1278
189,1224
191,1242
192,1246
175,1244
176,1171
188,1253
185,1203
175,1271
186,1225
189,1231
190,1259
193,1263
190,1239
177,1201
184,1268
177,1234
185,1233
177,1222
189,1250
176,1184
181,1242
187,1268
181,1211
177,1178
193,1298
175,1218
186,1211
173,1216
178,1259
186,1222
186,1250
181,1221
176,1209
185,1237
189,1245
188,1228
175,1221
190,1250
187,1270
173,1223
193,1241
187,1267
186,1284
188,1228
189,1241
185,1204
181,1220
181,1256
184,1251
181,1233
189,1245
181,1225
183,1192
183,1275
190,1250
187,1271
181,1238
176,1268
177,1285
186,1231
178,1207
189,1234
169,1194
192,1224
178,1241
190,1196
182,1234
177,1229
173,1213
183,1214
173,1243
169,1228
181,1177
187,1235
190,1230
183,1248
193,1237
189,1247
190,1247
187,1237
179,1248
181,1204
175,1229
194,1253
179,1232
178,1237
186,1238
191,1274
178,1242
176,1244
196,1211
183,1248
178,1242
181,1240
181,1237
184,1227
173,1225
183,1200
178,1181
183,1206
175,1224
190,1238
190,1250
190,1227
177,1187
175,1203
194,1260
169,1207
187,1246
178,1233
181,1226
175,1215
190,1241
179,1279
183,1265
187,1202
177,1247
193,1261
176,1197
177,1235
180,1232
177,1207
179,1236
187,1247
180,1235
177,1235
186,1229
178,1236
190,1209
194,1239
179,1251
177,1272
178,1263
187,1234
173,1214
175,1191
185,1233
183,1226
178,1220
189,1253
183,1233
193,1270
177,1238
177,1208
178,1231
175,1217
187,1229
187,1189
175,1223
185,1215
184,1234
191,1247
178,1210
178,1209
179,1246
178,1193
179,1234
180,1211
190,1241
187,1239
181,1242
184,1228
177,1233
183,1194
186,1151
177,1212
190,1233
184,1197
184,1221
177,1232
179,1233
178,1237
178,1196
177,1244
177,1223
186,1198
176,1285
170,1107
181,1242
173,1210
189,1203
169,1217
180,1212
189,1230
190,1262
182,1178
179,1242
192,1234
190,1212
187,1228
175,1231
178,1235
176,1212
175,1233
181,1252
186,1244
191,1212
188,1224
175,1244
187,1254
169,1226
186,1264
190,1213
179,1242
186,1230
173,1233
190,1282
183,1228
178,1227
178,1288
190,1257
179,1234
182,1230
185,1270
175,1196
190,1243
186,1202
186,1247
189,1265
181,1248
177,1195
193,1283
177,1196
184,1240
190,1249
176,1242
176,1240
177,1226
194,1247
178,1227
182,1240
189,1246
191,1298
185,1220
173,1216
181,1240
189,1243
178,1219
175,1244
175,1224
190,1231
179,1231
189,1230
192,1242
180,1238
179,1227
193,1266
188,1231
186,1238
187,1227
179,1209
189,1197
190,1273
185,1247
191,1243
175,1230
175,1228
185,1237
189,1243
177,1194
185,1234
184,1226
178,1246
188,1227
186,1254
190,1229
176,1218
190,1220
189,1237
179,1211
189,1190
176,1211
173,1182
184,1239
176,1217
186,1234
176,1217
184,1217
187,1243
188,1226
181,1237
183,1218
194,1268
178,1274
188,1205
192,1107
176,1222
182,1198
177,1219
190,1257
180,1198
183,1253
175,1239
183,1258
185,1249
188,1253
176,1228
185,1219
175,1207
178,1231
177,1236
179,1225
193,1233
177,1232
191,1202
177,1178
176,1202
190,1242
175,1224
184,1257
178,1214
193,1287
178,1233
186,1254
176,1215
180,1260
191,1197
185,1221
180,1255
176,1179
184,1218
177,1232
177,1265
187,1253
178,1199
173,1216
190,1230
185,1256
176,1203
183,1222
192,1240
183,1236
180,1264
178,1248
190,1225
188,1250
177,1223
177,1237
178,1249
186,1282
175,1208
180,1242
178,1234
183,1227
175,1234
178,1222
190,1202
190,1215
177,1257
181,1191
175,1214
181,1240
190,1208
177,1222
175,1227
173,1181
184,1199
184,1238
178,1248
177,1222
176,1219
177,1260
175,1225
180,1218
189,1195
175,1244
196,1245
188,1215
193,1228
178,1243
178,1282
186,1246
189,1240
182,1231
184,1259
177,1228
190,1235
183,1193
183,1200
177,1182
190,1247
181,1253
178,1216
196,1239
182,1209
189,1264
190,1227
196,1238
177,1285
182,1236
177,1240
177,1260
184,1207
177,1236
182,1236
194,1245
190,1216
177,1181
177,1217
176,1232
170,1261
177,1183
170,1220
182,1266
190,1252
176,1210
186,1241
184,1208
178,1220
191,1219
186,1228
178,1252
186,1249
177,1197
170,1222
187,1244
175,1202
186,1176
185,1259
185,1257
177,1198
175,1200
184,1233
178,1225
188,1256
190,1230
177,1242
173,1196
179,1243
177,1230
189,1230
181,1247
193,1264
187,1255
185,1215
186,1219
181,1200
175,1195
179,1228
178,1254
176,1231
193,1262
184,1193
183,1231
193,1208
178,1201
177,1216
187,1263
175,1253
176,1260
186,1238
196,1268
190,1240
183,1290
190,1240
178,1203
178,1257
182,1238
175,1210
193,1248
182,1215
175,1232
183,1285
175,1220
175,1221
190,1235
175,1229
179,1193
190,1273
190,1232
180,1240
183,1238
175,1221
187,1227
187,1249
183,1247
190,1272
175,1236
176,1275
175,1237
182,1288
178,1218
184,1209
178,1262
169,1189
177,1259
180,1223
182,1185
183,1224
190,1233
187,1230
180,1265
184,1211
175,1186
185,1222
185,1205
190,1209
192,1231
196,1231
173,1243
193,1252
181,1221
181,1187
175,1206
185,1239
185,1258
179,1257
189,1254
183,1224
178,1247
181,1166
194,1241
186,1275
179,1238
175,1250
193,1219
187,1193
190,1248
178,1225
181,1204
178,1233
182,1223
184,1230
176,1227
184,1206
170,1284
178,1253
177,1190
187,1255
177,1241
175,1113
170,1162
186,1248
181,1195
189,1255
178,1212
187,1253
186,1230
176,1206
184,1247
187,1222
179,1242
177,1193
184,1255
185,1234
175,1254
176,1180
179,1219
177,1243
182,1199
180,1222
179,1226
184,1263
188,1200
177,1208
182,1218
189,1257
187,1236
183,1285
183,1244
196,1233
190,1277
175,1202
182,1244
185,1257
183,1256
192,1230
180,1253
190,1237
185,1232
186,1260
169,1208
183,1244
179,1223
175,1200
175,1240
177,1238
178,1199
184,1255
178,1214
177,1213
181,1218
183,1203
191,1274
185,1231
177,1251
186,1268
179,1234
176,1230
193,1237
173,1229
184,1246
189,1205
173,1266
179,1233
178,1228
177,1224
190,1264
176,1246
187,1220
183,1222
188,1280
177,1238
173,1206
187,1260
176,1244
196,1200
177,1253
175,1221
179,1230
185,1217
186,1251
177,1214
177,1196
169,1186
181,1229
170,1213
169,1221
187,1225
190,1254
179,1198
178,1231
187,1268
182,1223
190,1245
175,1236
177,1213
178,1235
190,1228
186,1254
175,1220
170,1235
196,1236
183,1232
190,1245
183,1237
189,1230
190,1237
188,1231
183,1253
183,1249
181,1209
178,1250
189,1248
189,1245
178,1206
183,1215
188,1234
187,1281
175,1223
184,1251
177,1220
194,1241
196,1197
191,1255
175,1262
186,1244
179,1271
176,1229
188,1214
176,1213
177,1214
182,1239
176,1220
175,1229
185,1238
179,1234
183,1230
173,1216
169,1240
185,1270
193,1255
187,1246
183,1226
186,1244
186,1223
183,1207
187,1209
178,1236
176,1230
179,1228
189,1203
183,1199
173,1211
177,1278
178,1259
178,1263
194,1247
185,1234
189,1263
186,1216
178,1222
176,1239
176,1220
176,1232
193,1227
180,1229
187,1220
175,1219
179,1204
190,1229
188,1247
181,1228
181,1225
177,1183
178,1252
175,1255
178,1157
190,1226
177,1228
173,1189
170,1228
183,1252
189,1239
178,1215
181,1174
176,1215
169,1229
177,1175
180,1279
187,1208
183,1245
185,1229
196,1243
177,1268
179,1240
175,1276
181,1240
177,1233
184,1240
189,1213
194,1268
177,1255
177,1236
175,1238
180,1223
180,1242
192,1250
183,1212
175,1206
169,1206
177,1288
183,1199
185,1248
178,1185
178,1212
178,1241
181,1258
175,1210
179,1241
184,1263
187,1244
177,1182
193,1231
193,1180
182,1268
177,1238
191,1269
177,1250
177,1226
177,1240
178,1236
173,1206
193,1242
180,1219
193,1254
184,1243
182,1244
178,1238
182,1226
173,1227
176,1236
192,1234
178,1203
187,1239
177,1200
178,1222
177,1198
185,1273
189,1206
187,1280
190,1326
169,1244
184,1253
191,1205
170,1248
175,1244
175,1231
178,1196
182,1234
175,1193
178,1260
179,1208
175,1226
169,1216
178,1216
190,1258
175,1228
183,1226
189,1216
182,1204
178,1233
175,1203
178,1221
175,1261
178,1271
187,1266
178,1233
181,1248
191,1227
173,1225
189,1206
196,1262
177,1190
185,1248
187,1290
182,1251
186,1199
183,1195
178,1201
183,1223
187,1227
182,1252
175,1250
175,1196
178,1256
178,1242
179,1246
189,1241
175,1267
181,1224
179,1218
177,1273
185,1189
196,1223
176,1254
190,1224
192,1229
176,1233
178,1194
187,1278
192,1256
178,1223
187,1252
175,1228
176,1221
181,1241
175,1243
190,1257
184,1222
192,1282
175,1233
196,1231
176,1259
178,1204
192,1256
177,1237
183,1275
182,1228
176,1227
178,1284
185,1210
179,1207
180,1236
190,1200
173,1227
190,1266
177,1225
170,1204
189,1254
173,1178
181,1222
178,1237
181,1228
182,1235
187,1274
183,1203
184,1231
176,1240
184,1275
169,1253
190,1286
184,1220
189,1225
188,1248
185,1246
184,1240
177,1270
177,1229
177,1215
190,1201
190,1186
196,1268
173,1240
194,1224
183,1253
181,1244
170,1223
189,1259
186,1220
182,1207
176,1216
189,1211
190,1264
178,1265
177,1203
175,1211
177,1235
180,1238
186,1213
187,1254
194,1203
190,1223
182,1232
187,1243
194,1297
177,1258
177,1256
178,1229
178,1253
194,1246
177,1239
187,1268
193,1241
183,1190
177,1255
175,1240
193,1269
187,1218
188,1279
190,1247
191,1208
175,1249
182,1236
185,1242
189,1269
175,1232
179,1237
187,1213
185,1236
192,1226
185,1235
183,1228
178,1206
187,1237
177,1231
177,1229
177,1183
186,1224
187,1284
190,1248
179,1227
173,1240
169,1199
175,1207
183,1233
193,1244
176,1217
175,1280
177,1233
194,1265
185,1250
180,1193
178,1210
189,1245
178,1237
196,1212
175,1237
177,1228
187,1243
187,1241
180,1194
191,1251
178,1241
189,1287
173,1209
173,1266
175,1213
183,1247
175,1207
179,1196
176,1233
186,1246
186,1211
177,1219
177,1217
177,1223
181,1231
175,1211
186,1239
193,1201
169,1211
186,1222
196,1301
179,1261
189,1242
184,1250
184,1240
175,1178
173,1247
177,1236
186,1248
189,1222
187,1246
177,1234
175,1197
182,1220
186,1250
185,1274
177,1214
178,1285
177,1235
187,1209
178,1238
173,1187
196,1262
189,1248
194,1228
175,1220
175,1214
189,1253
176,1188
175,1180
184,1250
175,1235
196,1253
177,1204
180,1217
183,1190
175,1204
187,1276
194,1248
175,1205
183,1239
173,1197
192,1204
176,1240
183,1118
187,1234
177,1222
179,1232
192,1220
189,1212
181,1209
184,1247
187,1259
184,1218
183,1256
177,1221
184,1220
173,1244
170,1232
183,1216
178,1218
173,1171
190,1225
178,1211
173,1222
178,1188
177,1227
186,1228
175,1219
175,1215
189,1235
175,1203
180,1226
187,1235
189,1207
181,1215
186,1226
176,1228
178,1209
187,1295
189,1260
186,1230
176,1229
175,1217
175,1263
190,1231
186,1205
185,1254
181,1235
183,1248
180,1218
177,1201
187,1258
180,1224
177,1190
178,1241
181,1221
178,1201
175,1194
188,1243
189,1241
196,1221
184,1251
175,1186
186,1245
177,1262
181,1227
176,1223
187,1250
186,1239
176,1230
187,1215
175,1201
181,1228
187,1254
173,1243
178,1213
181,1204
175,1235
175,1238
188,1280
178,1217
180,1214
186,1229
196,1281
189,1237
173,1233
169,1179
182,1260
184,1229
175,1217
177,1239
182,1220
183,1233
181,1227
178,1260
177,1187
186,1231
179,1199
178,1199
173,1219
196,1178
192,1248
179,1246
170,1204
175,1201
178,1243
196,1258
187,1266
193,1249
186,1217
187,1228
183,1280
190,1279
177,1243
179,1203
177,1223
175,1222
178,1227
175,1270
193,1254
176,1220
176,1271
185,1221
189,1235
187,1238
185,1263
184,1263
192,1218
175,1232
183,1222
178,1249
196,1274
194,1236
193,1251
175,1234
181,1239
176,1200
190,1229
183,1236
193,1215
184,1217
190,1225
190,1226
175,1217
196,1228
177,1219
169,1204
173,1227
175,1219
187,1281
188,1236
184,1201
175,1216
187,1290
186,1220
188,1225
181,1244
177,1213
184,1257
176,1218
186,1250
175,1216
191,1237
177,1212
177,1247
178,1258
170,1238
175,1220
184,1237
184,1221
189,1222
180,1244
189,1244
188,1242
193,1254
186,1225
183,1223
188,1243
186,1247
191,1216
186,1210
175,1254
178,1243
183,1219
189,1254
196,1253
179,1226
181,1230
186,1241
176,1235
176,1231
188,1263
175,1254
178,1245
180,1243
182,1213
175,1204
191,1213
185,1284
181,1302
175,1267
178,1219
187,1239
193,1237
194,1237
184,1209
180,1214
192,1236
173,1216
178,1235
177,1223
175,1222
177,1240
190,1240
187,1221
177,1210
189,1251
175,1208
178,1229
183,1223
187,1239
178,1238
196,1241
177,1212
179,1235
194,1273
177,1236
190,1256
176,1208
190,1243
181,1203
189,1216
192,1289
182,1231
185,1185
176,1244
187,1251
194,1255
175,1254
175,1237
184,1206
189,1237
181,1214
175,1208
189,1220
183,1247
169,1226
178,1231
186,1247
189,1237
182,1192
175,1224
178,1233
186,1219
180,1218
175,1236
178,1204
190,1253
176,1216
190,1246
175,1239
192,1212
186,1282
180,1237
178,1228
191,1272
175,1243
183,1188
196,1261
178,1261
176,1213
190,1287
180,1224
175,1227
179,1227
190,1247
177,1245
184,1243
184,1217
188,1230
189,1244
180,1274
183,1283
176,1247
178,1242
183,1221
189,1290
186,1319
181,1242
190,1243
179,1226
192,1264
187,1267
175,1214
178,1204
185,1274
177,1228
178,1234
173,1251
177,1209
177,1223
177,1232
176,1226
186,1243
183,1219
180,1222
185,1206
177,1187
185,1237
181,1290
181,1224
177,1219
176,1243
179,1229
187,1198
177,1172
178,1192
190,1265
189,1269
169,1224
187,1229
186,1230
180,1227
178,1239
175,1204
187,1269
182,1241
177,1194
175,1195
186,1243
183,1233
178,1239
190,1281
183,1262
179,1251
177,1212
175,1245
186,1225
189,1277
185,1281
177,1233
190,1225
185,1220
175,1215
179,1228
186,1202
187,1210
185,1254
190,1217
179,1208
177,1106
186,1229
185,1232
177,1216
188,1245
196,1241
177,1219
186,1254
194,1268
178,1229
186,1231
184,1245
185,1244
190,1220
185,1237
189,1245
190,1225
196,1246
178,1231
186,1218
178,1235
176,1227
176,1243
178,1187
191,1230
175,1250
193,1271
173,1254
191,1237
183,1237
180,1199
183,1269
178,1243
178,1247
193,1284
176,1254
181,1240
179,1204
186,1262
185,1256
178,1252
177,1217
178,1277
175,1271
169,1270
170,1228
190,1232
193,1249
190,1211
180,1193
189,1217
183,1194
173,1260
184,1209
180,1207
175,1257
190,1230
180,1217
177,1187
177,1221
177,1211
176,1222
190,1235
185,1244
183,1282
182,1230
186,1207
194,1241
180,1221
178,1186
190,1256
187,1242
184,1221
183,1249
183,1249
175,1258
194,1246
190,1211
189,1241
190,1261
190,1241
176,1270
177,1212
175,1215
176,1240
178,1242
175,1237
179,1257
182,1223
178,1198
175,1204
176,1244
190,1265
175,1235
178,1228
176,1244
187,1211
189,1217
190,1277
178,1229
169,1236
192,1246
183,1222
185,1217
181,1277
185,1227
183,1155
178,1225
182,1222
178,1213
176,1261
170,1235
181,1236
177,1242
170,1242
185,1210
179,1209
178,1229
170,1192
177,1210
187,1225
190,1227
176,1225
180,1227
196,1260
178,1215
177,1217
188,1244
175,1167
192,1195
177,1197
177,1237
178,1205
190,1218
189,1234
186,1254
187,1199
193,1246
177,1197
178,1228
187,1217
186,1223
173,1218
175,1250
177,1243
190,1220
193,1257
185,1254
188,1250
173,1181
183,1233
178,1222
183,1221
179,1221
173,1253
179,1193
177,1220
190,1267
180,1239
186,1231
175,1281
189,1229
186,1215
185,1212
184,1232
170,1224
178,1205
175,1236
190,1290
192,1267
196,1248
190,1275
189,1232
187,1223
187,1198
176,1189
178,1215
186,1261
182,1244
191,1272
190,1199
183,1239
188,1269
186,1210
179,1236
190,1212
175,1235
180,1230
189,1263
177,1281
188,1225
193,1237
187,1226
177,1239
170,1228
184,1274
178,1214
175,1275
190,1200
178,1212
180,1255
178,1249
185,1219
179,1239
178,1251
187,1276
194,1244
173,1195
179,1249
187,1238
190,1236
178,1236
176,1233
183,1262
175,1186
181,1223
194,1216
196,1274
177,1219
178,1216
182,1228
175,1229
182,1251
178,1198
179,1251
190,1279
178,1225
177,1225
185,1178
184,1241
180,1221
194,1243
189,1237
187,1247
176,1212
182,1266
175,1226
178,1202
192,1237
190,1253
193,1244
173,1194
193,1234
184,1238
178,1259
175,1232
182,1227
178,1283
183,1241
181,1261
176,1273
180,1206
183,1237
187,1232
190,1197
173,1221
175,1197
185,1243
187,1256
187,1238
177,1179
176,1215
179,1197
179,1226
177,1182
187,1216
192,1230
185,1291
184,1244
185,1213
187,1253
186,1231
182,1241
186,1284
187,1244
179,1224
175,1225
178,1251
182,1264
185,1255
178,1238
189,1237
183,1239
193,1288
175,1234
179,1249
178,1244
189,1218
183,1246
178,1202
183,1196
189,1249
181,1263
175,1241
177,1218
183,1212
173,1223
178,1266
196,1253
169,1230
185,1245
185,1242
178,1208
188,1177
178,1221
177,1227
190,1253
170,1197
173,1194
181,1206
193,1253
189,1269
184,1193
177,1244
187,1250
190,1232
175,1080
175,1198
186,1232
175,1283
187,1241
188,1243
169,1205
178,1239
192,1222
186,1254
180,1230
190,1195
186,1260
187,1204
185,1249
190,1236
193,1242
181,1227
190,1234
177,1209
187,1258
190,1250
169,1227
177,1249
178,1204
186,1227
185,1230
186,1228
178,1242
173,1201
188,1195
175,1273
180,1230
178,1248
185,1209
179,1226
177,1262
184,1180
173,1244
190,1300
178,1238
183,1181
183,1237
175,1252
193,1226
183,1213
175,1269
182,1240
183,1232
185,1204
181,1214
176,1268
178,1245
175,1222
187,1243
178,1242
175,1172
175,1241
178,1245
177,1253
179,1199
189,1234
180,1244
181,1241
193,1193
188,1216
175,1249
188,1224
179,1232
190,1240
187,1235
190,1252
173,1226
188,1237
192,1229
185,1198
178,1173
183,1251
181,1242
190,1275
178,1221
184,1248
186,1271
173,1217
179,1139
185,1225
176,1224
187,1253
194,1256
176,1238
178,1203
173,1206
187,1249
177,1237
178,1249
176,1254
178,1220
178,1213
187,1223
173,1223
186,1310
175,1253
187,1215
182,1219
176,1212
182,1244
193,1272
192,1237
187,1217
181,1236
184,1217
176,1233
182,1265
176,1211
190,1259
181,1225
183,1243
186,1236
181,1226
185,1282
176,1223
175,1192
191,1224
183,1222
188,1251
176,1237
176,1238
189,1239
177,1238
177,1234
189,1255
178,1224
184,1215
183,1270
187,1274
189,1250
183,1209
175,1227
180,1267
178,1217
190,1283
190,1235
181,1252
178,1205
179,1217
181,1240
179,1225
179,1262
175,1260
173,1224
173,1202
176,1238
178,1254
177,1221
187,1271
181,1213
170,1222
186,1247
196,1220
181,1235
183,1203
183,1229
193,1262
178,1234
187,1264
177,1205
176,1244
177,1217
185,1243
186,1201
186,1276
173,1256
191,1242
193,1189
179,1204
188,1236
188,1232
170,1212
193,1255
181,1238
175,1253
193,1216
175,1230
193,1202
175,1221
180,1208
189,1252
182,1231
170,1174
176,1197
187,1255
176,1250
177,1293
180,1205
169,1234
175,1244
178,1258
175,1204
196,1276
176,1255
178,1227
187,1253
183,1233
183,1254
179,1238
183,1280
182,1212
179,1222
181,1266
184,1230
178,1227
184,1268
177,1219
176,1251
193,1214
179,1215
182,1233
180,1241
187,1270
175,1265
181,1239
184,1269
179,1230
177,1243
184,1217
186,1246
179,1237
182,1201
187,1239
177,1259
169,1212
182,1253
190,1267
176,1228
184,1236
192,1208
179,1266
184,1247
177,1224
189,1260
188,1243
189,1220
184,1267
175,1224
178,1202
177,1236
183,1227
179,1216
177,1234
177,1219
178,1273
194,1253
178,1219
184,1225
181,1246
169,1220
177,1222
184,1267
190,1212
183,1240
189,1230
175,1225
180,1228
177,1243
187,1226
177,1235
185,1234
173,1206
183,1263
176,1245
178,1225
183,1218
190,1220
193,1257
175,1224
175,1223
192,1243
190,1220
178,1208
187,1210
183,1222
185,1242
190,1199
176,1255
193,1244
184,1220
194,1272
194,1255
179,1240
196,1256
186,1213
190,1239
184,1240
185,1263
180,1203
173,1172
173,1242
177,1236
175,1215
189,1261
190,1245
196,1235
176,1223
178,1212
169,1223
185,1244
194,1249
185,1256
190,1240
189,1236
184,1241
170,1200
187,1261
177,1195
177,1233
177,1216
179,1188
178,1244
194,1226
183,1183
188,1259
175,1212
178,1209
193,1229
170,1209
189,1252
173,1213
178,1242
185,1258
183,1252
173,1225
187,1277
176,1236
181,1246
179,1243
176,1245
196,1279
177,1144
177,1226
176,1204
185,1271
183,1251
178,1226
175,1211
177,1191
178,1221
185,1233
173,1214
180,1227
188,1229
177,1238
169,1257
179,1218
178,1254
184,1226
186,1230
187,1233
189,1269
191,1257
178,1241
186,1273
184,1221
177,1249
175,1238
170,1191
178,1233
184,1165
183,1244
179,1219
186,1228
187,1245
177,1217
190,1254
173,1229
176,1217
183,1249
176,1223
181,1255
184,1238
177,1225
176,1228
177,1260
181,1240
185,1205
187,1243
187,1195
177,1232
188,1231
180,1228
186,1231
193,1289
187,1200
181,1243
184,1243
177,1195
175,1245
187,1248
170,1230
180,1261
196,1252
184,1162
184,1259
175,1213
178,1212
177,1223
173,1205
175,1195
176,1223
175,1241
190,1241
183,1220
186,1259
175,1240
177,1277
183,1215
190,1225
192,1260
173,1188
183,1225
184,1227
169,1204
176,1276
175,1219
175,1219
182,1201
185,1227
186,1245
176,1188
190,1269
178,1185
190,1227
192,1230
177,1247
175,1228
176,1191
173,1217
173,1231
179,1259
173,1232
176,1202
193,1263
175,1232
179,1234
190,1248
189,1215
183,1238
179,1167
180,1232
177,1272
190,1228
196,1254
192,1254
177,1215
178,1222
179,1233
175,1250
193,1224
185,1251
178,1240
180,1263
173,1253
184,1208
196,1247
186,1249
176,1221
175,1229
176,1207
190,1258
185,1222
183,1204
175,1198
190,1243
187,1241
177,1216
191,1266
182,1219
176,1213
177,1238
178,1250
183,1280
175,1246
177,1205
183,1264
177,1242
193,1293
181,1230
180,1262
182,1241
189,1241
181,1251
176,1240
180,1261
176,1256
176,1205
176,1246
177,1231
187,1198
173,1217
178,1202
188,1100
175,1253
170,1230
184,1263
183,1197
183,1208
176,1194
173,1226
175,1180
170,1231
177,1195
184,1192
176,1209
181,1239
181,1209
187,1233
183,1210
183,1231
175,1231
182,1234
190,1218
185,1272
185,1265
184,1229
189,1207
192,1220
177,1213
176,1223
190,1200
175,1192
176,1245
177,1222
177,1233
187,1251
186,1257
177,1203
181,1239
175,1210
181,1230
177,1224
190,1208
176,1206
177,1244
177,1218
176,1233
181,1211
193,1244
190,1222
190,1281
189,1240
189,1273
181,1225
184,1237
178,1252
182,1318
173,1269
179,1214
188,1207
175,1272
177,1213
181,1200
176,1223
169,1241
170,1203
190,1233
180,1255
182,1250
186,1256
176,1240
177,1224
188,1285
175,1223
177,1218
178,1254
187,1243
175,1224
188,1286
182,1226
178,1183
175,1192
189,1237
179,1220
175,1190
190,1251
185,1222
189,1245
187,1259
187,1216
180,1214
181,1239
187,1247
181,1211
180,1240
175,1222
178,1222
175,1223
176,1200
177,1193
176,1206
185,1234
177,1257
183,1236
184,1262
184,1210
178,1234
178,1223
175,1237
184,1208
175,1229
188,1266
187,1260
188,1269
187,1236
183,1238
190,1276
178,1217
176,1189
194,1215
177,1221
178,1221
185,1241
176,1215
170,1177
183,1252
180,1226
178,1212
178,1239
193,1201
177,1244
191,1229
181,1258
178,1215
178,1151
179,1273
189,1209
175,1222
187,1237
190,1295
186,1202
178,1205
189,1208
194,1213
176,1188
182,1222
177,1227
180,1222
190,1243
175,1247
177,1241
176,1241
176,1206
183,1233
188,1242
175,1209
175,1274
192,1249
177,1299
187,1255
187,1270
183,1226
178,1226
189,1217
184,1215
173,1222
190,1267
175,1280
177,1211
178,1200
190,1247
177,1235
181,1215
178,1230
178,1221
178,1257
176,1246
175,1208
182,1235
178,1215
180,1210
184,1229
175,1238
185,1256
193,1235
178,1227
178,1229
185,1220
185,1226
185,1247
175,1226
178,1273
170,1232
181,1226
190,1244
177,1208
194,1255
183,1211
181,1261
178,1223
175,1202
188,1243
189,1214
184,1269
181,1229
179,1238
185,1231
184,1279
184,1278
191,1248
184,1211
175,1216
190,1242
177,1201
178,1229
169,1220
185,1217
193,1238
193,1228
180,1247
176,1234
180,1239
178,1249
189,1244
177,1194
170,1251
179,1237
179,1220
193,1251
169,1232
177,1237
179,1238
179,1241
193,1237
181,1292
193,1257
194,1278
176,1245
178,1189
178,1310
181,1189
176,1219
193,1230
185,1221
184,1183
176,1195
186,1266
185,1207
186,1229
184,1264
181,1238
184,1222
194,1244
179,1201
178,1200
196,1270
186,1222
187,1242
184,1253
185,1239
189,1239
178,1275
175,1253
184,1259
190,1192
189,1248
173,1252
169,1231
190,1231
175,1267
173,1253
185,1241
175,1189
185,1233
192,1272
190,1261
190,1230
178,1235
193,1302
189,1247
188,1232
185,1257
173,1240
181,1245
170,1226
187,1232
181,1233
185,1221
181,1250
179,1173
177,1248
179,1226
193,1246
179,1210
188,1253
182,1209
177,1254
186,1296
181,1277
176,1216
173,1179
190,1253
175,1278
183,1227
181,1188
182,1322
170,1259
173,1184
180,1263
173,1224
180,1237
183,1220
187,1242
193,1223
186,1254
175,1272
187,1260
186,1220
175,1161
185,1214
173,1254
178,1256
178,1209
194,1241
194,1203
192,1224
185,1278
177,1186
177,1219
191,1187
183,1243
177,1232
192,1235
169,1216
187,1243
169,1213
176,1212
173,1257
183,1230
186,1226
193,1223
185,1239
180,1258
169,1214
186,1239
177,1240
173,1249
193,1232
170,1212
183,1257
193,1265
175,1230
196,1225
185,1282
176,1239
175,1229
188,1229
187,1241
183,1207
177,1227
191,1226
183,1236
177,1233
175,1224
180,1196
189,1222
175,1246
185,1246
178,1240
176,1216
169,1217
191,1236
183,1233
189,1239
193,1230
179,1235
189,1197
184,1277
189,1251
181,1268
178,1200
173,1201
173,1187
196,1223
183,1204
177,1221
178,1265
177,1258
177,1228
177,1262
170,1183
185,1268
181,1211
173,1212
189,1268
173,1219
193,1243
183,1173
178,1249
169,1228
193,1254
182,1275
188,1239
177,1229
191,1262
178,1232
186,1234
175,1272
182,1202
177,1235
178,1251
184,1247
179,1216
187,1250
182,1205
189,1263
181,1192
193,1226
185,1229
185,1225
193,1254
192,1231
186,1232
180,1239
178,1256
184,1234
181,1275
193,1199
183,1230
193,1263
175,1243
173,1227
189,1287
189,1223
183,1227
190,1250
187,1272
187,1214
176,1260
196,1247
176,1223
190,1199
188,1199
177,1209
190,1199
178,1252
182,1218
196,1263
177,1223
179,1259
192,1231
173,1220
182,1223
173,1204
176,1180
178,1233
183,1303
175,1217
189,1243
175,1162
176,1229
177,1236
178,1247
187,1200
185,1252
187,1239
180,1253
173,1221
191,1260
188,1226
182,1262
175,1222
189,1265
193,1268
190,1216
175,1197
189,1231
177,1182
194,1213
187,1240
170,1234
191,1226
186,1210
178,1247
175,1247
176,1201
178,1245
178,1242
178,1227
187,1229
175,1217
176,1223
178,1189
187,1249
190,1263
181,1227
175,1156
177,1221
181,1244
190,1205
178,1244
187,1252
175,1231
175,1236
193,1238
178,1228
177,1236
177,1250
176,1222
194,1250
188,1232
181,1229
192,1204
185,1263
186,1245
185,1184
188,1239
169,1207
184,1209
183,1244
185,1209
176,1239
177,1211
178,1199
192,1224
177,1255
183,1203
185,1230
183,1198
169,1262
183,1247
181,1205
183,1204
175,1277
187,1273
178,1259
187,1256
175,1240
188,1235
183,1224
193,1225
189,1230
184,1258
191,1223
190,1221
187,1246
184,1222
175,1221
178,1176
177,1222
190,1282
177,1254
178,1231
178,1196
178,1198
169,1197
181,1252
178,1220
187,1266
183,1225
175,1230
178,1241
177,1265
184,1224
188,1227
183,1201
176,1226
179,1220
178,1223
184,1256
175,1221
191,1265
183,1254
187,1288
191,1236
173,1230
180,1200
190,1258
179,1156
180,1207
196,1274
175,1282
178,1198
175,1210
180,1219
175,1208
189,1236
180,1200
186,1271
169,1205
192,1230
196,1292
190,1238
187,1280
191,1239
193,1247
175,1197
183,1219
176,1247
173,1249
177,1235
177,1269
183,1237
177,1234
184,1228
187,1242
177,1235
182,1243
192,1265
186,1246
177,1205
187,1227
177,1258
177,1246
182,1232
177,1198
183,1229
187,1227
186,1235
186,1168
175,1223
176,1232
181,1267
193,1224
176,1230
177,1135
177,1248
196,1250
184,1215
192,1203
189,1215
175,1255
178,1204
170,1207
184,1253
170,1234
181,1211
184,1295
193,1220
183,1243
176,1244
183,1219
175,1227
175,1241
176,1215
190,1229
179,1266
177,1226
190,1239
173,1240
193,1268
177,1233
183,1236
178,1265
190,1256
189,1251
177,1165
173,1284
181,1203
186,1223
183,1238
175,1232
175,1223
177,1219
185,1204
178,1197
175,1239
182,1178
177,1200
176,1201
190,1242
173,1182
175,1221
183,1230
185,1283
175,1231
175,1205
183,1191
177,1182
178,1222
193,1245
192,1237
189,1230
188,1233
178,1263
188,1226
178,1234
179,1233
177,1230
177,1225
179,1191
176,1218
179,1211
188,1247
183,1225
187,1262
175,1254
189,1209
189,1267
180,1297
194,1234
184,1281
193,1235
180,1260
184,1205
181,1184
190,1268
176,1200
175,1241
188,1263
178,1241
176,1229
173,1230
179,1281
180,1160
175,1227
178,1206
178,1179
187,1271
173,1190
173,1217
193,1217
177,1275
190,1234
175,1215
169,1227
181,1237
178,1257
181,1282
177,1281
179,1236
186,1223
178,1225
186,1232
186,1251
193,1239
192,1262
177,1212
175,1239
189,1241
178,1235
175,1216
183,1246
176,1225
181,1214
183,1256
190,1271
184,1228
179,1200
184,1209
178,1202
176,1232
193,1244
181,1182
193,1250
170,1230
182,1229
193,1284
181,1271
176,1199
183,1212
190,1210
175,1216
183,1232
182,1225
189,1197
190,1198
188,1243
182,1222
177,1229
184,1243
181,1223
187,1252
176,1206
170,1241
188,1265
177,1207
187,1241
177,1181
188,1296
175,1222
177,1262
190,1241
186,1203
183,1252
170,1210
179,1216
177,1233
186,1223
178,1244
175,1222
190,1292
177,1229
175,1222
186,1195
173,1227
173,1233
181,1234
184,1243
178,1242
193,1230
181,1263
184,1235
187,1221
183,1162
196,1299
186,1236
191,1235
179,1280
183,1222
177,1237
175,1224
175,1188
187,1226
187,1215
192,1216
184,1221
183,1214
179,1194
177,1221
175,1212
177,1245
192,1263
189,1252
188,1256
185,1237
184,1205
175,1197
185,1248
194,1259
175,1258
190,1275
177,1191
185,1182
175,1228
176,1239
176,1224
188,1281
187,1199
196,1277
169,1231
194,1244
186,1267
183,1248
181,1225
187,1241
178,1204
191,1267
184,1231
187,1220
177,1253
180,1219
175,1231
183,1220
186,1218
191,1307
185,1251
175,1251
175,1219
183,1256
182,1235
196,1291
177,1182
175,1234
176,1240
191,1249
170,1242
184,1243
189,1256
190,1215
187,1244
178,1223
185,1157
187,1235
190,1288
185,1255
175,1241
175,1240
184,1210
176,1220
188,1251
175,1252
189,1230
175,1213
187,1263
196,1232
192,1235
173,1193
191,1220
185,1251
183,1263
175,1206
179,1216
192,1253
177,1219
181,1257
181,1231
176,1228
190,1230
175,1242
181,1210
178,1237
175,1229
192,1220
182,1232
183,1240
169,1218
181,1217
180,1236
180,1247
177,1271
193,1224
185,1230
180,1227
182,1203
185,1242
190,1253
175,1230
177,1219
184,1279
178,1223
186,1264
192,1253
179,1225
182,1246
186,1270
193,1231
181,1195
181,1251
177,1202
181,1202
190,1248
187,1235
178,1229
177,1215
188,1242
177,1210
175,1206
184,1233
181,1204
178,1260
185,1256
187,1264
184,1252
183,1194
177,1227
175,1215
184,1246
177,1250
196,1214
176,1204
196,1279
178,1234
190,1288
182,1233
189,1199
190,1224
186,1239
177,1200
178,1248
176,1226
183,1201
186,1203
177,1234
183,1256
178,1206
189,1232
179,1213
178,1256
186,1231
186,1249
193,1248
170,1200
190,1239
190,1258
175,1273
185,1215
185,1231
183,1230
187,1249
187,1247
185,1219
176,1197
175,1238
177,1230
196,1261
181,1224
170,1211
181,1200
184,1197
177,1260
182,1245
177,1226
193,1266
177,1200
169,1249
187,1265
185,1260
196,1259
191,1244
186,1267
187,1215
179,1273
179,1265
170,1220
189,1186
178,1220
173,1238
193,1275
182,1210
188,1243
178,1201
187,1255
193,1222
189,1243
185,1260
188,1226
179,1180
175,1193
176,1191
178,1206
175,1309
178,1236
179,1197
175,1237
187,1255
185,1181
170,1282
175,1241
190,1291
184,1221
175,1218
186,1213
189,1241
175,1233
175,1230
180,1251
186,1230
184,1205
193,1219
186,1226
184,1219
183,1239
175,1277
169,1238
179,1233
190,1272
187,1282
175,1222
178,1211
176,1180
177,1194
181,1236
185,1210
191,1265
176,1236
184,1208
187,1232
190,1242
182,1229
175,1232
177,1251
169,1223
191,1239
176,1188
190,1250
179,1245
175,1235
181,1194
183,1247
185,1282
179,1258
178,1198
189,1241
178,1192
190,1247
183,1202
189,1219
185,1181
175,1190
175,1233
187,1244
175,1278
193,1277
178,1270
179,1236
183,1230
187,1222
175,1237
191,1259
178,1244
187,1221
176,1232
175,1241
175,1222
190,1224
187,1240
170,1216
188,1226
196,1249
181,1232
186,1232
176,1249
193,1272
178,1217
175,1218
173,1219
175,1200
184,1292
177,1230
175,1250
175,1234
179,1227
177,1241
177,1213
179,1230
189,1242
185,1204
189,1229
176,1207
177,1232
190,1245
175,1307
188,1214
178,1215
175,1237
176,1242
181,1218
188,1243
191,1234
187,1216
177,1236
185,1202
177,1213
180,1216
177,1227
183,1208
196,1213
176,1246
178,1229
186,1241
181,1219
177,1232
190,1243
178,1278
176,1233
181,1260
184,1251
193,1319
175,1272
190,1217
173,1232
196,1263
178,1219
189,1268
177,1224
179,1237
178,1247
178,1270
177,1220
181,1201
177,1189
178,1238
191,1249
180,1191
175,1208
193,1278
178,1225
177,1273
190,1239
184,1243
187,1243
190,1231
183,1227
190,1245
169,1210
196,1267
169,1175
189,1228
177,1236
182,1218
178,1190
176,1229
181,1226
190,1254
185,1302
178,1235
189,1246
181,1215
182,1236
185,1122
178,1204
181,1237
179,1283
185,1219
173,1214
176,1227
181,1213
178,1231
179,1235
188,1229
177,1242
178,1226
189,1219
190,1288
176,1209
189,1246
178,1225
181,1258
184,1248
187,1262
184,1253
188,1266
175,1218
177,1221
183,1236
181,1252
186,1211
183,1266
177,1283
178,1251
193,1233
190,1224
170,1244
176,1216
184,1245
178,1270
175,1178
176,1241
176,1203
178,1192
176,1248
187,1237
183,1239
178,1186
182,1265
183,1215
175,1236
185,1242
179,1231
182,1227
188,1275
176,1229
177,1210
190,1226
184,1271
170,1188
178,1243
193,1256
190,1277
188,1260
181,1211
179,1276
177,1238
189,1250
180,1227
181,1264
176,1210
188,1245
188,1255
178,1226
187,1230
173,1209
194,1215
177,1258
185,1256
187,1259
187,1215
177,1214
173,1239
187,1258
186,1178
183,1225
189,1241
178,1195
175,1192
169,1235
173,1269
187,1250
184,1215
190,1228
181,1232
187,1218
175,1221
177,1236
184,1242
184,1224
181,1220
188,1238
193,1226
189,1274
185,1239
185,1249
175,1207
181,1216
184,1229
193,1270
184,1214
179,1216
181,1227
178,1252
177,1191
183,1234
190,1221
187,1225
175,1222
188,1221
173,1216
177,1197
178,1211
176,1233
191,1245
189,1224
191,1247
189,1252
190,1260
196,1241
193,1231
178,1246
179,1274
190,1230
178,1247
183,1249
178,1178
176,1213
180,1215
189,1203
181,1196
189,1262
175,1231
196,1178
187,1289
176,1234
185,1262
177,1225
178,1225
181,1206
178,1242
180,1212
181,1200
188,1231
192,1272
187,1202
178,1256
177,1246
182,1208
190,1219
187,1225
177,1241
187,1242
176,1263
177,1282
177,1251
183,1214
173,1210
177,1211
177,1231
178,1272
176,1234
180,1229
189,1196
184,1223
175,1239
175,1235
182,1222
177,1200
179,1211
176,1228
178,1233
180,1228
188,1207
183,1252
191,1239
182,1239
190,1219
175,1225
189,1280
182,1216
189,1201
177,1247
185,1193
177,1232
177,1238
178,1217
175,1249
193,1246
182,1244
187,1231
175,1222
184,1214
176,1198
175,1275
179,1231
176,1224
175,1221
176,1209
190,1241
180,1207
177,1178
179,1249
181,1277
184,1252
177,1252
191,1252
183,1251
192,1187
196,1242
188,1220
189,1285
177,1279
184,1260
173,1231
192,1227
183,1224
191,1230
175,1204
188,1222
184,1249
175,1254
186,1237
175,1241
177,1239
177,1231
176,1189
175,1249
185,1206
196,1317
178,1232
190,1257
178,1199
181,1225
192,1227
185,1224
184,1151
177,1220
177,1223
178,1203
175,1230
175,1247
185,1231
183,1210
184,1190
180,1235
188,1266
177,1230
189,1266
177,1217
183,1266
190,1200
178,1238
177,1250
187,1211
175,1230
187,1249
173,1193
190,1220
184,1255
188,1247
184,1233
181,1175
189,1223
169,1236
179,1242
193,1221
181,1270
187,1239
176,1233
184,1246
175,1202
183,1202
181,1204
189,1215
183,1255
190,1264
175,1252
186,1230
177,1211
188,1185
177,1237
194,1251
185,1250
180,1223
183,1237
187,1232
177,1190
176,1210
183,1194
177,1244
190,1264
191,1218
196,1243
177,1274
176,1222
177,1240
175,1247
186,1257
190,1229
177,1188
186,1196
194,1202
177,1235
185,1243
183,1209
188,1232
190,1280
179,1207
175,1209
182,1217
190,1235
173,1206
180,1219
170,1211
178,1216
176,1238
178,1261
186,1226
185,1213
193,1233
187,1244
182,1239
185,1219
193,1234
189,1236
177,1196
176,1217
177,1227
179,1214
187,1261
194,1233
178,1219
177,1248
190,1239
185,1258
175,1229
183,1241
175,1254
194,1296
176,1224
187,1270
186,1249
185,1241
190,1258
181,1226
185,1245
190,1229
182,1211
183,1222
187,1242
186,1251
170,1180
177,1203
175,1243
175,1197
193,1232
185,1248
190,1262
184,1229
181,1171
188,1235
180,1242
181,1241
184,1237
187,1232
177,1237
186,1224
183,1221
179,1191
182,1257
193,1267
189,1257
182,1249
186,1242
177,1240
180,1278
181,1259
177,1233
175,1206
193,1245
188,1235
191,1260
179,1213
185,1204
189,1234
183,1290
173,1207
185,1253
178,1208
187,1285
177,1235
180,1257
184,1241
177,1244
184,1234
183,1239
190,1263
190,1255
176,1177
179,1241
184,1237
175,1248
178,1248
189,1228
176,1237
178,1237
183,1189
179,1209
176,1250
191,1266
173,1205
175,1249
182,1242
185,1263
178,1228
175,1195
176,1182
187,1238
178,1234
178,1223
187,1275
196,1281
176,1247
177,1210
186,1234
178,1220
181,1232
169,1258
176,1263
178,1216
178,1219
175,1230
176,1191
184,1183
178,1215
175,1219
194,1227
186,1271
184,1181
185,1219
183,1232
186,1246
180,1264
194,1263
177,1213
181,1208
187,1183
178,1195
179,1227
184,1266
190,1229
190,1211
194,1262
177,1275
184,1220
177,1241
177,1223
176,1200
183,1229
179,1204
177,1227
181,1250
173,1221
173,1242
185,1224
182,1241
175,1223
178,1205
178,1208
185,1237
188,1245
173,1215
194,1249
175,1222
193,1252
184,1256
176,1217
189,1265
190,1214
176,1189
186,1243
187,1267
192,1231
190,1252
182,1259
176,1224
187,1261
179,1186
187,1207
190,1243
181,1222
169,1224
178,1280
179,1229
176,1242
169,1223
193,1244
187,1303
185,1247
175,1204
169,1243
191,1238
175,1244
196,1205
190,1249
181,1249
193,1236
182,1242
193,1241
180,1242
187,1241
180,1238
190,1227
179,1211
183,1205
193,1287
179,1191
177,1213
187,1248
189,1235
175,1210
186,1207
178,1213
187,1194
177,1201
180,1229
178,1188
175,1195
177,1192
176,1188
186,1247
187,1238
182,1216
181,1233
185,1197
193,1250
183,1242
188,1222
183,1252
175,1189
190,1280
183,1238
178,1245
175,1189
193,1272
184,1236
178,1234
182,1220
179,1238
192,1240
182,1212
175,1191
186,1214
173,1217
177,1259
178,1185
194,1253
183,1209
194,1266
175,1206
176,1178
178,1215
178,1249
177,1226
183,1211
179,1245
186,1260
185,1208
196,1231
176,1252
185,1214
183,1229
179,1213
177,1255
181,1260
169,1232
178,1212
188,1296
187,1229
177,1292
179,1200
183,1234
196,1218
180,1254
190,1237
176,1245
182,1202
178,1250
177,1179
184,1236
185,1260
180,1201
170,1261
179,1242
187,1229
176,1243
180,1239
192,1229
191,1271
187,1201
176,1208
178,1214
170,1194
175,1220
191,1244
180,1214
187,1235
178,1276
185,1202
182,1196
181,1232
186,1259
183,1237
189,1241
179,1207
186,1247
176,1197
186,1226
189,1246
179,1246
178,1242
176,1271
187,1246
179,1150
196,1254
183,1257
187,1237
193,1250
175,1189
189,1254
178,1207
188,1262
177,1219
170,1184
193,1273
186,1223
175,1200
177,1196
187,1235
173,1199
187,1264
178,1233
175,1218
189,1194
182,1294
170,1230
187,1241
182,1260
178,1213
170,1212
177,1222
179,1217
185,1242
183,1245
177,1281
170,1231
175,1215
177,1262
178,1188
169,1206
187,1276
177,1234
175,1226
190,1223
177,1225
175,1185
189,1219
170,1221
188,1206
178,1236
182,1259
176,1204
191,1231
185,1227
190,1230
193,1241
193,1248
175,1241
177,1225
189,1238
170,1236
175,1221
188,1160
181,1239
177,1235
189,1220
188,1262
175,1201
187,1236
184,1289
190,1240
191,1218
179,1254
186,1266
190,1258
187,1231
181,1199
175,1242
169,1204
178,1233
183,1207
177,1171
177,1211
179,1216
175,1249
189,1251
186,1204
177,1200
175,1222
177,1209
177,1229
189,1196
193,1235
190,1259
186,1269
189,1230
183,1253
181,1281
190,1253
175,1261
185,1225
175,1268
179,1252
188,1237
177,1209
177,1230
176,1231
176,1234
190,1251
175,1227
192,1241
187,1220
183,1199
178,1239
178,1223
184,1169
177,1223
193,1243
177,1251
178,1265
178,1216
179,1180
187,1228
169,1208
173,1266
183,1253
180,1196
182,1261
188,1229
175,1258
188,1208
183,1262
193,1242
176,1263
189,1265
181,1296
186,1250
182,1218
176,1219
179,1223
188,1238
183,1255
192,1275
178,1238
187,1238
189,1233
173,1240
178,1211
178,1237
185,1217
173,1227
185,1225
190,1301
187,1284
189,1236
189,1225
179,1253
187,1259
177,1198
181,1210
188,1256
190,1229
170,1230
178,1225
176,1240
176,1256
177,1224
185,1255
175,1214
187,1209
182,1236
178,1239
187,1246
176,1202
183,1265
177,1215
185,1241
177,1222
184,1222
187,1249
187,1231
181,1258
183,1218
175,1257
175,1204
185,1235
193,1261
183,1245
193,1248
190,1216
179,1224
178,1229
182,1241
184,1224
193,1273
189,1230
190,1239
178,1227
169,1204
173,1233
185,1239
183,1231
175,1191
193,1189
170,1181
177,1229
190,1238
181,1208
175,1224
186,1223
177,1194
178,1252
182,1235
176,1208
189,1263
176,1260
190,1257
185,1256
178,1247
182,1227
187,1243
173,1244
179,1250
178,1215
183,1218
177,1259
188,1240
177,1191
185,1242
179,1175
175,1240
187,1203
175,1242
182,1247
179,1243
176,1279
188,1209
191,1230
182,1260
180,1222
175,1251
186,1222
188,1232
173,1263
176,1264
175,1191
190,1226
189,1242
176,1263
189,1234
175,1271
192,1245
193,1250
179,1229
190,1233
189,1216
175,1266
191,1232
192,1249
175,1235
183,1220
189,1253
176,1236
180,1219
177,1205
175,1239
192,1223
194,1260
185,1201
193,1240
179,1180
184,1239
169,1228
184,1271
185,1216
196,1225
178,1227
184,1225
190,1265
183,1265
187,1264
175,1222
182,1211
187,1218
187,1258
176,1228
177,1236
176,1208
175,1235
186,1237
180,1228
175,1175
183,1253
186,1229
182,1229
179,1244
190,1249
190,1261
184,1205
185,1266
186,1257
181,1235
176,1251
186,1193
175,1211
189,1234
175,1214
183,1213
189,1239
175,1214
187,1229
194,1226
175,1217
185,1256
183,1245
187,1253
190,1253
176,1236
176,1233
173,1250
190,1206
173,1205
186,1192
176,1231
184,1242
190,1153
180,1221
176,1233
182,1206
188,1240
194,1240
193,1256
182,1214
182,1258
169,1239
183,1223
177,1217
187,1255
179,1221
185,1247
188,1206
183,1263
177,1259
177,1239
189,1225
177,1209
177,1248
175,1224
188,1264
177,1193
175,1285
184,1264
175,1232
185,1233
185,1264
183,1217
184,1253
184,1253
189,1243
175,1227
189,1216
177,1187
184,1252
185,1270
183,1226
181,1256
177,1237
190,1244
185,1214
175,1305
184,1215
190,1232
181,1210
177,1226
175,1222
169,1244
178,1249
187,1244
175,1187
181,1203
178,1260
189,1228
186,1205
179,1289
175,1211
184,1230
183,1241
182,1214
183,1265
185,1208
175,1224
186,1238
182,1221
184,1179
177,1235
183,1187
175,1208
188,1213
177,1234
186,1229
189,1278
169,1225
188,1273
189,1240
175,1253
178,1241
178,1256
175,1250
192,1255
178,1224
184,1260
179,1249
193,1217
185,1261
190,1196
190,1233
177,1179
178,1216
176,1245
184,1275
178,1240
186,1237
178,1241
183,1269
186,1229
189,1241
176,1237
187,1223
187,1239
186,1195
175,1194
188,1272
188,1239
185,1188
185,1234
177,1175
176,1216
179,1221
182,1223
188,1261
183,1246
186,1212
187,1249
185,1252
186,1219
173,1222
184,1268
179,1242
181,1257
185,1182
183,1201
190,1288
180,1229
183,1213
177,1210
194,1233
175,1225
176,1183
169,1188
169,1260
182,1253
186,1268
175,1197
189,1194
177,1186
187,1250
188,1256
177,1277
186,1276
184,1229
177,1187
186,1250
187,1198
183,1247
179,1280
173,1229
189,1222
193,1261
193,1257
176,1223
190,1231
180,1152
178,1247
176,1273
177,1254
187,1224
186,1245
177,1247
180,1239
177,1239
181,1228
186,1285
187,1215
190,1236
175,1307
175,1229
187,1238
187,1236
187,1143
181,1201
187,1284
188,1185
169,1221
169,1196
187,1265
183,1218
194,1233
181,1211
180,1230
176,1189
187,1196
181,1238
173,1243
181,1244
177,1235
170,1204
188,1255
185,1270
189,1321
183,1247
181,1215
173,1201
180,1189
189,1193
193,1239
183,1228
193,1238
183,1258
179,1236
193,1230
173,1216
188,1222
180,1264
184,1293
183,1254
178,1150
176,1257
189,1264
185,1254
179,1205
176,1243
182,1237
178,1221
178,1245
169,1198
189,1275
190,1231
188,1248
196,1261
190,1204
175,1243
177,1230
184,1212
190,1248
175,1246
193,1234
184,1173
188,1253
175,1213
178,1184
178,1195
189,1210
175,1221
188,1254
190,1263
176,1226
170,1230
176,1234
173,1193
187,1199
190,1246
173,1236
194,1290
177,1184
191,1284
173,1226
178,1239
179,1201
175,1231
186,1245
175,1225
185,1228
193,1250
190,1255
183,1235
194,1224
178,1228
186,1263
183,1244
177,1148
175,1238
181,1185
176,1205
187,1236
187,1284
177,1236
177,1233
177,1257
183,1204
182,1232
184,1252
175,1242
188,1278
191,1287
177,1269
183,1265
178,1220
185,1220
173,1245
190,1231
178,1252
173,1203
188,1246
188,1219
188,1227
187,1269
173,1225
194,1241
173,1234
176,1234
184,1222
179,1253
183,1250
188,1228
192,1280
185,1181
179,1239
178,1265
196,1230
190,1255
175,1201
185,1225
180,1259
176,1233
173,1198
175,1245
177,1244
169,1213
194,1224
178,1220
190,1256
178,1242
185,1227
176,1237
187,1222
189,1232
187,1255
188,1248
178,1247
175,1237
190,1233
192,1229
179,1247
184,1224
190,1256
187,1244
183,1230
175,1192
178,1230
178,1238
177,1255
179,1238
179,1276
182,1207
194,1263
177,1202
184,1200
179,1259
196,1237
181,1208
189,1257
190,1238
178,1232
178,1227
178,1274
180,1239
190,1232
181,1230
180,1249
183,1235
191,1244
176,1219
193,1247
175,1236
177,1214
181,1239
188,1234
177,1221
188,1254
179,1208
191,1268
173,1218
176,1289
186,1264
179,1223
183,1257
186,1235
186,1192
173,1183
194,1251
186,1240
190,1208
182,1250
177,1249
175,1229
177,1257
176,1230
190,1266
194,1267
177,1237
180,1241
173,1210
193,1281
173,1251
175,1213
190,1253
178,1238
176,1174
181,1212
183,1219
176,1211
185,1256
182,1262
185,1243
183,1240
178,1211
183,1210
184,1244
188,1233
177,1268
185,1236
188,1242
177,1197
181,1254
176,1211
184,1253
183,1226
183,1225
179,1222
177,1185
186,1216
188,1241
180,1232
190,1265
183,1219
189,1233
194,1261
185,1240
190,1249
186,1196
184,1261
188,1274
176,1207
176,1202
179,1279
185,1242
176,1178
189,1274
178,1211
178,1232
190,1249
175,1220
176,1237
194,1250
184,1265
188,1233
178,1238
183,1281
184,1266
177,1257
180,1174
181,1239
189,1236
183,1279
175,1196
173,1255
194,1239
186,1237
183,1245
187,1219
178,1245
178,1213
178,1206
183,1231
176,1201
191,1248
175,1234
196,1265
175,1242
194,1261
181,1241
193,1286
179,1204
189,1227
176,1226
180,1235
176,1247
177,1238
178,1248
176,1216
186,1238
180,1208
177,1243
178,1233
182,1224
170,1220
173,1258
180,1190
184,1166
176,1235
185,1210
178,1172
190,1278
175,1225
176,1181
182,1230
178,1219
176,1236
175,1257
178,1216
178,1234
187,1224
185,1175
187,1209
183,1213
175,1201
178,1231
189,1226
177,1276
178,1228
178,1202
175,1233
182,1233
190,1252
181,1256
187,1201
183,1227
175,1245
177,1228
190,1266
177,1238
169,1178
184,1211
182,1279
186,1198
193,1214
170,1220
177,1198
179,1219
177,1295
186,1277
187,1218
184,1253
178,1215
180,1249
176,1243
179,1247
189,1240
182,1230
184,1243
189,1241
176,1221
185,1236
183,1252
170,1238
179,1209
183,1234
184,1233
178,1225
184,1236
173,1228
175,1240
178,1226
183,1265
190,1260
177,1237
178,1233
178,1243
187,1191
184,1261
177,1201
180,1189
175,1219
183,1209
183,1231
175,1225
186,1202
183,1215
194,1223
178,1235
189,1222
170,1222
177,1248
182,1250
177,1234
182,1262
175,1267
177,1214
184,1218
176,1241
193,1185
185,1234
176,1226
196,1231
183,1259
177,1228
193,1203
189,1225
178,1237
179,1225
190,1258
190,1244
179,1237
190,1247
175,1239
189,1216
177,1250
190,1229
190,1225
190,1247
196,1250
179,1201
188,1283
181,1249
178,1205
184,1254
186,1220
177,1190
182,1215
181,1236
189,1243
193,1264
176,1241
184,1230
184,1237
178,1203
179,1232
178,1250
190,1214
173,1213
178,1259
179,1247
190,1251
170,1278
178,1202
178,1247
183,1196
177,1237
191,1298
187,1236
187,1263
186,1210
179,1230
176,1214
187,1200
173,1234
192,1245
176,1247
186,1217
187,1241
178,1226
193,1228
173,1239
179,1218
189,1210
178,1273
175,1228
170,1195
185,1234
189,1249
179,1250
177,1264
189,1212
178,1217
175,1153
177,1247
189,1219
173,1282
179,1205
175,1220
186,1189
178,1212
175,1220
177,1223
178,1230
181,1218
190,1228
183,1221
173,1224
173,1183
193,1282
186,1175
177,1260
185,1234
178,1244
181,1215
173,1207
181,1191
179,1262
184,1227
191,1226
178,1209
193,1279
190,1272
183,1223
184,1188
186,1191
180,1226
186,1289
177,1230
182,1225
175,1205
177,1207
183,1220
185,1241
176,1251
178,1222
190,1264
196,1276
176,1237
177,1236
196,1208
181,1243
175,1153
181,1235
192,1263
183,1250
182,1239
186,1277
175,1230
179,1195
189,1264
186,1231
192,1236
175,1211
183,1230
177,1245
179,1215
183,1262
173,1175
187,1246
176,1225
178,1218
190,1236
189,1279
177,1272
178,1283
176,1218
178,1215
182,1237
186,1284
178,1199
187,1262
186,1232
178,1271
187,1242
177,1226
178,1239
193,1269
187,1238
189,1236
196,1241
189,1198
182,1215
170,1220
179,1200
178,1263
183,1201
177,1202
176,1206
176,1202
192,1258
183,1235
185,1239
179,1239
175,1259
191,1250
185,1269
181,1228
179,1243
194,1263
187,1247
170,1236
180,1235
190,1299
196,1261
180,1229
170,1224
188,1237
178,1205
182,1238
186,1270
184,1269
187,1238
189,1193
194,1230
189,1219
173,1217
175,1202
187,1211
178,1239
190,1204
181,1224
182,1185
185,1259
183,1272
187,1264
196,1229
183,1238
181,1232
186,1237
177,1252
187,1194
182,1225
175,1229
189,1196
187,1244
186,1207
179,1235
177,1206
178,1236
184,1250
175,1218
182,1265
184,1233
196,1196
178,1230
170,1252
176,1197
187,1226
188,1239
188,1204
191,1251
176,1236
177,1188
181,1240
175,1294
187,1214
187,1232
178,1289
178,1222
175,1214
178,1198
178,1205
176,1263
176,1228
177,1222
187,1201
178,1237
187,1245
189,1297
190,1224
176,1259
190,1257
188,1242
176,1246
181,1202
194,1231
193,1249
185,1226
169,1228
178,1230
189,1228
187,1251
188,1277
188,1239
181,1221
187,1235
188,1238
175,1217
187,1229
190,1244
180,1208
184,1182
178,1240
187,1170
178,1252
187,1223
179,1242
178,1238
173,1242
183,1219
194,1220
194,1224
173,1211
177,1235
176,1209
175,1246
193,1249
176,1241
187,1243
179,1232
177,1255
170,1214
177,1214
193,1252
178,1261
190,1246
191,1248
170,1189
186,1232
178,1268
190,1220
177,1255
176,1193
175,1233
183,1257
170,1197
177,1279
185,1243
185,1242
182,1239
175,1244
177,1236
173,1175
178,1230
169,1224
181,1187
196,1245
187,1228
180,1238
175,1245
183,1165
170,1209
183,1194
169,1214
192,1206
175,1204
193,1217
190,1225
190,1290
179,1202
178,1239
177,1205
178,1259
178,1251
182,1196
181,1234
188,1216
183,1207
173,1215
181,1224
182,1243
175,1234
196,1225
190,1197
176,1202
177,1236
178,1226
177,1216
177,1219
187,1239
181,1230
179,1224
183,1263
188,1232
176,1191
169,1217
180,1217
183,1244
186,1203
191,1242
177,1216
189,1230
170,1216
177,1254
196,1250
170,1178
177,1251
178,1257
186,1198
179,1226
187,1193
181,1238
183,1236
173,1216
186,1228
187,1219
175,1163
178,1253
180,1252
188,1219
185,1210
183,1239
189,1247
189,1227
175,1194
191,1225
178,1276
187,1246
191,1266
189,1255
196,1233
178,1180
183,1235
187,1202
175,1222
190,1265
177,1189
176,1229
189,1253
178,1216
179,1293
183,1237
189,1279
184,1239
188,1267
189,1223
176,1240
177,1232
181,1206
185,1229
175,1211
176,1213
193,1214
175,1249
179,1240
190,1186
176,1230
177,1227
170,1238
191,1221
173,1190
175,1241
177,1147
185,1224
177,1243
186,1234
185,1248
178,1308
188,1278
183,1230
182,1201
177,1200
173,1232
188,1306
175,1226
181,1261
182,1215
190,1242
180,1233
189,1259
186,1212
175,1213
185,1217
177,1192
170,1218
183,1207
178,1257
190,1276
183,1245
194,1242
176,1244
184,1239
179,1230
185,1253
193,1227
187,1233
177,1231
191,1246
178,1235
182,1225
181,1208
178,1239
188,1259
189,1237
179,1232
184,1229
175,1216
175,1232
170,1244
178,1233
176,1215
186,1260
189,1323
193,1219
177,1216
186,1259
177,1188
175,1199
186,1218
175,1221
179,1252
170,1214
177,1234
193,1237
176,1204
175,1231
189,1262
180,1233
176,1201
178,1241
191,1242
190,1220
178,1252
187,1264
189,1236
178,1214
186,1230
190,1188
183,1189
175,1193
187,1240
190,1222
186,1234
177,1212
183,1279
187,1224
177,1235
184,1181
176,1217
191,1287
175,1198
189,1223
183,1256
173,1210
189,1268
186,1231
183,1246
179,1225
173,1243
177,1234
175,1280
176,1217
170,1230
181,1238
179,1278
181,1233
193,1269
184,1179
183,1262
181,1273
175,1152
185,1194
187,1267
179,1276
184,1236
180,1271
187,1241
189,1228
175,1260
173,1212
186,1238
181,1264
186,1250
177,1267
175,1258
173,1202
178,1252
183,1237
192,1271
185,1266
189,1244
187,1262
188,1237
188,1270
187,1258
185,1254
176,1223
187,1253
182,1243
178,1246
181,1243
181,1191
176,1200
177,1242
190,1225
179,1269
175,1229
185,1237
177,1235
184,1274
181,1232
177,1230
176,1241
188,1180
190,1230
177,1236
177,1244
191,1199
189,1256
181,1244
192,1225
182,1264
192,1216
188,1245
183,1240
177,1218
184,1253
177,1247
183,1204
175,1227
184,1211
175,1241
175,1292
173,1241
173,1215
178,1271
182,1246
184,1214
177,1203
187,1284
176,1254
175,1169
175,1227
187,1212
178,1212
188,1232
189,1234
190,1216
179,1246
184,1265
175,1266
187,1235
175,1246
190,1318
175,1258
185,1220
175,1250
178,1242
175,1225
189,1276
183,1245
175,1227
184,1229
178,1253
186,1241
193,1228
178,1141
187,1266
187,1220
182,1262
181,1204
184,1251
178,1194
190,1289
177,1243
189,1262
186,1234
193,1261
185,1194
183,1212
175,1189
187,1238
173,1250
179,1216
176,1214
189,1230
179,1227
184,1207
185,1208
187,1249
175,1224
196,1200
188,1204
190,1216
178,1266
188,1222
178,1214
178,1246
177,1222
173,1233
183,1248
181,1219
187,1238
175,1213
169,1222
176,1216
185,1237
175,1224
190,1205
190,1242
176,1151
180,1219
189,1226
178,1223
193,1244
188,1206
194,1264
187,1250
186,1219
187,1263
181,1218
175,1220
188,1248
178,1208
190,1210
186,1231
190,1239
184,1250
183,1216
181,1235
190,1210
186,1279
192,1239
184,1254
170,1232
184,1216
179,1235
176,1196
177,1282
189,1259
180,1186
178,1243
183,1234
170,1231
187,1310
173,1217
186,1260
182,1215
186,1242
182,1235
175,1212
175,1199
176,1197
178,1229
184,1276
176,1251
187,1231
178,1211
178,1220
176,1223
180,1217
175,1235
181,1241
175,1217
176,1238
178,1219
188,1220
183,1201
179,1270
177,1202
183,1226
179,1243
185,1216
182,1243
190,1216
190,1248
178,1230
194,1250
196,1251
187,1237
188,1223
187,1263
190,1241
190,1224
183,1232
178,1187
187,1277
182,1156
181,1235
178,1255
178,1264
177,1221
175,1192
170,1209
182,1218
189,1207
169,1174
176,1222
190,1262
178,1229
183,1222
190,1250
178,1242
180,1225
190,1248
183,1248
179,1238
187,1210
181,1232
178,1217
183,1273
183,1268
182,1249
182,1217
182,1231
189,1188
170,1234
181,1223
186,1245
177,1264
184,1218
187,1225
177,1244
184,1260
187,1257
185,1219
190,1236
181,1201
179,1198
185,1204
189,1216
186,1226
178,1234
179,1271
179,1229
178,1209
190,1227
179,1226
191,1232
178,1220
182,1217
186,1233
185,1228
188,1206
176,1225
175,1245
177,1195
187,1289
185,1239
187,1214
179,1237
193,1205
179,1240
178,1213
175,1262
178,1230
190,1280
177,1266
175,1195
173,1221
192,1277
177,1242
175,1212
189,1245
177,1207
179,1205
175,1251
170,1185
187,1221
178,1249
177,1229
177,1217
179,1276
183,1217
183,1263
188,1261
177,1250
178,1246
182,1218
185,1245
185,1234
178,1176
173,1242
179,1231
178,1239
181,1227
183,1257
184,1244
173,1200
183,1235
181,1241
184,1259
178,1253
187,1235
177,1242
189,1225
185,1209
181,1225
184,1238
194,1261
178,1207
178,1180
179,1227
178,1279
176,1221
170,1204
175,1182
190,1197
193,1219
188,1204
190,1256
189,1227
187,1236
184,1255
175,1227
169,1201
177,1245
193,1247
187,1230
191,1257
183,1229
178,1213
182,1233
178,1225
189,1228
188,1255
193,1215
176,1207
169,1260
187,1244
180,1192
181,1228
193,1226
178,1199
187,1233
183,1218
175,1182
187,1188
186,1171
188,1219
176,1219
186,1218
193,1288
188,1205
185,1269
187,1221
190,1243
180,1232
176,1223
190,1256
183,1219
182,1209
186,1208
179,1223
177,1241
176,1228
187,1239
176,1260
175,1214
185,1230
187,1249
181,1202
190,1250
173,1229
182,1242
192,1284
190,1211
177,1216
177,1213
176,1226
175,1221
185,1215
181,1218
176,1242
186,1279
183,1213
177,1248
186,1220
183,1239
185,1248
178,1235
190,1239
176,1273
178,1233
179,1239
187,1269
178,1228
176,1248
178,1218
193,1235
179,1243
185,1249
191,1252
190,1253
178,1184
196,1277
177,1221
173,1193
178,1192
176,1221
176,1197
176,1245
177,1265
184,1228
169,1280
175,1217
175,1191
176,1226
182,1227
183,1212
173,1223
184,1222
176,1259
187,1255
181,1208
193,1269
185,1203
189,1272
180,1240
183,1229
185,1249
176,1230
184,1282
176,1234
191,1211
190,1148
178,1226
186,1232
188,1234
186,1221
193,1240
190,1226
190,1320
188,1241
183,1264
170,1187
185,1236
190,1231
194,1232
189,1241
179,1214
189,1248
178,1223
188,1160
175,1225
178,1205
194,1246
188,1220
185,1259
178,1272
184,1239
173,1194
189,1211
176,1199
175,1226
178,1207
175,1251
189,1246
173,1257
176,1256
176,1218
185,1240
183,1218
170,1215
177,1235
169,1234
183,1257
183,1217
177,1222
180,1228
180,1229
189,1235
177,1250
179,1215
178,1208
175,1233
178,1197
184,1197
193,1175
187,1297
175,1270
177,1225
182,1197
189,1223
173,1227
183,1245
186,1291
175,1233
183,1236
176,1237
176,1245
182,1203
189,1257
187,1228
186,1287
186,1253
180,1224
185,1275
186,1241
185,1290
185,1224
175,1234
184,1241
181,1267
177,1287
184,1253
183,1212
186,1170
189,1236
187,1235
179,1218
181,1233
183,1191
181,1226
187,1247
178,1256
193,1253
180,1263
176,1211
183,1208
177,1215
180,1264
175,1214
193,1209
191,1256
187,1210
186,1237
185,1202
175,1211
183,1233
177,1227
187,1233
183,1218
187,1241
184,1242
190,1241
187,1197
178,1260
187,1218
177,1189
182,1241
176,1215
176,1206
176,1240
173,1211
188,1245
177,1219
175,1241
190,1262
176,1221
187,1233
176,1216
175,1275
173,1290
185,1268
183,1257
179,1270
173,1221
183,1239
177,1221
176,1229
173,1194
178,1241
178,1235
178,1198
193,1197
176,1232
190,1229
190,1239
170,1244
181,1210
182,1214
176,1215
177,1236
190,1226
184,1235
183,1238
183,1270
169,1241
180,1227
191,1222
190,1208
189,1234
192,1225
179,1220
177,1233
184,1241
175,1219
176,1285
179,1197
176,1224
170,1197
183,1222
177,1209
190,1220
183,1240
175,1235
189,1260
187,1244
178,1199
182,1227
177,1254
181,1243
177,1209
175,1247
176,1279
190,1169
180,1220
184,1221
187,1206
177,1278
176,1231
177,1237
176,1204
183,1204
170,1238
186,1211
183,1234
187,1232
177,1219
187,1282
176,1244
179,1209
186,1221
186,1205
194,1256
193,1203
187,1233
175,1221
190,1255
169,1198
177,1187
183,1224
193,1187
170,1177
181,1275
188,1241
181,1235
193,1245
186,1238
183,1277
180,1220
182,1247
182,1253
183,1257
181,1244
189,1243
186,1248
176,1238
189,1204
175,1230
190,1246
175,1228
178,1225
177,1225
183,1270
175,1184
184,1207
175,1247
191,1247
176,1209
196,1235
180,1246
177,1258
186,1224
177,1170
177,1231
178,1283
177,1199
186,1303
169,1236
185,1216
193,1245
175,1214
181,1223
193,1194
175,1212
189,1242
185,1231
181,1247
178,1214
180,1236
183,1241
179,1215
176,1212
176,1221
187,1242
190,1232
188,1218
191,1201
170,1256
185,1201
190,1253
175,1273
182,1231
179,1160
188,1243
187,1180
182,1215
177,1239
180,1215
178,1222
177,1242
185,1230
180,1275
170,1192
176,1172
186,1207
187,1259
177,1220
178,1204
178,1230
179,1245
173,1239
180,1208
188,1246
186,1259
187,1271
176,1219
177,1229
196,1270
188,1196
181,1207
187,1263
190,1281
169,1217
186,1191
178,1216
177,1218
179,1247
187,1272
170,1191
181,1243
189,1231
177,1251
180,1215
185,1213
183,1210
187,1263
184,1238
178,1225
175,1210
185,1208
175,1229
175,1194
186,1216
184,1255
178,1217
190,1216
179,1221
190,1221
179,1260
183,1231
183,1219
176,1253
180,1247
169,1250
176,1214
190,1265
185,1233
170,1198
190,1252
176,1244
187,1199
182,1242
188,1252
181,1213
182,1264
178,1211
184,1257
190,1259
179,1205
185,1273
191,1218
178,1226
181,1202
181,1232
181,1249
176,1236
180,1207
183,1262
176,1182
175,1241
184,1230
176,1259
182,1257
190,1238
181,1243
183,1215
176,1232
178,1226
192,1253
188,1237
189,1201
185,1268
181,1244
190,1271
176,1165
176,1167
178,1222
179,1214
182,1236
187,1239
182,1258
173,1204
185,1215
181,1193
181,1228
183,1213
182,1259
178,1234
190,1231
175,1208
186,1244
192,1201
175,1208
192,1288
173,1207
183,1266
181,1219
177,1265
181,1239
177,1231
190,1256
196,1217
183,1242
189,1248
175,1194
182,1225
175,1227
176,1192
186,1215
190,1249
178,1230
183,1158
185,1248
190,1257
178,1236
183,1219
183,1231
182,1279
182,1246
169,1279
180,1204
178,1253
175,1232
190,1253
183,1235
179,1235
185,1292
187,1287
173,1253
175,1236
177,1246
179,1230
176,1217
178,1224
187,1218
186,1185
183,1243
175,1240
183,1213
175,1204
193,1296
194,1253
177,1199
183,1253
173,1212
190,1223
182,1229
176,1207
176,1254
190,1244
178,1243
189,1268
179,1234
190,1233
170,1240
173,1191
192,1236
189,1237
179,1202
187,1189
180,1245
178,1228
196,1210
193,1218
175,1186
193,1258
183,1211
175,1218
169,1231
190,1222
175,1220
190,1241
183,1248
190,1253
179,1227
181,1263
193,1241
176,1235
188,1251
180,1225
175,1210
190,1255
175,1237
193,1219
186,1254
177,1279
175,1227
192,1237
186,1240
181,1222
186,1215
175,1237
178,1216
189,1285
187,1227
183,1199
176,1192
196,1217
181,1217
188,1196
191,1251
182,1247
178,1231
177,1274
178,1213
179,1240
175,1220
175,1235
177,1259
177,1215
182,1241
175,1225
189,1246
192,1273
182,1254
188,1258
175,1251
177,1211
177,1225
176,1214
186,1207
184,1243
175,1257
193,1244
175,1256
182,1211
178,1205
182,1194
184,1258
188,1245
188,1268
193,1269
177,1253
186,1216
183,1229
176,1240
194,1242
193,1268
186,1270
190,1264
178,1235
175,1217
177,1167
181,1261
175,1196
180,1226
190,1196
179,1231
175,1212
179,1261
193,1271
193,1259
185,1212
178,1215
189,1246
177,1253
179,1246
188,1232
186,1267
188,1263
177,1258
179,1205
180,1280
173,1251
188,1241
170,1228
179,1227
182,1222
190,1298
177,1161
192,1261
187,1241
187,1215
178,1280
194,1247
188,1238
190,1249
181,1242
181,1221
177,1184
186,1240
184,1274
183,1222
189,1233
178,1227
181,1207
173,1233
173,1178
177,1218
188,1253
169,1207
184,1234
183,1236
190,1203
187,1266
192,1200
185,1150
193,1213
177,1213
175,1224
189,1229
181,1214
189,1218
181,1260
175,1200
180,1212
182,1229
170,1216
170,1193
178,1195
185,1213
191,1249
179,1251
175,1267
188,1235
177,1219
175,1273
188,1209
188,1245
190,1231
193,1258
184,1211
187,1224
176,1219
196,1232
196,1277
181,1205
187,1195
176,1152
178,1214
189,1251
180,1227
192,1260
186,1241
187,1253
190,1246
185,1223
193,1251
176,1213
179,1238
182,1241
181,1259
182,1197
177,1157
177,1233
187,1245
185,1210
186,1238
190,1228
175,1217
187,1215
190,1247
184,1248
183,1243
190,1239
190,1183
175,1205
178,1229
175,1151
190,1229
182,1258
193,1221
179,1226
183,1238
179,1219
191,1253
175,1259
181,1219
178,1230
175,1221
187,1262
179,1232
190,1272
184,1234
191,1248
178,1155
187,1279
178,1215
175,1221
175,1239
188,1225
184,1238
187,1210
176,1212
183,1232
194,1218
190,1213
182,1222
180,1239
184,1212
178,1233
185,1229
191,1209
178,1236
187,1287
189,1200
176,1184
178,1236
184,1209
180,1273
188,1206
189,1213
189,1172
194,1217
181,1238
175,1252
175,1205
190,1233
183,1252
181,1283
184,1230
175,1258
187,1221
176,1226
169,1254
190,1246
179,1250
187,1224
179,1243
186,1241
185,1211
178,1217
176,1257
181,1265
185,1262
188,1245
175,1209
178,1186
189,1226
183,1251
179,1268
181,1244
187,1221
185,1244
181,1235
182,1263
184,1210
177,1230
181,1241
177,1249
175,1199
179,1249
184,1244
182,1236
179,1204
182,1240
179,1256
194,1255
175,1205
183,1201
177,1217
190,1230
184,1213
179,1252
177,1227
175,1231
189,1242
178,1238
185,1258
173,1219
176,1230
187,1220
177,1258
190,1240
177,1225
191,1263
189,1248
183,1199
173,1284
189,1265
178,1232
177,1227
191,1226
177,1245
180,1215
177,1243
184,1273
177,1230
176,1229
190,1214
175,1227
173,1211
181,1231
186,1243
184,1233
189,1234
180,1253
178,1266
184,1212
190,1216
176,1185
179,1242
190,1226
181,1222
183,1263
177,1215
178,1247
175,1221
186,1240
187,1206
178,1220
184,1209
181,1206
178,1212
185,1220
187,1225
183,1243
190,1262
175,1238
187,1247
184,1233
179,1233
190,1228
173,1213
193,1221
175,1195
178,1234
186,1202
175,1199
179,1220
184,1229
183,1239
191,1207
190,1227
182,1279
178,1201
184,1220
186,1174
186,1244
183,1217
177,1250
194,1253
177,1242
182,1210
177,1243
183,1257
191,1287
177,1206
189,1240
175,1211
179,1210
180,1265
179,1226
177,1215
189,1247
178,1257
196,1266
193,1254
189,1265
175,1204
193,1223
182,1267
184,1219
177,1230
181,1199
194,1235
179,1251
184,1224
178,1243
180,1248
178,1193
183,1243
177,1222
190,1260
185,1240
186,1271
175,1229
173,1233
182,1238
190,1248
185,1248
183,1216
188,1218
178,1240
186,1239
178,1256
182,1254
185,1251
191,1228
186,1206
178,1247
177,1213
181,1221
175,1214
177,1212
175,1215
190,1270
177,1240
189,1234
184,1181
178,1228
185,1213
186,1246
193,1238
177,1246
176,1216
178,1244
190,1264
178,1240
182,1291
175,1220
179,1261
175,1236
185,1242
176,1248
180,1245
189,1249
193,1248
178,1203
189,1232
179,1240
189,1204
189,1239
185,1199
175,1210
188,1209
178,1212
179,1216
178,1221
190,1228
190,1208
175,1220
192,1253
190,1235
185,1243
181,1255
186,1225
191,1233
175,1238
175,1217
181,1237
175,1226
190,1221
186,1241
178,1223
181,1221
178,1204
191,1246
187,1236
187,1265
185,1228
187,1217
175,1164
179,1246
183,1212
183,1256
187,1225
186,1251
178,1209
182,1228
182,1221
191,1232
178,1225
189,1224
189,1236
178,1277
179,1214
175,1234
194,1230
177,1235
178,1260
175,1242
175,1228
179,1207
190,1251
176,1245
185,1271
188,1248
176,1213
173,1259
190,1213
177,1240
189,1217
189,1236
179,1221
175,1267
183,1266
180,1290
186,1242
176,1243
191,1257
187,1226
178,1212
196,1238
177,1232
169,1244
193,1248
175,1238
177,1205
178,1223
187,1240
190,1241
183,1257
175,1191
190,1203
175,1244
183,1220
177,1238
175,1267
187,1234
183,1263
178,1241
186,1258
189,1254
179,1227
194,1223
186,1252
175,1238
175,1257
189,1241
185,1226
175,1205
187,1203
176,1219
179,1246
169,1259
177,1201
187,1257
176,1173
182,1217
175,1222
182,1195
183,1217
175,1228
173,1210
189,1270
184,1202
188,1253
183,1235
190,1273
186,1234
196,1280
191,1258
176,1236
196,1289
175,1225
190,1229
193,1242
177,1201
189,1262
183,1231
190,1231
180,1192
176,1251
176,1193
188,1220
181,1219
175,1246
186,1224
175,1197
186,1218
176,1257
183,1211
178,1202
179,1228
190,1233
187,1213
177,1278
192,1230
190,1294
184,1254
179,1255
178,1208
173,1241
178,1237
186,1245
175,1269
190,1247
191,1232
190,1258
173,1205
184,1263
169,1209
193,1280
175,1204
175,1233
186,1268
175,1241
181,1259
173,1210
185,1213
181,1230
175,1250
178,1225
177,1218
179,1253
178,1241
173,1240
178,1246
177,1232
175,1250
193,1287
180,1284
183,1220
175,1215
175,1235
175,1230
178,1256
182,1235
175,1234
181,1232
176,1217
189,1237
182,1171
177,1222
190,1205
191,1267
176,1218
177,1203
179,1226
187,1195
181,1192
177,1247
178,1233
177,1208
179,1203
194,1290
179,1227
190,1222
175,1254
175,1228
176,1214
175,1228
175,1251
192,1261
187,1255
196,1254
192,1224
190,1240
187,1237
178,1233
178,1248
176,1236
177,1240
190,1239
184,1199
178,1258
177,1209
179,1257
175,1207
186,1238
175,1213
192,1268
181,1232
189,1237
175,1248
178,1239
185,1209
176,1225
177,1255
170,1237
185,1247
173,1195
175,1231
178,1244
177,1235
185,1251
187,1212
185,1250
178,1245
173,1226
184,1246
196,1270
175,1204
175,1180
177,1243
179,1226
183,1206
177,1196
185,1316
178,1242
191,1226
177,1191
178,1261
187,1254
190,1229
193,1234
196,1244
185,1231
175,1237
178,1209
190,1250
173,1232
186,1244
196,1255
175,1200
181,1211
190,1245
173,1213
180,1249
182,1235
177,1228
181,1205
187,1189
186,1240
191,1216
194,1241
176,1240
175,1239
175,1207
173,1249
185,1219
192,1243
173,1234
177,1258
187,1228
184,1280
184,1267
178,1208
177,1224
185,1232
186,1218
190,1268
194,1288
183,1240
182,1238
185,1204
185,1251
177,1236
177,1202
177,1232
179,1198
184,1240
175,1211
184,1262
183,1239
188,1248
190,1225
178,1196
187,1222
190,1201
187,1216
177,1276
175,1236
181,1212
179,1229
190,1241
178,1205
187,1247
177,1228
176,1231
182,1253
183,1226
185,1204
175,1234
177,1229
177,1213
186,1228
176,1197
177,1221
182,1258
181,1200
177,1172
178,1243
170,1218
176,1140
187,1187
181,1211
193,1257
189,1243
176,1213
189,1233
182,1232
180,1205
180,1199
191,1222
191,1246
183,1278
175,1211
185,1265
192,1214
181,1278
175,1227
189,1255
182,1219
178,1230
178,1241
182,1254
179,1198
190,1231
188,1239
190,1231
193,1227
189,1249
196,1272
189,1219
177,1255
190,1242
176,1210
189,1227
178,1210
184,1265
182,1252
187,1179
187,1275
178,1227
181,1169
176,1239
181,1239
188,1246
175,1234
186,1230
185,1229
183,1287
185,1204
186,1259
175,1205
175,1203
187,1217
181,1249
179,1256
180,1268
190,1265
179,1179
190,1254
188,1219
177,1244
177,1232
170,1171
176,1232
184,1273
173,1218
191,1247
175,1191
183,1235
184,1241
175,1205
177,1231
175,1268
196,1261
173,1220
180,1236
187,1242
178,1192
184,1255
189,1234
182,1191
182,1233
190,1292
187,1228
186,1207
187,1247
178,1234
176,1179
177,1126
193,1239
176,1240
196,1254
189,1195
176,1247
176,1249
180,1236
178,1230
183,1246
181,1202
184,1227
177,1254
189,1255
184,1238
178,1235
177,1229
175,1225
179,1233
183,1211
181,1218
190,1256
191,1244
178,1238
181,1197
178,1140
175,1224
182,1206
175,1248
189,1241
183,1167
193,1236
179,1238
189,1216
189,1194
186,1232
178,1275
189,1215
185,1214
175,1193
190,1218
169,1237
175,1220
176,1248
185,1239
176,1236
184,1230
173,1229
181,1239
183,1252
181,1240
176,1264
183,1209
183,1221
178,1235
182,1262
189,1241
178,1195
178,1279
170,1241
179,1255
180,1275
184,1215
184,1210
185,1230
182,1245
188,1168
185,1240
178,1221
186,1220
183,1188
194,1246
190,1234
177,1211
187,1222
193,1232
185,1236
185,1232
186,1261
190,1250
178,1218
183,1192
173,1249
191,1248
184,1219
188,1264
187,1233
177,1278
177,1249
181,1203
173,1230
175,1183
173,1212
179,1238
186,1215
183,1214
169,1238
192,1261
175,1213
175,1261
185,1239
181,1222
186,1196
191,1300
187,1220
187,1238
190,1248
178,1218
169,1217
177,1309
181,1223
185,1231
193,1247
190,1218
170,1237
188,1235
183,1229
178,1227
193,1250
196,1223
179,1204
179,1243
190,1208
189,1244
177,1237
175,1226
178,1221
178,1244
175,1231
191,1262
176,1230
191,1245
190,1253
186,1248
190,1224
177,1195
177,1224
178,1215
187,1250
173,1225
178,1266
177,1239
176,1216
169,1180
169,1211
177,1185
185,1225
178,1204
176,1220
184,1227
187,1239
178,1248
181,1207
193,1228
189,1246
183,1254
189,1244
185,1243
178,1211
190,1277
179,1248
176,1228
190,1239
169,1193
177,1201
178,1204
177,1199
177,1249
186,1239
178,1237
177,1257
184,1238
194,1283
193,1259
183,1249
191,1235
182,1215
187,1214
184,1214
179,1214
177,1213
177,1218
175,1251
189,1242
178,1230
176,1214
185,1245
185,1237
187,1231
183,1247
176,1251
177,1253
179,1276
184,1245
183,1214
179,1176
188,1272
194,1232
178,1220
190,1192
180,1239
176,1234
170,1228
188,1243
186,1251
185,1232
182,1238
177,1230
185,1203
186,1233
177,1257
176,1235
170,1206
196,1250
185,1224
176,1233
181,1218
187,1242
186,1209
184,1227
175,1196
170,1175
179,1247
169,1253
187,1267
193,1243
182,1228
178,1222
181,1253
190,1223
187,1204
184,1251
178,1194
180,1249
185,1224
190,1202
176,1206
185,1233
185,1264
169,1221
189,1227
175,1257
185,1248
183,1204
177,1254
173,1226
196,1306
175,1232
177,1231
182,1154
178,1217
173,1240
176,1237
186,1233
178,1241
184,1263
182,1237
180,1217
179,1232
173,1223
178,1210
193,1276
179,1242
176,1238
178,1256
184,1242
178,1207
186,1260
186,1277
184,1236
196,1260
182,1228
182,1243
178,1241
190,1263
186,1250
181,1196
183,1241
176,1197
184,1274
196,1182
177,1249
192,1240
193,1267
183,1212
190,1237
190,1257
186,1252
186,1234
181,1243
187,1231
185,1218
175,1194
191,1200
191,1245
181,1274
190,1245
183,1242
179,1210
186,1233
169,1211
187,1259
175,1245
180,1234
183,1210
175,1186
185,1231
185,1275
186,1245
187,1246
180,1182
176,1252
187,1269
182,1222
177,1234
176,1245
178,1259
187,1281
194,1301
180,1146
191,1254
185,1250
178,1237
187,1255
183,1256
179,1234
194,1280
176,1223
190,1280
181,1250
193,1237
177,1228
194,1270
178,1252
176,1226
178,1229
187,1230
175,1266
181,1236
188,1231
183,1219
175,1230
170,1227
176,1309
193,1278
177,1247
192,1248
190,1205
177,1233
183,1213
192,1255
193,1238
185,1224
185,1230
194,1260
178,1233
175,1203
194,1224
177,1179
190,1269
176,1216
183,1253
183,1189
181,1233
169,1247
193,1211
177,1240
176,1273
184,1224
192,1239
178,1244
182,1240
175,1193
189,1242
179,1202
179,1233
188,1231
177,1236
178,1236
186,1190
175,1220
175,1222
193,1280
178,1208
179,1220
188,1255
170,1232
180,1224
180,1254
186,1228
187,1241
178,1154
178,1233
196,1238
183,1235
176,1233
182,1268
176,1246
177,1234
188,1107
187,1250
188,1237
175,1261
184,1229
185,1284
178,1254
178,1242
194,1242
190,1237
180,1222
186,1257
181,1292
181,1255
175,1219
186,1190
192,1261
175,1154
186,1231
185,1248
193,1246
191,1266
182,1228
177,1224
190,1262
176,1223
191,1266
175,1249
194,1250
193,1261
184,1235
178,1259
190,1213
177,1239
191,1255
183,1217
193,1237
177,1272
176,1256
177,1266
186,1226
190,1204
173,1235
193,1215
178,1234
190,1208
178,1230
179,1247
185,1243
181,1231
179,1256
184,1236
181,1211
176,1196
178,1253
190,1255
177,1176
187,1233
184,1188
189,1234
178,1233
178,1236
187,1227
184,1214
176,1249
187,1238
184,1260
192,1215
186,1201
187,1228
185,1300
177,1238
190,1251
189,1254
184,1169
184,1281
178,1274
175,1230
178,1221
183,1250
178,1236
193,1267
173,1165
178,1245
180,1249
189,1246
175,1200
180,1157
177,1233
196,1255
191,1258
170,1206
177,1227
178,1214
187,1263
173,1239
183,1219
180,1238
177,1230
183,1223
173,1200
181,1160
173,1235
178,1314
189,1232
183,1231
186,1204
190,1265
181,1190
196,1208
176,1216
182,1205
173,1262
178,1254
177,1237
175,1233
183,1256
177,1250
177,1235
182,1242
176,1241
187,1252
184,1236
193,1261
189,1246
196,1268
175,1193
169,1210
181,1236
186,1182
177,1234
186,1274
189,1264
175,1232
182,1227
185,1239
177,1204
184,1231
186,1246
173,1253
186,1231
186,1221
183,1198
188,1244
193,1185
183,1239
190,1182
176,1220
187,1243
187,1261
180,1246
186,1254
178,1212
178,1254
183,1240
177,1254
175,1238
187,1262
189,1205
184,1191
177,1258
185,1232
175,1212
178,1230
193,1205
178,1238
193,1163
175,1232
177,1241
175,1239
178,1266
179,1235
183,1195
175,1204
179,1247
193,1209
190,1294
183,1246
176,1236
182,1208
187,1275
190,1231
178,1222
176,1255
182,1226
187,1254
179,1220
177,1212
186,1208
183,1187
184,1152
177,1198
191,1238
187,1229
187,1264
187,1241
190,1229
175,1218
194,1292
178,1282
187,1216
182,1241
196,1257
190,1290
189,1270
190,1223
187,1215
176,1221
176,1207
184,1248
188,1188
186,1251
173,1222
170,1203
170,1213
175,1217
175,1256
193,1271
186,1188
177,1252
186,1239
187,1289
189,1220
175,1247
170,1194
176,1252
191,1211
178,1218
177,1208
173,1242
189,1157
176,1206
194,1239
190,1198
175,1245
196,1221
183,1267
188,1235
175,1215
177,1268
187,1222
177,1204
185,1245
182,1181
175,1232
177,1233
177,1233
184,1180
178,1216
186,1271
176,1246
183,1233
173,1214
179,1232
175,1236
177,1263
185,1249
178,1236
185,1245
183,1224
190,1215
191,1273
176,1210
177,1224
185,1232
190,1228
190,1202
175,1246
182,1191
177,1187
190,1246
177,1207
183,1298
186,1237
194,1251
189,1245
178,1234
187,1244
176,1245
175,1186
187,1218
176,1232
175,1195
180,1232
176,1245
169,1232
191,1225
178,1267
189,1244
185,1248
175,1219
177,1175
190,1254
175,1255
176,1229
185,1212
176,1239
175,1196
176,1228
176,1219
186,1229
175,1239
180,1235
189,1243
185,1218
178,1210
169,1238
184,1254
178,1239
182,1256
190,1235
187,1203
184,1243
175,1171
177,1216
190,1257
179,1197
179,1229
177,1234
185,1230
186,1278
187,1229
176,1223
173,1263
175,1248
173,1228
183,1253
190,1213
181,1191
190,1108
180,1236
193,1243
175,1263
175,1226
181,1203
193,1233
186,1267
175,1206
187,1276
176,1248
177,1254
181,1233
190,1251
177,1263
183,1253
183,1190
179,1242
177,1230
178,1213
182,1245
176,1235
176,1241
189,1231
177,1248
189,1263
181,1222
183,1201
193,1217
190,1247
177,1238
181,1266
187,1254
175,1189
183,1271
193,1229
182,1232
183,1252
173,1243
178,1250
189,1231
184,1215
187,1230
175,1226
175,1222
177,1234
180,1229
177,1271
187,1254
192,1256
186,1257
178,1229
187,1243
183,1281
184,1182
183,1236
179,1197
180,1241
184,1229
184,1241
176,1221
190,1238
190,1246
190,1252
193,1231
176,1247
175,1182
181,1208
173,1228
177,1235
177,1257
178,1249
185,1238
178,1247
177,1230
190,1252
193,1219
176,1250
176,1221
175,1188
180,1316
177,1200
181,1236
185,1195
178,1211
193,1242
181,1214
192,1251
177,1202
187,1268
193,1289
187,1217
183,1216
177,1234
176,1276
177,1215
189,1261
176,1229
178,1284
177,1256
182,1226
183,1238
188,1267
190,1180
182,1211
170,1186
186,1225
191,1214
189,1221
186,1247
194,1230
170,1188
183,1220
175,1268
182,1226
178,1213
183,1208
178,1248
179,1255
175,1197
177,1233
186,1230
178,1188
183,1231
186,1234
181,1196
178,1239
178,1215
176,1201
173,1230
188,1247
189,1312
176,1235
183,1234
183,1238
175,1281
178,1244
169,1244
186,1270
189,1230
175,1233
175,1232
184,1249
188,1239
183,1259
177,1212
175,1235
173,1246
177,1192
180,1223
176,1232
190,1268
177,1234
177,1225
176,1226
193,1258
190,1218
176,1233
184,1201
191,1226
183,1237
177,1202
187,1217
179,1236
190,1257
190,1237
194,1213
185,1232
188,1247
177,1198
183,1236
185,1218
181,1209
187,1241
185,1274
181,1213
183,1220
178,1271
181,1227
180,1225
193,1255
173,1269
177,1242
184,1229
176,1217
180,1232
188,1259
175,1214
182,1227
186,1228
176,1188
176,1201
186,1201
185,1222
187,1279
179,1218
189,1269
183,1229
190,1250
173,1268
183,1247
176,1244
190,1224
175,1241
194,1245
181,1192
190,1236
192,1232
178,1237
169,1233
175,1210
193,1276
187,1255
179,1241
176,1238
188,1219
184,1217
185,1240
177,1236
185,1215
173,1253
193,1244
175,1258
178,1214
186,1233
183,1225
170,1186
176,1223
181,1274
193,1241
176,1251
186,1246
176,1230
176,1274
178,1182
179,1266
178,1229
194,1153
189,1205
190,1260
170,1229
176,1245
176,1239
193,1231
186,1232
175,1202
189,1229
175,1247
193,1246
176,1222
175,1216
170,1216
196,1246
191,1257
182,1214
183,1234
186,1214
182,1247
177,1260
194,1289
175,1281
186,1279
179,1221
178,1236
183,1233
175,1151
187,1247
181,1214
173,1172
179,1231
178,1228
175,1224
179,1206
176,1204
191,1225
185,1241
190,1242
184,1216
196,1248
178,1214
188,1229
177,1249
187,1219
181,1254
179,1255
184,1249
186,1223
190,1250
178,1232
184,1205
181,1225
178,1220
187,1235
179,1178
182,1235
190,1226
179,1180
189,1244
180,1245
177,1168
180,1252
175,1227
178,1228
190,1193
177,1236
173,1228
187,1227
186,1223
196,1210
179,1216
180,1232
183,1190
187,1169
189,1214
183,1231
183,1269
181,1228
175,1228
189,1271
187,1267
178,1257
179,1261
190,1238
183,1235
187,1224
193,1220
179,1176
193,1248
173,1230
183,1264
176,1220
181,1262
193,1254
178,1223
177,1205
190,1207
187,1245
178,1226
184,1246
178,1209
178,1278
184,1274
185,1222
175,1210
187,1226
187,1256
175,1209
183,1283
181,1243
189,1289
189,1262
178,1256
189,1221
185,1254
196,1248
170,1230
178,1252
186,1211
192,1274
187,1250
190,1261
175,1201
183,1235
175,1229
188,1247
176,1208
178,1237
190,1250
177,1279
190,1228
175,1209
183,1168
184,1259
187,1221
173,1175
181,1215
176,1200
178,1261
188,1251
190,1209
184,1233
175,1220
185,1228
189,1246
190,1231
178,1229
170,1209
175,1218
177,1280
186,1222
184,1246
177,1205
189,1248
184,1252
175,1248
194,1241
175,1223
193,1284
184,1193
176,1180
175,1234
185,1245
173,1203
176,1207
176,1240
182,1238
186,1177
175,1238
178,1221
178,1243
177,1255
191,1218
173,1226
189,1245
183,1244
173,1239
170,1215
175,1226
175,1218
176,1216
173,1256
187,1221
176,1235
176,1234
178,1268
176,1223
176,1236
189,1226
181,1236
190,1248
169,1260
175,1214
173,1235
175,1239
189,1255
178,1233
179,1254
177,1205
178,1204
177,1156
183,1245
183,1276
180,1232
186,1223
178,1199
185,1199
190,1249
175,1235
193,1252
177,1240
175,1182
177,1255
178,1260
182,1174
190,1217
183,1263
186,1292
194,1235
183,1153
177,1222
176,1221
189,1234
175,1199
190,1252
175,1239
181,1255
189,1252
190,1218
187,1250
185,1268
188,1240
178,1194
175,1233
196,1299
183,1224
170,1223
175,1227
178,1270
189,1244
179,1242
193,1224
170,1199
180,1215
178,1213
189,1283
185,1238
175,1235
175,1225
184,1249
177,1221
196,1267
176,1209
190,1217
190,1202
178,1231
179,1278
194,1239
180,1248
194,1273
184,1241
177,1241
183,1208
176,1213
179,1239
185,1222
176,1261
178,1239
183,1180
192,1252
181,1228
177,1210
175,1181
177,1255
180,1255
176,1204
187,1268
173,1236
184,1238
185,1199
178,1220
181,1216
177,1213
187,1232
176,1210
179,1235
175,1209
178,1210
173,1233
178,1232
181,1218
187,1232
187,1269
176,1270
175,1225
177,1151
177,1211
187,1288
170,1222
183,1248
175,1217
169,1249
176,1236
178,1237
189,1242
177,1271
178,1189
185,1203
175,1189
187,1256
183,1247
183,1235
179,1167
186,1233
179,1222
179,1211
182,1216
175,1194
178,1241
169,1230
179,1215
176,1229
179,1192
180,1240
169,1249
169,1233
178,1216
186,1249
185,1241
190,1231
177,1209
173,1229
183,1265
175,1232
175,1228
189,1251
177,1253
184,1224
176,1203
187,1248
181,1246
189,1203
190,1239
183,1182
187,1261
187,1258
187,1241
176,1197
187,1238
187,1228
182,1240
178,1248
192,1256
188,1223
187,1273
183,1267
182,1207
178,1195
185,1222
177,1230
187,1237
177,1219
187,1190
182,1182
187,1251
177,1208
176,1217
186,1267
175,1243
186,1218
178,1233
175,1253
194,1263
179,1237
190,1244
187,1249
190,1266
190,1233
184,1245
180,1239
178,1211
180,1239
177,1216
176,1233
187,1237
177,1230
189,1245
175,1199
191,1249
193,1268
178,1221
175,1235
182,1257
190,1244
194,1216
184,1231
173,1233
178,1243
176,1257
186,1213
183,1265
177,1235
181,1245
181,1245
187,1239
186,1214
181,1281
178,1236
176,1216
177,1234
177,1214
190,1227
178,1208
169,1227
179,1194
173,1229
190,1227
175,1211
184,1255
190,1234
180,1199
180,1202
176,1236
190,1227
177,1245
196,1234
175,1218
188,1239
186,1212
190,1234
177,1209
187,1235
183,1222
194,1232
179,1233
185,1236
183,1235
176,1177
184,1247
183,1291
193,1244
181,1212
189,1221
177,1201
178,1196
188,1220
179,1227
190,1178
184,1247
187,1250
186,1205
176,1196
175,1192
178,1196
187,1239
190,1256
192,1226
177,1209
185,1201
177,1148
177,1244
184,1223
187,1189
192,1278
175,1216
183,1206
178,1234
191,1206
173,1251
169,1183
193,1212
175,1192
196,1264
188,1242
193,1223
182,1217
178,1227
178,1209
177,1227
184,1223
187,1269
189,1232
187,1252
181,1226
178,1205
176,1220
176,1231
175,1194
179,1245
178,1218
176,1200
183,1239
176,1224
179,1260
181,1233
190,1241
178,1230
189,1244
177,1255
179,1242
184,1242
177,1234
188,1205
183,1239
186,1194
181,1237
175,1214
177,1244
170,1267
178,1211
177,1197
182,1212
185,1230
189,1247
181,1226
175,1166
180,1224
189,1271
190,1190
173,1220
196,1279
178,1249
180,1219
192,1253
175,1246
179,1220
173,1184
189,1269
175,1222
178,1234
173,1211
193,1279
179,1245
186,1233
189,1224
193,1234
190,1221
176,1236
189,1252
190,1253
179,1271
190,1218
178,1261
179,1210
180,1209
175,1231
178,1158
181,1268
177,1225
177,1223
193,1241
186,1237
176,1227
175,1229
178,1243
191,1211
178,1247
196,1203
184,1221
179,1212
170,1211
177,1260
180,1253
176,1203
178,1241
182,1232
191,1225
192,1218
170,1282
189,1263
187,1210
183,1241
177,1191
190,1261
177,1234
184,1169
179,1242
187,1181
173,1214
175,1222
185,1227
185,1253
184,1207
175,1196
184,1248
178,1241
194,1259
178,1252
173,1233
188,1238
190,1239
187,1217
180,1209
196,1257
177,1233
175,1238
178,1252
194,1271
184,1247
178,1252
193,1279
176,1218
194,1257
178,1247
178,1243
186,1217
178,1228
178,1215
176,1205
169,1217
180,1186
178,1273
177,1272
184,1265
187,1241
188,1272
190,1229
183,1265
180,1238
189,1255
187,1229
190,1219
186,1241
178,1240
175,1280
190,1255
175,1205
170,1223
182,1260
180,1250
193,1271
189,1250
182,1247
182,1213
178,1233
189,1221
183,1190
188,1254
190,1290
177,1204
190,1226
178,1199
193,1229
182,1236
175,1247
181,1243
179,1230
185,1256
169,1219
177,1271
190,1224
181,1223
186,1248
175,1180
187,1224
190,1245
178,1229
190,1240
183,1234
184,1238
178,1221
189,1235
194,1248
175,1238
179,1217
183,1238
180,1208
189,1258
190,1221
180,1227
186,1228
184,1261
187,1307
193,1264
175,1209
175,1200
184,1293
190,1223
184,1265
169,1213
182,1259
196,1270
186,1261
193,1260
185,1240
175,1240
185,1233
182,1245
186,1246
187,1250
178,1230
182,1264
189,1271
183,1210
176,1181
179,1229
186,1270
190,1258
189,1246
181,1233
179,1255
177,1225
190,1269
183,1247
175,1230
188,1252
181,1254
170,1249
169,1194
183,1251
189,1253
180,1221
183,1187
186,1256
178,1234
178,1171
181,1209
184,1243
175,1233
181,1217
176,1249
194,1228
177,1228
173,1298
181,1212
186,1195
176,1231
182,1234
190,1289
187,1249
180,1234
175,1204
184,1212
179,1231
182,1164
189,1223
175,1235
177,1241
192,1268
189,1266
187,1239
184,1238
179,1198
177,1234
178,1254
190,1219
189,1270
185,1246
194,1193
183,1269
178,1252
192,1202
169,1269
177,1238
190,1234
183,1215
178,1240
188,1215
175,1190
188,1164
193,1234
177,1196
177,1207
176,1232
185,1263
169,1216
175,1195
175,1251
177,1275
180,1289
177,1247
175,1226
184,1203
177,1192
182,1275
178,1232
192,1216
177,1230
177,1243
189,1221
193,1240
184,1250
176,1226
178,1243
184,1278
186,1244
181,1241
184,1227
190,1226
175,1236
176,1212
175,1214
186,1246
175,1253
177,1193
185,1241
177,1257
180,1208
190,1256
178,1223
183,1237
173,1222
176,1243
189,1273
184,1229
170,1177
179,1208
182,1263
183,1250
184,1234
177,1230
183,1224
180,1251
175,1243
173,1239
175,1196
177,1249
178,1238
188,1216
188,1252
183,1212
181,1278
186,1257
185,1236
190,1226
184,1232
188,1233
183,1248
175,1192
179,1202
184,1224
192,1256
188,1237
179,1241
178,1201
173,1188
180,1211
175,1231
179,1204
193,1252
182,1197
178,1241
169,1241
183,1234
183,1239
186,1244
187,1246
179,1213
178,1232
181,1224
178,1238
184,1173
178,1236
173,1244
186,1192
187,1247
189,1286
177,1227
176,1274
175,1239
192,1245
178,1260
177,1242
191,1226
187,1200
175,1238
185,1250
170,1229
184,1208
192,1240
175,1218
190,1266
185,1246
177,1230
176,1210
182,1221
177,1203
178,1230
183,1247
187,1249
186,1258
179,1283
182,1246
181,1218
176,1220
182,1262
184,1251
194,1254
179,1205
183,1232
173,1215
178,1239
178,1260
192,1228
194,1235
183,1216
177,1253
190,1190
193,1238
177,1200
181,1232
182,1253
173,1221
173,1200
185,1229
178,1213
187,1289
190,1248
175,1195
190,1274
177,1225
178,1241
179,1215
170,1171
187,1241
190,1235
181,1234
187,1240
184,1252
178,1235
170,1214
175,1240
189,1235
178,1225
178,1225
175,1233
191,1149
175,1234
189,1256
190,1242
175,1228
187,1273
190,1213
182,1232
189,1277
178,1236
178,1250
178,1208
177,1241
184,1224
184,1235
177,1233
178,1257
179,1260
191,1229
176,1223
178,1236
189,1241
169,1159
196,1258
187,1236
191,1232
179,1204
178,1221
189,1246
185,1232
183,1254
181,1244
176,1220
178,1234
187,1244
190,1251
178,1165
185,1192
178,1255
196,1235
179,1221
187,1218
190,1248
181,1223
190,1287
177,1258
192,1231
186,1222
190,1282
173,1255
181,1210
175,1250
179,1214
177,1233
175,1236
175,1247
183,1246
193,1249
185,1229
177,1217
175,1239
184,1251
194,1257
176,1264
176,1240
179,1208
186,1247
176,1225
175,1216
183,1228
185,1287
193,1232
186,1229
178,1270
187,1226
175,1241
190,1259
189,1273
196,1231
183,1194
189,1222
175,1142
178,1183
187,1231
184,1250
176,1206
177,1235
178,1222
183,1217
193,1295
187,1221
188,1180
177,1251
177,1232
194,1241
185,1250
177,1234
176,1217
182,1271
179,1242
175,1106
183,1274
169,1224
178,1244
175,1238
187,1217
184,1250
190,1264
176,1241
177,1203
188,1238
185,1249
176,1206
183,1224
176,1261
177,1224
178,1254
175,1207
180,1238
178,1196
184,1219
181,1257
184,1248
175,1243
175,1175
183,1241
178,1249
186,1221
177,1242
184,1233
178,1268
169,1228
187,1246
175,1215
190,1227
187,1251
183,1244
183,1252
175,1239
176,1208
182,1215
186,1230
187,1230
178,1226
173,1197
183,1248
194,1226
186,1192
176,1236
178,1220
190,1223
186,1208
173,1191
169,1213
190,1244
179,1249
187,1265
179,1237
190,1235
189,1257
189,1289
180,1223
190,1194
179,1210
173,1228
187,1239
178,1202
186,1220
169,1225
176,1220
176,1214
189,1243
177,1226
183,1258
175,1246
186,1241
176,1236
189,1227
191,1210
190,1227
188,1196
187,1225
182,1250
191,1276
180,1240
182,1230
190,1238
184,1295
178,1185
186,1238
187,1234
190,1243
190,1239
179,1252
177,1194
177,1231
183,1227
176,1282
185,1230
181,1217
180,1245
186,1240
190,1282
178,1257
189,1226
184,1238
177,1205
194,1238
190,1247
170,1224
181,1230
173,1275
184,1218
181,1262
180,1237
190,1252
190,1225
188,1224
173,1232
184,1275
183,1227
175,1224
192,1249
183,1192
187,1258
182,1289
175,1258
180,1296
170,1228
177,1249
189,1259
184,1260
179,1247
175,1226
177,1236
177,1218
181,1193
187,1197
178,1231
173,1144
196,1233
175,1248
185,1218
178,1224
188,1232
184,1216
194,1166
173,1223
176,1203
187,1206
173,1247
178,1190
193,1292
179,1200
181,1180
193,1243
177,1178
177,1256
177,1200
181,1203
179,1233
177,1227
170,1266
181,1235
189,1276
179,1259
188,1235
186,1248
187,1244
173,1239
193,1234
190,1231
183,1230
175,1252
169,1177
177,1194
187,1212
169,1236
186,1231
179,1216
193,1234
190,1244
181,1197
190,1234
181,1208
169,1218
178,1225
178,1228
183,1247
181,1226
175,1186
175,1218
181,1246
175,1234
177,1219
187,1261
180,1219
186,1206
196,1255
182,1227
178,1239
186,1232
185,1242
187,1262
175,1165
187,1283
191,1232
184,1237
177,1236
176,1256
190,1201
179,1256
184,1249
190,1280
183,1234
189,1248
186,1227
181,1236
175,1236
189,1206
190,1217
185,1267
188,1243
183,1206
180,1287
185,1247
184,1234
175,1237
191,1273
187,1249
175,1231
176,1220
169,1248
190,1235
186,1236
183,1260
175,1213
186,1243
179,1195
177,1234
184,1219
177,1187
189,1254
180,1212
177,1252
183,1186
177,1232
190,1254
184,1265
169,1225
180,1258
175,1221
184,1261
178,1209
175,1236
186,1220
190,1252
183,1187
173,1257
188,1239
180,1224
179,1231
183,1221
177,1251
178,1148
177,1187
187,1230
190,1243
178,1247
185,1259
181,1253
186,1212
181,1237
184,1253
183,1217
177,1217
178,1192
194,1219
186,1236
191,1228
179,1255
188,1275
187,1199
180,1220
187,1251
187,1235
182,1195
179,1251
193,1253
183,1263
186,1240
177,1255
181,1249
183,1156
185,1230
183,1230
179,1249
183,1237
186,1250
192,1244
187,1248
183,1240
193,1239
188,1229
175,1211
189,1266
186,1253
183,1220
176,1255
175,1215
184,1238
175,1218
183,1212
181,1245
184,1245
178,1278
187,1264
191,1224
176,1240
180,1241
176,1200
177,1233
183,1251
189,1230
180,1252
183,1258
184,1275
180,1214
178,1260
193,1249
183,1246
186,1214
175,1228
177,1214
177,1253
193,1266
173,1183
187,1161
181,1231
185,1244
175,1228
187,1236
189,1225
173,1250
175,1197
181,1270
185,1250
191,1247
178,1194
181,1188
190,1263
177,1261
189,1245
182,1251
186,1163
179,1211
190,1215
180,1233
190,1252
183,1248
182,1245
177,1264
177,1231
178,1260
178,1198
196,1235
175,1235
184,1253
175,1210
184,1211
183,1223
187,1229
179,1237
178,1200
170,1204
178,1210
183,1262
181,1233
178,1208
177,1216
175,1252
189,1266
178,1247
189,1231
179,1240
189,1200
178,1286
186,1216
185,1235
175,1197
184,1201
177,1221
173,1231
196,1283
190,1209
175,1235
193,1270
184,1234
196,1237
175,1220
184,1222
177,1218
196,1262
185,1239
185,1228
184,1247
183,1251
180,1282
189,1246
170,1238
178,1166
194,1234
175,1192
183,1245
187,1218
193,1270
181,1209
190,1249
190,1265
170,1253
186,1253
183,1249
181,1243
169,1175
177,1278
178,1201
196,1252
184,1198
176,1231
177,1215
188,1237
182,1291
181,1211
186,1255
185,1219
183,1245
177,1232
176,1225
192,1220
176,1229
180,1203
175,1212
178,1237
176,1233
177,1219
173,1231
182,1217
186,1264
183,1251
183,1225
185,1257
176,1230
170,1213
179,1205
169,1236
182,1226
173,1228
177,1238
176,1190
189,1215
180,1257
177,1203
175,1194
175,1225
178,1198
184,1259
175,1255
176,1250
190,1208
178,1211
181,1262
186,1218
191,1230
185,1243
177,1232
186,1216
178,1206
176,1194
188,1244
180,1261
180,1228
192,1273
181,1232
192,1257
176,1266
170,1243
186,1214
187,1236
178,1216
183,1264
190,1247
187,1259
175,1246
187,1243
173,1245
183,1241
180,1239
175,1247
185,1241
177,1219
190,1223
193,1250
189,1270
175,1235
185,1232
188,1267
183,1265
189,1253
178,1246
186,1240
178,1251
178,1193
187,1229
184,1238
183,1223
182,1246
181,1210
187,1250
193,1238
178,1235
179,1224
186,1228
181,1235
182,1199
170,1215
187,1256
175,1214
193,1193
173,1234
175,1242
190,1247
175,1239
180,1197
177,1236
186,1211
176,1241
175,1262
186,1238
175,1233
177,1223
176,1170
192,1216
179,1244
180,1236
177,1243
181,1234
182,1241
173,1173
185,1228
180,1208
185,1227
178,1242
176,1186
173,1246
186,1212
178,1221
176,1272
177,1202
186,1240
175,1226
178,1249
181,1239
188,1203
191,1250
189,1248
179,1242
187,1243
177,1226
188,1249
185,1213
181,1166
177,1244
186,1237
175,1229
187,1258
184,1186
178,1239
178,1296
192,1235
182,1221
181,1241
187,1224
193,1259
177,1251
179,1225
193,1186
175,1187
186,1243
182,1244
179,1202
187,1256
178,1185
189,1225
178,1210
191,1235
190,1240
175,1236
184,1196
170,1215
190,1183
190,1251
177,1221
177,1205
194,1266
183,1213
169,1233
190,1227
182,1231
180,1189
186,1230
179,1272
180,1233
173,1170
189,1224
193,1230
183,1318
177,1218
176,1249
189,1237
178,1219
177,1232
175,1203
179,1152
183,1203
184,1205
175,1227
175,1215
183,1219
178,1211
177,1187
183,1248
183,1233
190,1254
175,1245
184,1231
189,1212
175,1187
187,1244
184,1272
187,1253
184,1256
170,1239
179,1216
189,1248
176,1235
177,1234
184,1170
192,1242
180,1241
179,1236
196,1271
176,1227
169,1239
192,1292
196,1269
177,1260
170,1248
182,1228
186,1202
177,1222
179,1230
186,1251
175,1246
176,1229
177,1233
186,1225
187,1254
177,1193
175,1246
175,1224
175,1220
180,1204
183,1248
175,1215
189,1236
176,1206
178,1231
187,1232
190,1199
177,1243
179,1201
175,1238
178,1214
187,1216
170,1185
190,1224
179,1186
184,1239
178,1211
177,1210
194,1247
176,1234
173,1245
178,1219
176,1225
176,1229
180,1225
182,1275
183,1253
181,1236
190,1225
187,1210
180,1193
190,1232
178,1221
186,1234
183,1255
184,1236
183,1222
187,1231
181,1264
179,1221
189,1203
173,1225
183,1241
190,1237
173,1194
196,1252
177,1214
189,1220
185,1223
187,1248
177,1251
175,1240
185,1233
189,1254
189,1209
187,1259
187,1217
179,1225
175,1235
184,1202
188,1271
176,1175
183,1239
188,1253
169,1189
178,1201
173,1224
173,1203
193,1242
190,1229
178,1273
173,1186
192,1263
185,1184
178,1185
176,1194
184,1212
189,1250
188,1256
196,1241
186,1258
187,1281
187,1260
178,1211
175,1260
177,1215
185,1238
181,1255
177,1240
175,1233
185,1249
185,1248
184,1228
170,1233
184,1281
178,1242
176,1227
173,1181
177,1244
176,1243
184,1246
175,1225
187,1238
193,1251
176,1249
193,1225
189,1213
187,1230
169,1252
184,1211
175,1184
178,1205
177,1220
194,1251
188,1239
175,1215
194,1217
191,1296
187,1197
175,1236
177,1258
183,1241
183,1224
186,1283
190,1251
182,1232
182,1242
187,1209
184,1228
173,1220
183,1246
176,1214
185,1240
175,1258
180,1257
173,1220
178,1210
188,1246
177,1235
188,1191
187,1200
179,1252
181,1256
183,1200
181,1242
181,1229
173,1250
177,1184
193,1216
169,1262
176,1190
183,1218
188,1231
178,1214
187,1250
175,1238
175,1234
180,1225
175,1218
178,1186
179,1242
178,1217
176,1264
177,1218
182,1260
175,1168
169,1236
185,1199
178,1189
193,1256
190,1259
189,1255
182,1260
196,1282
186,1239
194,1252
185,1201
182,1240
178,1219
178,1228
196,1243
170,1205
181,1221
181,1235
188,1213
183,1197
192,1266
180,1257
175,1201
187,1256
181,1280
187,1248
177,1234
183,1228
170,1230
190,1208
180,1246
188,1218
169,1200
176,1191
179,1229
184,1215
178,1242
178,1225
176,1222
176,1205
176,1154
181,1203
179,1235
187,1241
170,1190
177,1255
196,1231
190,1238
177,1246
183,1210
173,1212
187,1259
190,1249
176,1231
185,1206
170,1226
187,1231
181,1246
178,1195
185,1273
186,1246
183,1221
183,1244
184,1217
186,1220
173,1224
175,1245
169,1198
196,1257
193,1210
175,1236
187,1228
187,1241
177,1207
170,1209
178,1229
188,1246
179,1235
193,1242
190,1239
181,1236
177,1229
177,1238
183,1265
181,1217
175,1230
190,1233
193,1252
193,1238
175,1181
192,1225
177,1236
188,1279
173,1210
179,1230
183,1178
176,1246
178,1212
186,1218
175,1235
173,1243
185,1246
189,1256
190,1247
176,1229
176,1243
188,1240
193,1284
194,1294
177,1201
186,1239
184,1259
187,1240
189,1214
186,1246
196,1255
189,1228
176,1205
188,1249
190,1267
189,1251
194,1263
177,1204
188,1226
169,1204
181,1247
175,1275
177,1187
173,1182
177,1217
189,1230
186,1267
190,1227
196,1248
175,1234
186,1267
173,1257
185,1185
191,1289
176,1234
186,1235
189,1213
176,1231
185,1224
186,1249
186,1201
176,1214
180,1236
180,1188
181,1241
177,1211
188,1253
184,1231
176,1246
175,1270
190,1226
180,1241
190,1241
179,1247
188,1244
184,1188
175,1218
177,1214
177,1262
196,1258
194,1222
194,1240
184,1224
183,1219
178,1244
177,1176
192,1228
179,1265
179,1237
184,1222
176,1269
177,1249
184,1209
194,1234
179,1232
178,1274
169,1221
187,1219
187,1237
187,1245
189,1253
178,1149
185,1219
177,1211
180,1239
189,1261
175,1233
188,1246
170,1213
187,1271
190,1258
178,1234
177,1241
182,1245
177,1224
175,1260
183,1239
169,1195
186,1195
179,1215
187,1236
196,1260
177,1262
173,1224
175,1233
177,1228
179,1263
188,1232
189,1261
175,1267
193,1235
194,1253
186,1211
176,1216
190,1297
177,1222
187,1252
173,1211
178,1236
178,1219
179,1220
177,1221
178,1232
175,1241
187,1252
176,1201
186,1233
177,1189
177,1200
190,1265
183,1235
180,1236
183,1243
191,1231
178,1253
175,1256
192,1269
183,1243
192,1202
188,1245
181,1252
173,1238
177,1234
184,1268
191,1218
186,1239
188,1249
179,1241
175,1273
175,1240
185,1239
190,1274
177,1213
179,1234
175,1210
183,1256
184,1224
175,1272
185,1223
184,1220
183,1223
175,1250
189,1246
187,1238
186,1242
185,1232
183,1213
175,1151
176,1228
177,1227
183,1259
194,1239
180,1240
183,1247
183,1240
177,1260
189,1249
183,1245
183,1240
192,1236
181,1221
187,1257
183,1212
178,1244
188,1220
176,1241
183,1220
184,1182
178,1240
181,1223
187,1249
192,1250
190,1223
185,1242
187,1282
184,1270
170,1188
177,1220
187,1249
183,1231
177,1234
175,1235
179,1192
175,1231
187,1220
177,1219
175,1222
180,1222
176,1259
175,1215
194,1237
181,1250
175,1203
180,1270
176,1236
183,1232
176,1280
189,1289
184,1232
178,1229
191,1283
175,1232
183,1250
170,1205
194,1252
170,1227
192,1256
189,1226
183,1226
190,1251
196,1298
189,1261
177,1244
175,1254
185,1260
186,1225
178,1172
192,1292
173,1251
185,1283
178,1264
185,1207
187,1222
186,1246
184,1182
183,1242
193,1213
183,1216
185,1247
169,1185
184,1259
192,1230
179,1229
187,1250
190,1257
196,1225
192,1247
175,1235
181,1233
169,1219
190,1222
190,1298
180,1220
184,1239
186,1221
178,1257
181,1198
190,1249
190,1275
169,1185
194,1236
190,1215
178,1096
175,1203
169,1208
183,1195
180,1198
189,1239
178,1216
187,1215
180,1260
190,1262
190,1241
193,1219
178,1234
194,1244
170,1268
190,1261
189,1249
181,1222
193,1234
184,1233
187,1253
183,1196
193,1167
184,1223
182,1219
181,1203
176,1202
184,1295
176,1270
190,1251
183,1149
193,1239
175,1253
173,1244
186,1176
175,1217
190,1250
186,1262
187,1246
181,1235
190,1208
183,1266
176,1258
181,1207
181,1233
173,1227
177,1226
175,1215
190,1282
193,1233
184,1196
182,1222
176,1244
183,1229
181,1220
175,1219
180,1200
190,1224
185,1267
173,1185
186,1242
176,1258
193,1216
182,1255
176,1228
179,1253
179,1245
184,1195
190,1203
185,1252
176,1216
177,1245
176,1276
179,1196
189,1249
183,1235
176,1245
184,1248
189,1302
178,1193
187,1203
181,1201
178,1248
178,1234
181,1222
191,1190
173,1220
175,1246
188,1248
193,1238
175,1227
186,1244
176,1240
178,1239
191,1244
179,1211
187,1234
184,1243
175,1205
178,1208
189,1249
175,1227
173,1194
177,1213
184,1184
189,1173
180,1204
193,1257
175,1196
175,1256
176,1282
189,1227
187,1245
179,1254
179,1229
178,1227
176,1210
188,1259
189,1243
177,1217
187,1264
196,1274
187,1208
173,1215
182,1264
184,1213
177,1233
187,1219
190,1239
186,1294
193,1214
178,1219
183,1230
169,1206
187,1262
178,1194
177,1186
183,1248
177,1230
178,1214
187,1246
183,1238
181,1265
169,1212
176,1282
181,1241
175,1261
186,1293
185,1222
184,1238
191,1236
169,1248
178,1274
173,1227
184,1240
190,1251
177,1216
178,1273
185,1250
191,1239
189,1199
180,1233
183,1214
190,1240
182,1221
183,1258
182,1202
190,1301
176,1221
176,1211
190,1199
178,1218
190,1214
188,1245
183,1260
184,1232
183,1230
188,1236
175,1244
178,1224
175,1229
179,1201
190,1238
180,1227
176,1214
191,1223
178,1239
177,1218
180,1257
182,1257
178,1280
190,1238
178,1208
184,1195
180,1265
180,1203
175,1201
185,1217
178,1191
188,1239
181,1239
180,1229
189,1268
175,1233
191,1275
192,1228
175,1229
196,1253
179,1234
178,1156
177,1243
179,1189
182,1223
184,1286
176,1215
177,1237
191,1211
184,1291
192,1194
175,1228
190,1241
181,1223
177,1232
185,1246
196,1205
173,1237
175,1240
189,1269
190,1244
175,1231
186,1249
190,1260
175,1226
178,1224
176,1184
175,1220
176,1219
179,1201
190,1228
181,1239
182,1263
183,1268
178,1240
176,1273
177,1230
181,1249
180,1234
177,1200
178,1214
183,1214
187,1281
184,1191
184,1264
189,1286
183,1219
180,1237
175,1194
175,1183
180,1266
177,1245
176,1204
178,1237
175,1264
187,1196
178,1244
182,1213
180,1260
178,1261
185,1283
180,1232
179,1230
187,1233
180,1255
177,1226
176,1214
177,1204
190,1230
177,1245
178,1203
178,1209
187,1213
193,1215
177,1199
183,1216
175,1247
190,1248
187,1204
184,1220
182,1254
176,1217
175,1216
178,1240
188,1246
183,1225
186,1229
177,1232
191,1223
173,1228
193,1248
177,1212
177,1244
187,1224
178,1236
182,1250
175,1202
183,1193
186,1209
176,1212
196,1230
182,1234
173,1256
179,1221
179,1230
175,1196
190,1239
183,1237
180,1248
190,1285
187,1211
180,1184
170,1240
175,1232
175,1193
183,1210
176,1234
170,1222
191,1201
183,1225
189,1227
177,1283
186,1235
185,1178
177,1198
179,1227
175,1210
177,1202
185,1254
177,1248
175,1196
187,1233
177,1221
181,1204
190,1213
177,1231
177,1252
182,1242
179,1237
183,1266
177,1233
193,1247
189,1250
170,1227
178,1250
192,1231
183,1270
182,1226
187,1243
175,1161
183,1227
189,1200
187,1188
179,1226
181,1248
184,1221
193,1248
181,1245
183,1258
182,1206
178,1232
179,1292
192,1261
173,1220
196,1265
187,1253
189,1233
177,1205
178,1241
180,1233
178,1259
176,1243
177,1226
185,1240
177,1236
193,1216
184,1222
179,1232
179,1235
178,1221
175,1212
190,1289
181,1226
178,1265
182,1250
175,1199
179,1298
180,1211
175,1216
188,1281
184,1268
173,1213
181,1212
178,1239
176,1229
183,1276
193,1242
178,1271
186,1251
185,1248
179,1256
190,1221
182,1184
178,1243
176,1207
187,1260
193,1282
179,1235
183,1273
175,1207
189,1241
186,1246
183,1217
179,1235
179,1247
196,1220
186,1210
187,1274
177,1227
175,1210
188,1234
187,1233
194,1249
179,1213
189,1202
177,1233
188,1212
178,1246
175,1231
177,1218
189,1245
184,1234
186,1240
178,1252
173,1214
188,1240
193,1257
194,1216
183,1211
176,1227
176,1208
190,1241
189,1265
179,1222
184,1255
177,1230
183,1232
177,1247
185,1235
178,1219
185,1258
176,1240
178,1282
179,1187
178,1214
194,1250
187,1243
184,1226
178,1249
187,1238
192,1239
188,1286
175,1220
175,1146
175,1215
183,1218
176,1204
187,1208
193,1222
176,1205
177,1186
177,1219
187,1217
175,1221
178,1212
176,1224
178,1230
184,1225
190,1242
175,1248
180,1248
179,1259
181,1249
186,1242
175,1193
189,1223
176,1228
186,1222
188,1207
177,1258
178,1229
183,1246
177,1222
185,1261
190,1226
186,1251
173,1197
187,1294
188,1225
175,1238
186,1222
191,1257
175,1223
186,1227
184,1233
188,1210
175,1212
190,1236
185,1255
196,1231
178,1211
184,1245
193,1258
179,1260
179,1215
175,1251
178,1208
187,1241
177,1260
173,1161
175,1244
190,1269
177,1241
179,1229
183,1254
184,1251
177,1225
176,1236
190,1234
185,1204
176,1243
177,1225
193,1219
176,1204
188,1237
180,1182
175,1237
184,1221
189,1215
177,1235
177,1227
190,1270
178,1235
181,1255
184,1229
177,1225
180,1230
189,1267
187,1174
175,1223
176,1257
178,1233
183,1240
183,1202
177,1227
187,1251
177,1249
186,1234
181,1232
175,1215
184,1229
173,1243
184,1256
176,1212
187,1250
179,1223
183,1238
186,1250
190,1240
184,1219
185,1267
173,1231
196,1249
189,1236
183,1273
184,1234
177,1215
188,1214
190,1215
184,1204
182,1249
177,1233
190,1221
178,1232
190,1195
183,1250
177,1256
178,1209
185,1243
188,1184
189,1231
186,1246
187,1152
190,1237
178,1200
184,1236
177,1245
190,1229
194,1206
184,1229
183,1217
191,1221
178,1235
180,1227
175,1233
176,1215
177,1201
182,1214
181,1229
193,1249
184,1211
180,1257
178,1230
177,1216
179,1222
187,1287
193,1256
190,1288
193,1254
173,1224
179,1192
176,1270
187,1219
179,1239
176,1206
180,1250
185,1235
176,1231
176,1242
178,1194
194,1274
177,1255
177,1231
177,1222
193,1222
181,1243
181,1225
194,1243
186,1254
187,1232
190,1200
193,1247
184,1215
175,1254
193,1230
178,1284
185,1230
184,1219
184,1237
178,1250
183,1219
182,1222
180,1263
191,1260
185,1228
187,1253
189,1245
185,1231
181,1273
180,1205
184,1223
190,1229
183,1215
193,1228
193,1262
183,1267
178,1220
187,1272
187,1266
173,1233
177,1245
175,1213
177,1206
182,1218
181,1190
187,1255
178,1245
175,1222
187,1167
183,1257
180,1254
189,1244
183,1226
179,1195
180,1264
178,1221
180,1231
187,1242
186,1172
176,1231
185,1269
181,1175
173,1217
193,1242
183,1218
181,1220
185,1245
175,1248
170,1180
186,1290
190,1264
169,1209
173,1213
177,1215
179,1247
175,1151
191,1225
175,1269
189,1250
192,1268
189,1214
179,1206
183,1206
175,1233
173,1200
177,1215
175,1244
188,1273
175,1217
176,1197
173,1235
186,1241
178,1223
185,1249
178,1189
184,1260
178,1235
188,1208
175,1206
183,1215
181,1265
170,1237
180,1177
190,1291
178,1187
177,1188
183,1219
177,1234
185,1216
193,1299
188,1243
179,1231
185,1270
169,1221
187,1263
190,1247
189,1256
178,1205
180,1251
179,1279
190,1249
178,1191
188,1234
177,1268
176,1240
183,1240
189,1236
185,1226
180,1213
175,1231
185,1245
193,1224
177,1245
183,1261
173,1195
175,1244
177,1222
187,1244
185,1220
183,1265
180,1208
187,1286
190,1255
175,1230
187,1248
184,1216
173,1206
175,1215
190,1245
179,1270
169,1231
175,1257
183,1207
177,1186
183,1239
178,1201
183,1256
190,1223
178,1228
186,1216
191,1232
184,1165
183,1194
191,1226
183,1233
175,1236
184,1295
177,1199
173,1201
173,1228
175,1212
186,1282
176,1226
193,1250
178,1239
183,1227
190,1277
176,1232
183,1249
178,1237
189,1280
175,1238
175,1239
178,1238
176,1289
193,1239
186,1250
181,1208
169,1226
194,1235
185,1234
193,1260
187,1206
194,1210
186,1227
187,1237
185,1254
178,1205
173,1245
178,1237
184,1178
175,1248
187,1260
177,1257
176,1231
193,1252
187,1247
176,1208
178,1228
183,1220
190,1281
177,1239
181,1233
178,1221
190,1261
175,1197
185,1219
193,1234
179,1219
183,1211
187,1261
185,1186
189,1275
173,1251
180,1261
177,1274
186,1287
175,1232
192,1257
185,1190
177,1245
180,1239
184,1224
190,1254
184,1240
196,1225
192,1266
175,1222
187,1220
177,1184
188,1242
178,1220
190,1271
187,1216
179,1203
185,1220
178,1202
181,1243
181,1234
190,1233
193,1290
173,1231
177,1201
175,1246
190,1238
187,1264
175,1226
191,1214
184,1265
178,1233
191,1243
192,1250
181,1225
182,1218
188,1248
183,1276
192,1211
170,1206
178,1237
184,1278
176,1243
175,1199
188,1237
189,1277
184,1222
177,1252
186,1231
176,1253
175,1214
188,1247
191,1216
170,1175
177,1187
190,1237
178,1233
173,1232
183,1251
185,1259
177,1229
183,1256
183,1217
183,1241
176,1223
185,1245
187,1260
180,1237
182,1276
182,1227
175,1243
189,1214
176,1217
183,1294
188,1292
182,1287
189,1203
175,1233
193,1266
181,1273
184,1242
177,1196
184,1238
178,1211
176,1207
182,1247
196,1223
183,1231
177,1219
188,1215
177,1216
181,1195
178,1219
178,1266
187,1266
182,1217
178,1210
180,1190
178,1251
186,1245
173,1255
181,1199
169,1215
187,1289
178,1254
183,1226
185,1252
175,1227
177,1240
176,1209
181,1222
181,1258
173,1208
176,1240
177,1221
179,1192
177,1240
178,1229
187,1241
177,1237
187,1231
184,1187
185,1262
184,1225
180,1234
181,1237
189,1237
181,1266
185,1259
183,1254
190,1270
180,1232
177,1198
177,1197
188,1245
187,1223
176,1232
169,1227
190,1228
170,1233
169,1180
186,1196
179,1252
175,1280
177,1275
181,1209
177,1236
189,1291
190,1230
176,1219
185,1241
190,1263
178,1247
186,1198
187,1269
179,1278
184,1224
177,1168
175,1281
180,1233
185,1236
182,1233
193,1271
190,1226
177,1282
188,1287
180,1268
183,1242
175,1191
173,1199
182,1265
175,1191
175,1266
192,1221
175,1257
177,1233
184,1258
185,1245
175,1197
185,1211
177,1213
177,1209
184,1281
175,1215
190,1268
180,1241
183,1296
177,1231
179,1207
179,1228
184,1218
175,1220
187,1227
181,1222
185,1241
184,1233
191,1239
178,1233
190,1273
187,1198
175,1187
175,1168
190,1250
176,1258
179,1285
183,1211
193,1224
189,1264
173,1189
182,1234
183,1200
178,1238
181,1232
183,1206
190,1245
190,1232
176,1248
185,1208
177,1194
176,1234
189,1226
178,1237
184,1254
182,1238
183,1213
175,1209
183,1229
179,1273
186,1246
189,1223
178,1231
191,1210
194,1226
189,1233
196,1214
170,1218
173,1244
178,1198
175,1222
176,1243
187,1223
188,1206
178,1208
181,1197
176,1229
175,1265
170,1216
183,1229
186,1245
177,1276
189,1255
185,1227
184,1246
183,1291
191,1219
175,1239
176,1191
178,1284
175,1247
193,1255
175,1205
180,1215
182,1253
176,1268
177,1182
190,1230
177,1253
194,1238
169,1226
194,1253
183,1240
178,1218
183,1222
178,1255
178,1196
180,1224
175,1244
177,1255
184,1269
181,1205
184,1231
187,1215
187,1256
178,1240
182,1284
196,1268
175,1233
175,1238
187,1218
186,1217
183,1286
178,1223
177,1254
178,1253
170,1191
173,1207
177,1226
175,1246
175,1217
179,1235
190,1227
177,1193
177,1207
190,1249
182,1244
178,1218
175,1212
185,1227
178,1217
190,1226
186,1212
189,1271
176,1266
178,1223
178,1205
177,1269
169,1234
178,1188
190,1269
175,1212
176,1266
190,1251
187,1208
184,1223
193,1210
188,1251
175,1223
187,1222
175,1171
180,1242
173,1222
175,1185
187,1262
177,1196
187,1248
190,1257
185,1258
177,1202
186,1290
177,1204
189,1229
175,1137
181,1230
185,1210
176,1246
184,1223
184,1234
186,1176
191,1211
175,1231
182,1232
187,1230
188,1176
190,1249
176,1220
175,1281
175,1211
183,1184
189,1231
176,1207
192,1324
186,1217
173,1209
186,1286
176,1191
176,1240
169,1185
181,1184
177,1230
189,1225
173,1205
186,1232
188,1240
178,1240
187,1242
169,1161
175,1232
185,1193
184,1232
180,1261
187,1264
173,1263
189,1256
180,1190
187,1206
179,1255
175,1245
187,1239
188,1267
175,1175
175,1222
185,1224
176,1260
175,1196
183,1220
175,1226
181,1209
187,1243
178,1207
187,1265
183,1239
193,1239
193,1257
176,1304
182,1236
184,1154
178,1209
179,1217
183,1283
187,1236
190,1248
176,1219
173,1278
193,1244
193,1249
185,1222
178,1234
178,1231
178,1211
179,1225
191,1219
178,1234
188,1283
181,1231
183,1250
185,1231
189,1241
173,1218
192,1247
184,1215
180,1250
183,1256
187,1271
177,1194
191,1317
189,1244
184,1221
187,1270
178,1249
177,1228
179,1260
185,1248
178,1220
185,1248
184,1208
177,1226
179,1246
194,1248
183,1241
192,1212
181,1244
177,1191
193,1214
175,1210
196,1268
193,1256
177,1270
193,1234
184,1234
179,1221
176,1213
187,1234
177,1253
192,1251
176,1204
189,1252
178,1226
192,1236
193,1285
177,1193
177,1262
186,1259
177,1247
187,1245
193,1230
183,1280
190,1219
175,1234
176,1203
170,1205
178,1226
176,1232
175,1250
182,1238
186,1240
183,1249
185,1201
169,1212
173,1235
179,1231
190,1245
184,1271
176,1237
190,1250
187,1239
190,1306
193,1272
191,1205
183,1218
192,1233
180,1256
176,1234
185,1289
187,1278
181,1214
182,1226
175,1218
183,1264
175,1252
193,1228
190,1219
178,1222
180,1215
175,1179
175,1237
189,1221
178,1188
187,1228
182,1221
189,1254
189,1264
192,1224
187,1239
187,1256
183,1210
184,1287
196,1223
178,1226
175,1258
185,1222
186,1247
169,1201
176,1263
184,1205
170,1215
169,1230
181,1238
188,1243
191,1213
169,1168
175,1202
177,1181
187,1159
178,1226
177,1220
186,1219
179,1300
175,1256
179,1237
179,1201
175,1233
175,1220
186,1248
177,1245
176,1227
176,1193
186,1236
184,1221
176,1217
191,1172
175,1260
184,1228
179,1227
175,1281
190,1237
185,1226
175,1234
191,1252
192,1209
182,1239
187,1188
175,1218
196,1260
176,1229
175,1245
186,1233
178,1279
178,1241
190,1222
187,1230
191,1216
177,1230
170,1169
181,1232
170,1183
184,1262
186,1247
178,1237
178,1207
176,1247
186,1242
176,1245
187,1243
180,1251
188,1237
184,1221
189,1206
180,1231
177,1215
187,1210
187,1243
189,1242
173,1217
170,1244
177,1247
185,1227
178,1223
181,1221
186,1281
176,1223
176,1260
175,1250
186,1154
176,1199
193,1228
186,1222
177,1203
190,1247
179,1268
183,1238
185,1234
185,1234
190,1253
178,1203
173,1224
188,1204
186,1244
186,1201
192,1206
190,1254
185,1227
190,1240
179,1252
176,1239
179,1245
185,1255
183,1251
184,1215
186,1185
177,1197
176,1218
179,1212
193,1213
177,1249
182,1246
173,1252
193,1221
184,1204
178,1252
187,1260
179,1239
190,1206
188,1234
173,1203
184,1229
190,1219
183,1226
194,1251
183,1256
178,1237
178,1248
185,1225
189,1271
193,1200
177,1231
190,1267
175,1197
187,1259
178,1250
170,1265
175,1246
178,1211
190,1304
175,1221
181,1219
180,1231
177,1282
184,1204
175,1206
178,1218
182,1223
177,1238
178,1187
173,1209
190,1246
176,1246
169,1211
173,1273
178,1237
179,1193
183,1246
176,1273
177,1272
169,1236
181,1216
175,1205
188,1224
179,1242
175,1240
177,1266
180,1243
189,1271
189,1263
178,1232
177,1233
177,1244
183,1235
191,1241
178,1254
176,1203
187,1215
181,1222
177,1188
196,1234
189,1259
178,1244
175,1222
173,1224
183,1274
178,1226
175,1230
186,1232
194,1284
175,1211
186,1234
184,1266
179,1231
178,1228
187,1253
190,1222
187,1200
173,1230
175,1257
179,1217
182,1241
183,1224
181,1224
190,1271
176,1229
189,1241
180,1255
190,1257
183,1226
177,1234
183,1217
188,1210
180,1268
182,1249
178,1224
181,1191
176,1259
177,1235
170,1255
196,1232
189,1200
178,1274
189,1253
196,1236
183,1224
192,1219
186,1229
188,1282
190,1225
181,1281
190,1228
189,1225
179,1210
184,1240
175,1216
189,1265
190,1214
173,1223
183,1253
175,1232
179,1208
182,1213
186,1225
175,1250
169,1225
176,1237
182,1276
173,1224
189,1229
183,1263
190,1234
193,1249
175,1206
190,1226
169,1225
190,1332
176,1221
188,1211
175,1255
187,1228
175,1181
175,1228
184,1235
183,1270
182,1212
173,1200
175,1255
181,1209
187,1246
179,1213
180,1208
183,1247
185,1195
178,1273
184,1224
189,1235
176,1223
169,1197
176,1208
185,1163
179,1181
177,1267
177,1261
175,1181
185,1285
189,1219
185,1273
181,1196
193,1203
188,1246
175,1282
187,1230
185,1233
177,1221
187,1232
169,1196
179,1224
177,1229
177,1201
185,1211
183,1246
178,1222
181,1311
173,1187
189,1266
176,1255
187,1218
169,1147
177,1196
187,1256
179,1254
196,1256
170,1230
177,1247
169,1214
189,1265
191,1253
175,1198
179,1254
178,1212
170,1217
185,1241
177,1202
177,1252
175,1227
186,1245
173,1225
178,1233
188,1248
177,1197
173,1233
192,1260
177,1246
194,1266
175,1205
183,1247
179,1239
183,1239
193,1296
175,1195
177,1197
192,1221
184,1246
191,1242
176,1212
190,1246
173,1281
178,1245
181,1283
180,1237
184,1244
179,1165
191,1239
176,1238
175,1225
181,1255
193,1253
177,1242
180,1287
179,1235
190,1275
178,1190
190,1252
190,1214
181,1247
177,1230
190,1193
187,1243
175,1229
194,1234
187,1206
181,1237
173,1217
177,1209
194,1279
176,1214
184,1252
175,1254
177,1199
169,1178
196,1218
177,1232
183,1226
182,1240
177,1244
189,1260
190,1245
185,1232
175,1233
190,1222
175,1215
184,1212
175,1218
192,1271
175,1243
190,1263
186,1232
169,1219
184,1196
176,1254
188,1246
183,1229
176,1254
187,1263
176,1232
178,1257
190,1228
186,1256
185,1240
188,1237
186,1243
176,1223
187,1283
194,1233
184,1240
178,1231
178,1161
192,1232
178,1258
178,1220
178,1179
185,1269
183,1288
188,1211
176,1214
179,1221
188,1170
181,1226
193,1209
180,1249
185,1218
177,1317
193,1258
181,1279
175,1233
186,1246
189,1260
176,1237
191,1249
185,1267
181,1229
175,1215
180,1221
178,1221
177,1199
178,1216
187,1244
189,1209
181,1266
177,1221
190,1218
177,1183
176,1210
175,1202
177,1272
175,1236
191,1268
189,1205
175,1193
178,1215
183,1239
177,1282
178,1240
181,1247
190,1201
192,1236
183,1220
190,1246
189,1226
192,1239
194,1243
177,1232
177,1226
184,1271
183,1209
175,1225
178,1216
176,1227
190,1229
181,1181
175,1231
188,1236
175,1202
187,1282
175,1223
177,1248
191,1242
189,1261
186,1236
182,1193
189,1210
176,1246
185,1223
178,1239
192,1202
185,1279
181,1230
190,1263
186,1263
177,1243
186,1224
176,1261
185,1210
192,1231
170,1241
184,1251
191,1236
178,1223
181,1230
189,1220
189,1261
176,1268
190,1228
183,1218
188,1253
187,1223
175,1243
181,1211
196,1277
177,1206
187,1242
190,1234
175,1215
175,1222
177,1249
170,1218
178,1231
192,1230
181,1272
185,1240
196,1251
190,1233
185,1207
186,1240
180,1229
176,1207
185,1232
178,1249
176,1113
177,1201
173,1246
186,1235
179,1225
176,1214
177,1226
173,1203
176,1256
187,1243
186,1238
189,1230
186,1240
177,1206
187,1224
196,1234
181,1203
190,1227
175,1196
181,1252
177,1235
187,1241
179,1247
190,1188
190,1228
180,1238
184,1224
175,1223
175,1252
176,1247
183,1259
177,1230
185,1205
183,1207
187,1243
181,1270
184,1209
189,1282
187,1250
187,1271
173,1221
181,1266
185,1260
177,1226
190,1265
187,1238
182,1233
187,1225
184,1207
184,1264
169,1196
178,1224
188,1230
177,1199
188,1225
176,1214
187,1244
189,1222
187,1248
185,1197
185,1248
187,1215
176,1201
183,1267
169,1229
189,1267
179,1242
181,1193
170,1220
183,1203
173,1219
189,1232
192,1233
183,1218
186,1255
192,1253
183,1259
178,1205
186,1223
183,1271
178,1236
186,1269
178,1262
187,1188
181,1250
184,1209
189,1223
179,1223
179,1198
177,1156
193,1232
175,1208
181,1238
180,1192
188,1252
178,1242
169,1218
179,1196
169,1226
170,1156
173,1243
196,1242
178,1270
173,1223
173,1229
187,1205
175,1273
180,1200
185,1237
181,1253
189,1172
191,1220
187,1218
175,1217
186,1254
189,1222
175,1220
184,1216
189,1216
180,1203
187,1240
187,1264
184,1262
176,1229
189,1263
187,1236
187,1269
178,1254
189,1156
179,1241
191,1285
181,1256
179,1224
177,1244
177,1257
193,1187
179,1243
183,1217
192,1232
181,1243
175,1233
189,1261
187,1277
185,1146
176,1229
181,1228
183,1266
185,1221
183,1224
188,1218
187,1223
178,1232
190,1241
177,1200
181,1208
177,1195
177,1222
184,1243
192,1272
175,1228
182,1246
175,1226
193,1238
179,1235
177,1223
185,1247
177,1226
188,1232
192,1204
191,1215
181,1234
181,1281
189,1228
182,1192
178,1238
177,1219
183,1194
189,1242
190,1261
184,1257
186,1191
180,1219
183,1278
190,1232
170,1266
186,1218
183,1206
178,1259
191,1215
184,1231
187,1257
178,1231
183,1251
181,1207
189,1254
175,1232
176,1202
169,1203
190,1262
178,1237
183,1260
187,1241
193,1260
178,1230
187,1238
193,1249
189,1239
184,1216
175,1228
175,1249
176,1240
186,1219
170,1240
185,1285
181,1248
187,1207
175,1260
176,1186
178,1235
183,1258
173,1205
175,1206
193,1254
178,1251
173,1201
177,1263
181,1227
184,1225
185,1255
181,1252
177,1241
183,1248
180,1242
183,1294
196,1254
187,1277
182,1228
186,1241
178,1271
175,1281
178,1232
194,1261
175,1247
191,1231
196,1220
173,1220
185,1224
178,1165
183,1193
182,1263
188,1234
181,1224
179,1190
184,1243
193,1283
169,1228
175,1252
189,1252
183,1224
185,1259
176,1217
178,1179
187,1246
176,1279
185,1259
189,1247
194,1233
175,1210
183,1262
185,1243
181,1254
184,1195
191,1261
190,1224
183,1208
188,1252
193,1234
187,1207
189,1239
177,1231
193,1264
176,1193
189,1228
175,1257
177,1229
177,1171
178,1205
186,1280
187,1253
180,1242
185,1249
190,1221
186,1230
170,1257
178,1225
192,1283
189,1177
176,1311
184,1237
178,1276
187,1242
181,1245
187,1255
194,1230
176,1217
183,1255
176,1201
179,1205
177,1280
178,1188
185,1197
176,1222
187,1227
177,1233
173,1218
191,1240
176,1204
173,1207
186,1233
178,1270
183,1207
182,1223
193,1233
193,1266
178,1253
173,1310
187,1234
191,1200
170,1238
186,1229
183,1209
185,1248
183,1233
176,1235
176,1214
185,1201
176,1235
177,1233
191,1254
193,1248
187,1210
178,1193
189,1214
179,1218
179,1237
178,1210
190,1267
179,1241
175,1231
179,1216
179,1242
179,1231
177,1199
187,1226
190,1244
183,1237
178,1275
185,1238
183,1213
183,1276
192,1242
196,1248
191,1202
175,1249
178,1206
190,1266
178,1203
180,1259
175,1234
176,1236
190,1244
190,1210
187,1233
189,1227
180,1262
186,1241
188,1235
178,1224
184,1223
176,1233
181,1279
186,1231
175,1214
188,1279
179,1214
185,1243
179,1259
186,1234
186,1234
181,1183
181,1227
187,1240
177,1281
189,1218
183,1243
193,1186
193,1226
175,1235
187,1214
178,1195
184,1222
175,1237
177,1210
184,1266
185,1253
175,1199
190,1288
186,1257
186,1242
181,1222
179,1240
177,1194
173,1264
178,1214
191,1255
178,1230
179,1233
187,1263
176,1204
175,1246
179,1209
176,1218
185,1205
176,1269
193,1263
175,1212
196,1246
181,1228
180,1196
175,1195
188,1227
176,1204
188,1225
173,1238
187,1221
188,1269
177,1258
185,1257
187,1231
187,1165
186,1240
184,1221
181,1280
170,1253
188,1288
194,1242
175,1264
178,1251
182,1242
178,1240
189,1237
183,1230
175,1184
189,1278
186,1252
183,1224
186,1248
170,1218
177,1274
173,1154
193,1226
175,1251
178,1247
178,1223
176,1263
186,1237
177,1259
189,1251
190,1247
188,1269
183,1218
183,1258
189,1239
187,1247
179,1237
176,1230
178,1204
192,1222
192,1238
182,1190
189,1215
177,1220
178,1240
178,1215
179,1269
179,1228
175,1254
177,1213
183,1218
184,1326
180,1197
177,1256
177,1219
170,1190
176,1177
175,1251
177,1222
191,1216
176,1225
178,1250
184,1268
178,1238
188,1223
177,1269
193,1290
177,1237
186,1214
189,1231
175,1251
175,1216
184,1253
194,1226
182,1242
187,1242
185,1252
186,1260
186,1230
186,1239
187,1196
178,1239
173,1207
185,1248
193,1280
186,1272
177,1206
176,1173
177,1193
175,1251
191,1261
186,1238
193,1264
178,1214
188,1262
173,1213
189,1289
178,1237
175,1223
175,1180
178,1199
175,1208
169,1224
190,1273
177,1235
169,1208
179,1255
180,1215
184,1225
188,1274
187,1255
186,1239
183,1250
175,1233
175,1249
175,1198
169,1250
183,1227
173,1235
184,1238
189,1244
187,1239
193,1228
184,1223
177,1241
193,1248
173,1247
188,1236
178,1190
179,1240
187,1222
179,1200
187,1212
178,1252
173,1222
175,1201
175,1230
182,1250
169,1221
177,1263
176,1264
175,1199
173,1250
175,1234
188,1151
186,1220
177,1245
183,1245
190,1254
184,1207
179,1221
176,1257
173,1231
188,1246
169,1226
170,1253
175,1201
178,1266
178,1215
177,1196
178,1244
175,1188
188,1227
178,1189
176,1236
176,1159
192,1233
184,1236
178,1245
169,1229
177,1237
192,1251
175,1211
180,1228
169,1216
180,1252
177,1196
170,1223
193,1230
173,1170
176,1244
189,1234
178,1266
194,1218
194,1229
186,1238
175,1296
179,1215
169,1224
190,1240
189,1242
190,1250
187,1200
177,1227
187,1240
192,1253
181,1251
193,1227
185,1209
181,1259
188,1235
177,1205
187,1264
184,1232
187,1229
187,1257
177,1217
173,1208
177,1210
177,1223
178,1241
179,1218
187,1254
177,1278
187,1197
175,1222
175,1221
170,1182
186,1255
177,1200
181,1236
187,1246
179,1161
182,1218
175,1260
179,1236
193,1230
177,1174
178,1210
183,1239
183,1241
177,1251
186,1251
181,1280
177,1208
182,1288
184,1239
189,1247
175,1236
177,1242
176,1221
193,1220
175,1226
183,1216
187,1239
175,1211
189,1259
188,1281
177,1230
179,1239
177,1236
179,1250
184,1278
180,1238
170,1183
176,1223
178,1210
186,1209
189,1198
178,1229
175,1252
190,1245
169,1203
185,1244
189,1253
190,1323
192,1213
188,1257
175,1242
179,1223
175,1251
184,1236
175,1218
177,1210
178,1216
177,1214
181,1235
170,1206
178,1250
186,1226
177,1216
181,1220
175,1211
173,1227
180,1189
181,1222
179,1219
178,1195
173,1174
183,1207
178,1220
175,1226
175,1242
186,1233
175,1205
185,1198
188,1213
184,1234
178,1251
183,1201
186,1226
178,1236
186,1228
187,1233
176,1203
180,1256
187,1202
189,1235
179,1206
181,1209
188,1202
175,1228
178,1225
175,1224
194,1266
181,1248
186,1237
190,1241
173,1255
187,1261
182,1182
176,1250
179,1217
189,1256
175,1208
188,1209
181,1213
193,1217
177,1221
186,1225
181,1208
184,1282
181,1281
185,1227
173,1184
187,1251
190,1243
186,1214
175,1224
182,1233
181,1220
175,1211
182,1306
185,1197
188,1252
173,1260
183,1213
173,1220
175,1246
183,1251
187,1257
179,1221
175,1209
187,1238
190,1246
189,1262
175,1195
177,1235
179,1207
180,1240
187,1219
193,1226
175,1191
175,1209
182,1212
179,1245
178,1221
177,1249
180,1245
177,1227
193,1173
176,1226
181,1223
183,1222
176,1205
173,1219
187,1239
177,1217
179,1262
177,1189
176,1234
182,1238
179,1230
177,1223
188,1257
190,1275
185,1192
181,1236
176,1241
173,1192
190,1247
189,1229
182,1253
187,1223
187,1243
187,1286
189,1238
183,1262
182,1242
177,1208
180,1227
186,1244
178,1224
186,1201
177,1236
184,1214
176,1231
176,1274
192,1238
176,1212
180,1257
191,1238
180,1191
190,1220
177,1204
184,1233
178,1240
196,1255
182,1267
175,1201
178,1205
189,1261
187,1223
190,1240
176,1166
177,1206
179,1190
180,1198
194,1275
173,1225
178,1200
189,1207
187,1239
193,1240
190,1203
181,1209
183,1257
184,1146
177,1204
194,1251
170,1256
193,1263
175,1229
176,1245
190,1217
190,1254
178,1236
178,1223
188,1243
190,1235
183,1260
189,1236
176,1252
181,1219
183,1227
189,1225
177,1201
193,1250
180,1269
175,1204
169,1187
179,1237
190,1225
184,1233
183,1234
176,1237
191,1190
176,1233
177,1211
177,1177
178,1188
178,1216
178,1234
175,1216
185,1263
176,1229
186,1246
176,1184
175,1202
175,1232
176,1244
186,1222
188,1240
186,1240
186,1248
175,1247
183,1267
189,1236
196,1227
186,1256
193,1205
185,1215
190,1212
177,1209
189,1225
190,1206
178,1260
175,1209
181,1271
186,1282
182,1289
184,1210
179,1186
186,1239
194,1211
177,1253
179,1257
190,1227
189,1170
187,1240
187,1234
189,1227
175,1230
185,1231
180,1217
193,1240
178,1233
183,1210
179,1261
183,1239
178,1223
196,1213
175,1223
190,1152
177,1260
184,1216
186,1250
187,1213
182,1205
182,1267
189,1220
190,1280
173,1236
178,1256
175,1241
186,1238
180,1212
186,1235
180,1248
179,1214
176,1240
183,1249
193,1246
177,1231
193,1220
177,1295
178,1283
196,1257
185,1246
175,1235
175,1197
177,1211
196,1251
181,1232
192,1230
180,1195
184,1198
187,1258
178,1212
189,1215
186,1234
189,1272
181,1233
183,1267
175,1232
194,1256
178,1202
177,1227
176,1235
183,1221
179,1222
177,1248
183,1193
173,1192
194,1220
178,1241
186,1244
175,1214
179,1230
178,1214
187,1261
175,1218
186,1213
184,1256
190,1232
179,1225
189,1250
185,1170
175,1229
183,1262
186,1224
177,1221
190,1227
180,1268
181,1246
177,1243
187,1238
189,1216
178,1237
170,1251
178,1266
177,1262
182,1274
176,1228
173,1218
181,1191
189,1251
175,1218
175,1238
175,1213
175,1200
178,1218
183,1270
185,1244
176,1248
178,1198
180,1238
196,1214
175,1211
182,1236
178,1205
190,1222
182,1252
176,1222
194,1233
196,1243
185,1195
186,1256
181,1279
190,1261
184,1206
175,1210
177,1277
177,1226
190,1248
179,1217
178,1183
178,1249
179,1233
190,1223
183,1263
176,1208
176,1217
178,1278
184,1210
193,1242
187,1254
180,1227
175,1234
194,1250
178,1226
193,1283
186,1221
179,1221
188,1203
185,1230
187,1234
178,1233
179,1215
182,1266
183,1234
173,1216
177,1232
192,1252
182,1201
188,1245
179,1233
178,1249
190,1267
178,1213
176,1237
188,1222
194,1242
173,1216
177,1244
184,1224
178,1235
190,1271
189,1213
177,1195
175,1201
184,1220
187,1240
173,1206
181,1217
181,1227
181,1227
173,1190
177,1228
190,1251
170,1232
194,1238
187,1290
176,1226
181,1241
185,1210
184,1251
173,1208
183,1278
179,1216
169,1216
185,1225
186,1234
173,1185
186,1256
178,1200
170,1233
173,1220
186,1237
177,1228
192,1284
183,1233
193,1238
175,1237
176,1205
181,1235
176,1221
188,1229
183,1218
175,1223
179,1232
191,1209
184,1185
177,1197
185,1238
183,1237
177,1230
169,1176
176,1279
175,1218
179,1247
180,1222
186,1249
187,1242
183,1260
182,1253
175,1229
192,1251
189,1207
173,1243
180,1206
178,1231
175,1235
180,1236
177,1213
178,1214
194,1258
184,1266
179,1252
181,1220
181,1220
179,1202
188,1275
189,1272
177,1251
183,1234
185,1217
187,1264
188,1274
186,1264
187,1218
180,1280
194,1247
186,1260
189,1227
190,1255
178,1237
176,1216
180,1244
193,1250
178,1234
180,1235
173,1208
177,1214
177,1247
190,1255
192,1237
185,1217
186,1233
181,1181
191,1246
190,1210
180,1201
178,1188
192,1221
185,1256
193,1262
189,1250
185,1226
188,1186
196,1249
191,1248
178,1202
178,1230
184,1229
189,1221
178,1233
177,1201
177,1231
177,1270
177,1218
169,1224
175,1230
178,1141
186,1196
186,1210
185,1244
181,1221
189,1178
186,1242
173,1247
190,1230
189,1224
184,1251
177,1239
176,1216
178,1239
193,1277
186,1217
185,1268
169,1206
186,1240
169,1201
176,1224
175,1213
189,1226
177,1223
175,1244
185,1224
179,1223
178,1196
190,1249
188,1201
183,1237
173,1229
189,1199
178,1210
188,1215
187,1233
193,1251
182,1234
180,1223
193,1226
181,1234
173,1209
173,1200
175,1211
177,1233
182,1249
184,1204
176,1240
185,1228
188,1248
190,1222
190,1238
181,1217
182,1255
184,1239
170,1210
186,1243
185,1260
187,1253
190,1237
173,1215
182,1280
187,1225
188,1261
173,1240
189,1217
175,1218
176,1229
179,1186
170,1213
173,1245
181,1204
190,1238
177,1154
188,1250
185,1267
176,1220
189,1261
175,1201
175,1208
177,1259
180,1236
187,1322
178,1219
185,1259
178,1252
178,1202
180,1281
187,1241
196,1236
183,1210
183,1233
183,1211
183,1283
179,1212
175,1247
188,1301
185,1218
177,1227
188,1241
185,1267
175,1175
173,1225
188,1190
178,1261
189,1216
183,1254
193,1273
178,1230
175,1234
190,1271
178,1188
181,1261
176,1225
187,1222
179,1209
193,1204
190,1246
178,1207
190,1218
178,1234
175,1226
190,1220
175,1256
182,1232
190,1257
176,1212
183,1233
173,1209
176,1204
183,1235
185,1199
188,1245
190,1229
190,1277
190,1226
186,1194
182,1237
184,1213
175,1180
177,1226
191,1260
177,1217
189,1212
179,1207
196,1205
190,1232
185,1212
193,1287
189,1232
183,1242
183,1259
188,1251
196,1269
192,1267
185,1290
190,1168
173,1224
173,1219
184,1195
178,1179
191,1251
178,1240
177,1229
191,1222
177,1259
173,1231
175,1185
175,1219
181,1235
181,1239
176,1211
183,1235
177,1200
173,1222
192,1220
191,1295
185,1214
191,1265
181,1210
183,1192
179,1203
169,1192
177,1158
183,1224
181,1221
169,1204
179,1234
176,1187
186,1259
182,1234
178,1274
181,1242
178,1218
173,1215
184,1222
178,1198
176,1235
190,1251
176,1254
178,1229
175,1209
178,1254
186,1228
184,1212
183,1225
187,1210
177,1250
178,1200
177,1206
185,1242
176,1288
179,1235
185,1267
189,1231
177,1221
189,1208
177,1211
185,1233
190,1235
180,1217
179,1242
175,1155
178,1214
196,1233
178,1177
193,1252
177,1264
178,1253
175,1191
182,1217
175,1232
183,1216
180,1231
186,1209
189,1228
175,1207
183,1262
186,1247
177,1215
183,1230
190,1235
190,1282
179,1264
186,1254
173,1242
179,1236
187,1286
183,1274
193,1259
185,1230
185,1218
177,1210
176,1202
173,1231
193,1195
189,1206
193,1270
190,1261
185,1229
175,1238
186,1221
177,1211
187,1227
182,1216
190,1221
179,1228
169,1236
178,1204
186,1239
185,1206
188,1296
182,1228
177,1220
177,1251
180,1212
177,1228
177,1249
186,1199
189,1222
183,1231
188,1244
185,1253
181,1227
178,1257
177,1242
177,1205
173,1169
186,1249
183,1208
193,1271
179,1238
180,1190
177,1204
190,1254
186,1269
182,1295
186,1234
187,1267
181,1211
190,1241
178,1250
169,1181
177,1222
183,1194
187,1223
175,1233
173,1272
181,1228
188,1212
186,1221
177,1256
179,1276
177,1221
189,1252
179,1262
193,1248
169,1217
170,1146
175,1227
185,1250
178,1251
178,1240
190,1255
175,1250
184,1196
181,1242
188,1187
186,1260
187,1243
190,1229
175,1270
175,1225
187,1201
188,1233
184,1224
176,1240
193,1236
181,1255
184,1237
176,1235
177,1240
185,1262
182,1211
175,1196
178,1279
179,1216
184,1209
177,1232
190,1250
181,1221
176,1228
184,1230
178,1227
182,1245
180,1212
177,1194
185,1204
177,1223
192,1254
191,1222
182,1199
178,1256
176,1201
189,1291
187,1242
170,1225
178,1261
181,1213
183,1201
184,1257
190,1262
178,1190
190,1247
178,1203
180,1229
182,1287
176,1229
177,1203
191,1246
187,1229
177,1191
183,1204
180,1207
185,1213
190,1273
191,1116
183,1253
177,1232
177,1242
190,1248
186,1210
185,1225
179,1216
181,1217
173,1221
185,1231
184,1242
184,1238
187,1242
196,1255
190,1229
176,1230
183,1244
175,1231
190,1212
188,1228
178,1244
180,1216
192,1255
181,1222
178,1309
175,1220
193,1250
184,1215
184,1220
175,1219
193,1264
173,1185
181,1212
175,1279
169,1224
190,1212
176,1209
178,1201
170,1219
176,1222
178,1219
178,1250
175,1196
190,1239
177,1222
179,1225
184,1278
176,1237
173,1247
179,1232
192,1209
179,1232
173,1228
175,1249
178,1229
185,1253
193,1257
184,1253
178,1252
178,1267
177,1219
184,1258
177,1240
185,1210
179,1204
193,1213
178,1234
183,1236
180,1225
190,1260
179,1246
184,1257
191,1236
178,1267
187,1239
185,1217
177,1290
179,1263
194,1251
169,1192
178,1251
173,1236
178,1245
190,1293
184,1205
177,1233
183,1232
177,1204
184,1271
188,1264
183,1241
169,1215
185,1280
175,1225
187,1199
194,1270
177,1250
177,1249
181,1214
173,1227
185,1234
189,1230
184,1219
180,1270
193,1269
175,1219
196,1270
187,1157
187,1252
176,1201
185,1203
180,1219
175,1206
182,1236
189,1237
176,1245
185,1260
190,1222
183,1239
184,1248
190,1210
178,1245
185,1210
182,1267
178,1216
175,1274
175,1239
190,1214
191,1262
180,1217
169,1238
187,1213
177,1187
194,1222
190,1235
182,1241
175,1237
181,1228
178,1238
188,1242
178,1199
193,1305
186,1246
178,1238
178,1239
187,1232
186,1194
183,1271
189,1238
178,1226
181,1223
178,1261
177,1167
192,1288
178,1206
175,1209
177,1215
180,1224
185,1207
186,1196
187,1257
178,1239
190,1217
184,1226
193,1230
175,1216
177,1218
178,1246
169,1226
178,1210
178,1254
185,1196
182,1260
173,1237
176,1213
182,1196
177,1216
178,1197
191,1250
189,1285
196,1219
189,1280
183,1244
178,1242
169,1224
184,1239
177,1235
194,1278
176,1257
177,1261
179,1249
179,1146
185,1238
186,1192
176,1266
178,1239
185,1189
182,1204
179,1231
175,1212
184,1210
189,1234
177,1217
189,1241
190,1259
185,1234
184,1231
173,1233
186,1253
190,1232
187,1228
183,1249
192,1270
189,1267
183,1235
190,1200
188,1227
187,1293
180,1226
175,1217
178,1194
175,1234
177,1240
185,1177
186,1233
175,1232
177,1277
184,1224
178,1222
182,1252
176,1226
185,1228
175,1151
178,1233
196,1211
188,1247
191,1233
190,1249
175,1159
177,1196
186,1196
187,1211
187,1259
175,1261
186,1264
187,1223
178,1221
187,1229
175,1254
186,1244
182,1238
180,1202
178,1238
175,1257
173,1257
180,1229
187,1217
177,1219
184,1258
175,1216
191,1236
183,1215
189,1276
184,1224
184,1251
177,1231
187,1235
187,1253
185,1256
177,1213
187,1231
189,1238
188,1237
184,1210
178,1283
169,1225
187,1192
192,1206
191,1187
183,1271
189,1247
179,1238
176,1205
183,1246
184,1210
177,1215
182,1261
191,1237
176,1273
183,1220
187,1234
173,1185
186,1253
181,1195
191,1205
191,1243
192,1267
185,1207
188,1288
182,1240
186,1194
175,1232
181,1211
178,1241
185,1269
178,1174
184,1215
187,1225
183,1236
187,1270
173,1200
181,1227
189,1196
196,1251
178,1253
176,1187
177,1266
188,1223
182,1223
191,1247
186,1168
173,1218
175,1197
178,1233
188,1247
181,1240
184,1226
190,1247
175,1227
183,1217
187,1252
169,1189
187,1231
175,1192
177,1234
178,1215
181,1242
178,1210
176,1207
180,1194
189,1243
187,1236
189,1199
177,1221
196,1241
179,1253
178,1222
176,1211
190,1234
184,1220
179,1270
188,1222
189,1235
177,1246
186,1249
183,1180
177,1227
187,1282
190,1237
183,1265
182,1233
187,1197
185,1202
192,1264
173,1211
185,1225
177,1222
177,1149
187,1254
187,1236
175,1188
186,1245
175,1208
179,1229
169,1224
186,1253
181,1204
183,1237
176,1218
187,1205
181,1260
177,1252
176,1257
179,1256
176,1223
181,1194
177,1244
189,1224
186,1282
187,1252
186,1247
181,1217
178,1190
187,1225
185,1164
177,1234
178,1217
189,1237
186,1269
191,1255
177,1227
176,1228
196,1171
188,1237
186,1237
187,1245
175,1198
178,1234
189,1276
177,1246
194,1177
180,1278
177,1206
176,1214
181,1244
177,1282
190,1265
190,1224
190,1233
186,1245
175,1264
176,1178
193,1268
175,1224
181,1223
181,1247
178,1233
185,1229
178,1249
175,1213
178,1211
189,1225
187,1225
177,1220
177,1202
192,1228
176,1240
183,1180
177,1210
190,1205
190,1236
178,1231
190,1219
175,1249
185,1259
182,1213
184,1269
176,1247
177,1238
178,1247
178,1254
190,1241
177,1236
175,1244
190,1205
175,1225
188,1241
173,1231
185,1247
185,1244
179,1263
175,1227
177,1249
181,1225
181,1227
175,1236
193,1226
189,1262
188,1150
190,1266
173,1193
181,1277
188,1219
187,1213
175,1203
186,1250
175,1231
190,1229
179,1288
196,1201
177,1249
194,1251
178,1212
177,1217
188,1247
182,1224
186,1273
181,1206
187,1200
190,1222
187,1233
189,1247
181,1251
176,1211
177,1250
181,1207
178,1212
176,1232
187,1212
176,1234
190,1218
187,1251
176,1217
190,1245
175,1217
185,1237
177,1224
188,1231
179,1234
179,1254
175,1261
178,1170
182,1209
181,1269
191,1235
190,1246
188,1245
188,1233
181,1230
190,1264
181,1201
193,1228
194,1216
187,1228
177,1234
189,1253
173,1198
181,1251
192,1260
192,1269
175,1208
183,1255
184,1239
169,1215
179,1235
185,1211
175,1225
175,1229
175,1204
181,1247
181,1241
179,1226
193,1237
180,1238
187,1241
179,1263
177,1246
182,1260
190,1216
178,1225
175,1248
177,1261
176,1198
190,1282
178,1232
177,1237
178,1198
175,1244
178,1196
182,1285
189,1230
182,1253
183,1247
177,1218
179,1214
186,1198
178,1263
185,1242
178,1188
186,1189
189,1256
189,1227
178,1217
184,1206
194,1214
187,1242
182,1249
179,1258
183,1200
191,1200
173,1191
175,1242
191,1222
178,1254
189,1221
175,1259
190,1261
187,1251
196,1274
184,1201
184,1206
183,1242
178,1233
189,1234
183,1258
192,1230
188,1279
192,1244
186,1261
180,1219
186,1279
194,1244
175,1217
183,1240
179,1238
186,1227
173,1229
187,1244
188,1273
177,1255
176,1207
184,1226
175,1288
175,1209
188,1228
190,1246
173,1234
176,1237
175,1213
182,1265
185,1208
175,1221
173,1282
175,1186
177,1248
192,1149
181,1225
183,1221
176,1234
175,1202
178,1210
186,1222
178,1196
175,1225
186,1197
187,1318
178,1258
182,1303
178,1187
177,1186
189,1246
183,1261
178,1195
178,1242
182,1234
176,1247
190,1276
194,1248
184,1252
190,1212
176,1231
187,1246
187,1254
176,1270
180,1243
175,1247
191,1203
173,1234
178,1243
190,1222
184,1191
191,1282
194,1214
181,1254
193,1204
187,1233
184,1198
176,1257
180,1207
185,1238
190,1250
178,1203
175,1197
176,1215
176,1230
175,1202
177,1249
176,1180
176,1229
179,1203
180,1234
186,1227
186,1229
175,1193
184,1242
193,1218
184,1235
175,1239
190,1231
176,1293
177,1211
181,1230
170,1249
177,1254
175,1238
189,1260
178,1219
186,1218
185,1230
184,1262
184,1216
183,1236
187,1190
175,1222
179,1225
178,1265
179,1206
169,1273
175,1184
175,1282
177,1197
194,1275
181,1249
178,1221
179,1214
176,1272
188,1210
178,1290
181,1212
187,1263
193,1274
176,1209
190,1251
185,1249
190,1242
176,1176
179,1228
190,1261
188,1231
176,1244
178,1226
190,1219
175,1225
193,1198
175,1232
189,1247
187,1218
176,1284
180,1246
175,1224
187,1251
175,1194
185,1272
176,1229
191,1221
185,1182
184,1240
180,1246
193,1252
194,1230
185,1251
190,1215
173,1209
181,1237
177,1230
190,1214
169,1223
183,1240
189,1247
183,1242
176,1240
177,1232
182,1233
186,1251
180,1270
190,1241
188,1232
189,1272
193,1246
184,1269
177,1233
185,1276
190,1229
180,1236
170,1177
188,1263
189,1277
175,1177
193,1229
180,1243
193,1253
178,1227
175,1196
176,1226
193,1253
178,1196
175,1196
196,1236
178,1236
191,1231
182,1206
175,1182
186,1200
189,1267
177,1213
177,1198
192,1265
170,1224
181,1268
191,1235
183,1226
184,1255
173,1192
186,1265
175,1216
179,1255
187,1257
187,1241
176,1233
183,1237
177,1214
177,1230
187,1231
178,1177
176,1221
188,1199
181,1235
177,1199
181,1251
183,1226
192,1231
179,1253
189,1245
176,1238
184,1232
190,1250
187,1262
177,1215
177,1229
187,1262
177,1192
177,1235
179,1226
196,1247
181,1144
182,1201
182,1254
184,1238
185,1278
190,1263
181,1218
175,1232
190,1235
186,1176
187,1205
175,1264
177,1231
187,1266
187,1258
173,1245
186,1235
196,1256
185,1244
193,1234
175,1255
179,1207
184,1263
175,1218
175,1192
182,1227
189,1249
177,1227
175,1226
181,1196
190,1259
184,1234
177,1279
176,1186
179,1246
190,1238
187,1185
189,1251
175,1244
193,1236
190,1222
193,1281
187,1236
194,1234
177,1230
182,1233
177,1226
196,1213
187,1258
186,1248
190,1268
178,1242
183,1225
178,1208
191,1249
173,1217
180,1288
180,1221
176,1236
177,1261
192,1210
196,1244
179,1234
193,1236
186,1220
188,1233
175,1233
192,1267
185,1239
175,1187
191,1246
178,1246
184,1250
183,1216
196,1240
183,1245
187,1219
190,1260
177,1251
177,1210
176,1243
183,1223
186,1230
188,1200
185,1212
176,1223
185,1226
185,1224
190,1220
173,1247
190,1241
169,1217
193,1216
179,1231
183,1222
181,1240
196,1237
189,1272
179,1214
179,1212
191,1222
183,1285
178,1192
186,1237
187,1223
173,1246
175,1211
175,1221
175,1258
170,1256
179,1246
183,1239
179,1226
186,1249
173,1263
178,1210
185,1243
186,1230
185,1232
194,1251
181,1261
173,1194
186,1218
184,1239
181,1224
177,1199
177,1261
178,1220
185,1235
178,1261
179,1201
183,1221
175,1199
189,1226
190,1272
177,1223
179,1246
175,1276
189,1220
190,1228
179,1217
179,1198
184,1270
177,1232
185,1215
176,1234
188,1295
176,1240
190,1229
178,1219
184,1225
193,1257
184,1253
189,1233
180,1263
189,1253
176,1210
183,1243
186,1271
170,1199
169,1204
175,1256
189,1236
181,1269
196,1305
183,1250
185,1231
187,1174
177,1267
189,1252
183,1233
178,1271
188,1250
189,1243
169,1251
185,1197
187,1237
183,1243
182,1214
184,1231
187,1212
170,1218
186,1271
188,1198
191,1231
178,1225
184,1259
175,1271
187,1231
169,1214
178,1257
187,1223
175,1248
189,1222
192,1195
196,1242
188,1220
169,1173
178,1270
187,1225
193,1273
188,1281
180,1262
181,1180
180,1233
185,1275
186,1244
176,1297
181,1188
186,1199
177,1223
175,1204
184,1183
191,1233
185,1217
190,1235
175,1219
183,1305
177,1222
169,1235
185,1249
175,1245
184,1232
190,1215
177,1289
178,1194
170,1213
188,1253
192,1242
186,1214
176,1234
175,1206
187,1246
179,1211
175,1214
176,1219
187,1269
196,1258
181,1208
193,1219
186,1249
186,1283
186,1262
173,1194
186,1236
178,1237
175,1244
175,1250
184,1252
181,1236
189,1249
177,1239
184,1230
185,1251
177,1229
187,1236
189,1252
179,1206
180,1218
193,1247
186,1210
184,1222
185,1211
175,1254
178,1223
173,1231
182,1215
175,1209
188,1251
177,1251
194,1254
181,1225
185,1246
176,1230
178,1235
181,1241
178,1207
187,1257
183,1254
177,1256
177,1220
186,1215
186,1254
183,1228
182,1230
178,1233
184,1215
181,1213
176,1226
191,1276
175,1206
178,1245
180,1233
187,1232
170,1224
186,1200
178,1237
193,1285
193,1261
178,1234
183,1218
175,1175
173,1172
182,1247
190,1246
179,1253
177,1242
187,1221
170,1244
184,1224
177,1244
178,1252
178,1250
194,1220
183,1247
190,1224
176,1209
188,1213
187,1188
173,1253
191,1215
190,1259
178,1260
185,1256
183,1256
193,1222
178,1209
181,1258
177,1235
193,1233
173,1254
177,1231
183,1238
170,1225
183,1221
180,1208
186,1264
187,1262
178,1250
180,1250
179,1197
189,1239
190,1231
170,1224
193,1249
190,1238
169,1253
185,1260
183,1224
181,1201
173,1267
177,1242
178,1259
185,1251
194,1262
183,1223
175,1200
178,1235
173,1207
178,1249
183,1237
173,1232
186,1214
176,1141
178,1239
178,1203
178,1248
188,1244
175,1226
175,1209
175,1214
193,1250
179,1248
175,1218
176,1197
184,1268
189,1246
179,1249
185,1223
175,1267
186,1237
194,1288
187,1245
188,1238
184,1204
185,1235
192,1244
173,1240
180,1198
177,1215
188,1260
184,1230
189,1219
176,1234
187,1255
187,1284
178,1230
175,1251
178,1187
187,1254
179,1174
190,1211
196,1241
180,1267
183,1209
191,1234
178,1203
175,1227
181,1245
180,1221
183,1209
176,1254
192,1245
196,1249
182,1244
178,1230
186,1289
178,1271
173,1185
177,1227
196,1273
182,1236
175,1231
180,1241
181,1268
175,1211
187,1255
183,1175
176,1223
175,1244
185,1244
185,1247
189,1224
190,1273
175,1186
177,1195
179,1269
183,1260
190,1196
187,1221
188,1211
186,1278
185,1296
191,1240
180,1232
181,1237
173,1246
178,1268
186,1260
190,1245
191,1244
188,1231
193,1229
180,1217
175,1227
169,1232
176,1228
175,1218
192,1208
175,1169
184,1239
190,1228
176,1233
186,1232
173,1249
183,1255
191,1244
186,1241
173,1205
183,1239
175,1233
188,1209
179,1288
179,1229
189,1233
187,1217
175,1237
189,1235
190,1255
170,1212
176,1241
178,1250
189,1260
181,1253
181,1231
177,1255
182,1249
185,1203
177,1179
188,1206
185,1246
178,1236
175,1172
177,1248
194,1237
177,1227
178,1243
178,1247
180,1225
178,1254
182,1199
183,1259
183,1196
169,1191
187,1209
188,1258
177,1194
175,1253
186,1249
187,1271
169,1194
177,1224
186,1183
176,1228
184,1262
187,1221
181,1251
178,1219
183,1254
185,1210
187,1230
176,1204
190,1271
175,1260
184,1249
193,1257
196,1253
170,1212
183,1226
185,1228
187,1261
178,1260
178,1203
187,1256
183,1254
170,1208
175,1205
182,1233
182,1201
188,1187
178,1250
190,1200
187,1226
181,1206
189,1218
190,1245
183,1267
176,1196
179,1230
180,1233
185,1255
194,1228
187,1239
180,1219
187,1214
175,1251
175,1249
177,1232
175,1227
190,1267
188,1246
189,1178
178,1230
188,1273
179,1250
175,1217
183,1238
185,1232
184,1244
185,1249
193,1253
176,1188
177,1252
190,1275
190,1235
177,1249
187,1246
189,1286
183,1236
177,1224
181,1226
175,1253
193,1239
181,1211
191,1204
178,1262
189,1251
183,1243
169,1245
191,1254
186,1224
175,1204
181,1234
189,1216
178,1254
190,1207
188,1243
188,1246
177,1199
190,1257
184,1217
186,1239
188,1231
188,1227
190,1247
180,1232
183,1253
178,1237
187,1234
177,1224
173,1219
182,1234
182,1235
187,1204
179,1210
183,1283
186,1239
196,1287
187,1245
176,1255
178,1238
176,1190
177,1250
192,1233
187,1232
177,1182
177,1195
170,1227
173,1238
177,1220
175,1229
177,1233
183,1257
184,1222
177,1213
193,1242
183,1211
175,1203
181,1233
181,1209
183,1253
186,1104
183,1241
194,1217
188,1228
183,1273
196,1241
190,1252
179,1258
183,1224
178,1218
188,1237
183,1209
185,1217
177,1242
187,1252
193,1255
190,1275
173,1230
175,1239
181,1195
176,1225
187,1258
183,1215
191,1224
173,1226
185,1250
180,1206
185,1191
178,1207
180,1240
196,1239
191,1276
170,1177
183,1203
177,1224
183,1237
185,1220
191,1260
184,1194
169,1243
192,1213
191,1257
186,1280
183,1191
178,1199
190,1279
187,1254
185,1253
176,1204
175,1218
175,1235
185,1247
187,1232
178,1225
184,1233
183,1222
186,1240
186,1239
175,1186
190,1288
184,1258
176,1234
187,1224
175,1282
187,1242
186,1244
169,1221
178,1264
190,1203
189,1214
187,1215
183,1216
173,1238
178,1222
187,1218
188,1222
176,1259
188,1200
181,1223
183,1223
178,1201
180,1286
194,1235
187,1226
173,1218
178,1208
189,1264
189,1222
190,1153
177,1230
186,1257
180,1235
177,1223
178,1281
181,1186
187,1232
177,1236
193,1285
190,1245
190,1238
169,1244
185,1245
190,1218
184,1242
180,1225
176,1207
182,1222
184,1248
178,1190
189,1244
175,1247
189,1214
178,1217
181,1244
185,1226
186,1242
176,1256
177,1215
187,1197
190,1239
187,1281
175,1215
182,1198
176,1257
182,1206
175,1195
176,1202
187,1229
175,1201
189,1269
184,1236
177,1248
187,1248
187,1207
192,1248
191,1251
177,1224
186,1245
186,1214
176,1200
182,1225
176,1181
183,1245
184,1234
192,1241
190,1264
177,1219
193,1209
175,1268
177,1260
193,1199
180,1239
175,1254
169,1238
182,1243
181,1245
173,1217
185,1243
188,1243
178,1274
185,1215
169,1255
177,1239
178,1207
178,1245
177,1263
176,1208
194,1212
173,1218
175,1265
175,1215
184,1258
173,1195
179,1205
175,1228
181,1248
173,1218
177,1233
187,1237
182,1211
182,1222
176,1240
188,1277
175,1213
186,1262
187,1192
182,1275
189,1209
175,1220
187,1263
184,1212
175,1197
183,1199
177,1210
178,1230
177,1198
177,1210
183,1214
176,1231
170,1228
181,1238
177,1240
181,1239
186,1206
183,1250
179,1222
186,1240
177,1218
177,1228
191,1238
184,1198
185,1255
176,1244
190,1254
175,1226
175,1250
176,1242
187,1234
177,1236
177,1232
169,1220
182,1250
178,1239
175,1233
188,1247
175,1229
175,1222
187,1235
189,1248
188,1252
188,1202
175,1227
180,1266
177,1251
188,1260
191,1215
180,1219
173,1201
175,1248
193,1238
188,1263
185,1230
181,1248
183,1238
177,1255
183,1206
178,1217
178,1251
175,1211
192,1234
187,1191
182,1224
185,1216
188,1216
189,1282
187,1195
178,1211
190,1236
175,1272
183,1224
182,1246
180,1226
196,1228
193,1254
177,1206
193,1245
185,1256
180,1229
183,1245
175,1166
183,1249
177,1237
184,1239
193,1231
178,1202
175,1227
179,1225
188,1234
190,1214
193,1256
185,1242
182,1221
179,1251
177,1254
179,1230
186,1234
170,1230
178,1244
190,1218
177,1236
177,1263
190,1198
178,1194
178,1264
176,1216
190,1253
176,1274
184,1205
187,1259
181,1226
189,1260
185,1236
183,1228
179,1219
178,1210
190,1224
185,1219
184,1210
193,1253
176,1218
184,1236
181,1192
188,1292
183,1294
173,1215
175,1241
181,1242
173,1232
175,1191
180,1231
185,1218
190,1234
196,1226
186,1222
183,1212
186,1224
186,1233
187,1255
175,1207
187,1203
183,1221
187,1144
189,1289
190,1273
196,1263
178,1244
181,1226
180,1217
182,1225
192,1235
181,1262
173,1240
179,1204
175,1237
183,1269
187,1222
175,1253
186,1258
193,1201
189,1252
190,1245
177,1222
173,1236
187,1187
185,1290
192,1228
175,1232
175,1202
176,1211
179,1227
178,1188
186,1264
183,1239
189,1208
179,1197
196,1286
181,1198
188,1253
188,1241
177,1236
175,1290
189,1252
182,1211
175,1230
184,1215
187,1243
177,1210
193,1264
178,1196
189,1233
177,1203
189,1239
177,1204
182,1230
193,1257
189,1253
190,1249
184,1226
196,1264
196,1303
185,1156
188,1241
177,1217
177,1264
187,1226
179,1264
169,1196
175,1248
177,1254
177,1203
182,1248
189,1254
189,1245
175,1261
191,1234
177,1245
187,1234
178,1242
181,1233
178,1236
177,1199
185,1243
193,1251
179,1266
186,1302
184,1204
186,1245
187,1195
173,1224
177,1206
178,1236
189,1236
190,1224
189,1160
186,1195
181,1154
188,1264
176,1218
190,1239
182,1230
193,1260
190,1290
169,1213
181,1244
175,1230
177,1245
185,1229
178,1210
184,1245
175,1251
196,1236
175,1221
184,1262
186,1239
179,1184
170,1178
175,1218
183,1242
191,1211
179,1178
180,1256
184,1209
184,1215
178,1181
179,1199
177,1210
178,1256
182,1234
178,1220
186,1247
179,1229
177,1221
179,1223
178,1247
175,1237
175,1199
181,1231
189,1235
187,1227
187,1288
177,1276
181,1193
184,1240
173,1172
193,1198
190,1260
184,1238
175,1211
181,1260
187,1216
187,1216
186,1196
179,1225
177,1248
178,1253
187,1249
182,1222
185,1237
173,1185
175,1209
177,1213
177,1229
183,1273
176,1232
178,1227
175,1237
186,1215
177,1240
177,1209
186,1232
175,1262
183,1213
175,1276
175,1234
175,1211
178,1219
183,1224
178,1194
181,1205
175,1273
181,1208
183,1240
182,1197
187,1269
169,1192
179,1218
176,1188
184,1282
185,1270
177,1236
184,1283
189,1210
177,1224
182,1238
176,1266
184,1248
190,1254
179,1200
176,1262
180,1208
187,1218
190,1238
185,1185
186,1221
189,1249
185,1233
184,1267
177,1224
177,1279
193,1244
181,1211
181,1257
178,1225
190,1255
178,1200
193,1221
179,1241
178,1182
176,1306
175,1247
175,1233
188,1265
175,1252
169,1224
184,1225
177,1240
186,1273
170,1217
190,1245
185,1237
170,1233
185,1240
179,1199
187,1237
182,1210
182,1240
186,1258
189,1242
180,1236
189,1223
183,1250
188,1250
178,1219
193,1248
194,1232
176,1192
178,1218
189,1247
179,1242
186,1239
182,1201
177,1216
175,1210
182,1261
175,1225
180,1169
196,1305
188,1247
179,1235
170,1229
169,1211
186,1246
182,1218
184,1245
192,1231
186,1209
184,1211
188,1273
193,1246
178,1231
187,1250
177,1234
179,1238
183,1246
175,1232
177,1224
183,1200
177,1220
175,1229
173,1231
177,1208
175,1223
177,1188
190,1292
180,1196
178,1223
193,1264
170,1264
173,1193
176,1218
177,1246
173,1218
184,1230
183,1278
177,1204
183,1234
176,1213
178,1265
182,1254
183,1239
175,1201
175,1233
182,1174
185,1230
169,1254
178,1218
175,1237
179,1197
180,1235
194,1236
173,1214
178,1213
183,1240
189,1250
173,1238
187,1216
178,1199
175,1210
194,1251
185,1237
176,1234
190,1271
189,1255
184,1234
190,1218
192,1255
178,1242
184,1254
193,1239
190,1187
194,1205
176,1235
178,1257
175,1191
185,1241
187,1181
187,1261
189,1286
181,1253
179,1216
178,1223
179,1243
196,1253
181,1179
196,1240
182,1185
180,1273
177,1257
190,1256
175,1218
180,1204
186,1220
180,1241
179,1247
181,1234
185,1258
176,1208
186,1181
183,1238
190,1211
190,1255
191,1255
188,1199
185,1205
190,1252
190,1262
186,1216
181,1184
177,1234
188,1267
177,1214
191,1230
175,1226
194,1261
173,1213
176,1245
177,1197
190,1243
187,1192
188,1260
178,1245
180,1196
184,1216
178,1210
188,1228
194,1291
178,1236
196,1227
176,1286
191,1206
178,1212
184,1168
187,1204
176,1228
175,1209
175,1199
185,1198
175,1249
183,1225
177,1202
178,1197
184,1248
183,1227
178,1226
175,1226
183,1205
178,1210
181,1223
170,1195
183,1175
183,1238
175,1286
181,1237
181,1248
185,1248
177,1245
177,1216
175,1203
187,1272
181,1190
177,1229
178,1235
179,1224
181,1218
189,1227
177,1197
185,1256
179,1206
194,1230
182,1254
193,1249
187,1211
177,1227
178,1245
176,1242
176,1261
178,1235
186,1247
178,1233
186,1246
176,1216
175,1163
187,1220
189,1260
185,1243
181,1251
188,1244
176,1193
170,1206
177,1219
182,1225
178,1229
190,1252
176,1211
178,1216
186,1261
182,1214
184,1214
182,1212
175,1236
187,1227
177,1227
186,1255
181,1191
190,1207
190,1288
175,1244
177,1233
176,1171
173,1235
175,1270
173,1236
175,1222
190,1230
177,1158
176,1221
189,1246
190,1213
184,1242
188,1247
184,1296
187,1233
179,1273
175,1234
177,1238
189,1259
177,1232
190,1261
190,1213
189,1164
186,1204
186,1209
186,1222
184,1228
175,1241
181,1199
175,1267
175,1260
190,1265
178,1243
177,1205
176,1229
184,1193
186,1234
178,1184
190,1256
184,1240
190,1198
170,1224
173,1200
193,1257
192,1256
185,1256
189,1258
189,1215
186,1284
175,1192
193,1243
179,1182
182,1235
179,1225
189,1230
185,1250
193,1209
183,1228
173,1236
179,1222
186,1276
187,1263
178,1257
175,1248
190,1267
183,1287
175,1256
184,1266
175,1236
176,1183
173,1231
178,1278
189,1241
175,1263
191,1289
178,1167
189,1208
184,1253
192,1251
184,1253
179,1206
177,1248
190,1233
175,1236
180,1233
176,1282
183,1232
187,1229
180,1241
182,1235
186,1251
182,1230
181,1219
177,1194
188,1230
186,1250
176,1204
175,1220
189,1256
191,1170
178,1258
193,1253
181,1241
176,1203
188,1281
183,1185
181,1197
170,1262
176,1239
182,1213
187,1258
186,1265
190,1244
177,1236
187,1241
194,1247
177,1157
190,1265
170,1210
179,1243
177,1243
189,1230
189,1267
196,1247
190,1247
184,1245
186,1215
183,1176
181,1236
193,1222
177,1210
188,1252
190,1220
186,1235
190,1239
178,1259
190,1241
181,1223
185,1262
190,1249
189,1261
177,1224
175,1211
184,1225
177,1200
169,1200
179,1240
177,1260
180,1243
179,1237
184,1229
179,1208
186,1246
192,1240
177,1234
175,1203
182,1227
185,1233
178,1233
177,1233
185,1254
189,1273
184,1223
184,1232
177,1236
183,1250
176,1273
178,1228
178,1221
175,1222
189,1220
186,1221
196,1225
187,1272
188,1261
185,1231
175,1255
173,1242
175,1214
178,1191
180,1224
187,1260
196,1272
179,1246
179,1197
182,1225
184,1223
178,1220
188,1266
177,1226
185,1233
175,1207
185,1247
187,1210
176,1213
189,1237
175,1237
189,1258
186,1226
193,1230
193,1251
177,1229
169,1240
170,1219
179,1248
176,1229
179,1223
182,1243
184,1208
187,1203
179,1266
176,1236
175,1190
189,1263
189,1233
175,1236
187,1235
186,1252
177,1220
175,1245
173,1223
194,1213
193,1233
189,1247
190,1241
176,1225
190,1261
187,1235
187,1238
185,1252
191,1267
181,1219
182,1214
188,1279
176,1210
173,1218
180,1230
178,1236
190,1227
184,1254
179,1231
181,1264
187,1226
173,1187
186,1259
170,1202
177,1237
185,1258
188,1226
190,1226
186,1280
190,1203
177,1204
189,1263
181,1225
192,1249
179,1309
189,1230
184,1246
175,1210
192,1263
182,1207
185,1222
182,1269
177,1242
175,1261
189,1223
176,1208
181,1238
175,1231
183,1239
179,1219
177,1224
177,1217
183,1226
170,1215
193,1225
175,1241
178,1176
194,1254
187,1225
186,1206
194,1235
181,1237
179,1210
176,1256
182,1266
173,1212
189,1252
178,1217
177,1209
188,1250
193,1235
183,1260
175,1251
181,1213
179,1214
183,1253
177,1225
175,1218
178,1251
189,1287
181,1246
187,1250
182,1291
185,1281
183,1233
169,1190
176,1247
187,1234
189,1287
193,1250
187,1283
187,1226
175,1216
177,1230
175,1221
186,1211
183,1226
177,1210
175,1227
178,1213
175,1219
184,1223
177,1241
191,1253
176,1235
181,1219
177,1242
183,1205
177,1257
175,1238
176,1243
183,1232
177,1207
192,1226
182,1224
175,1229
178,1205
178,1188
183,1230
190,1260
186,1243
182,1232
170,1219
176,1249
187,1196
190,1232
186,1206
176,1229
169,1229
175,1223
193,1210
194,1239
179,1230
192,1228
187,1247
177,1202
187,1221
186,1252
187,1276
175,1232
196,1259
175,1218
181,1231
183,1233
187,1273
181,1275
176,1169
180,1253
187,1230
185,1257
189,1231
186,1217
179,1253
186,1200
173,1257
188,1257
177,1206
189,1236
193,1206
179,1213
183,1221
190,1263
177,1212
178,1251
179,1191
183,1216
183,1231
175,1187
187,1203
186,1238
173,1202
175,1276
189,1209
179,1216
190,1245
178,1147
178,1196
191,1289
189,1209
178,1252
196,1250
187,1217
175,1215
182,1195
181,1233
185,1235
175,1217
173,1221
189,1254
178,1247
179,1210
175,1213
182,1218
188,1259
177,1258
177,1233
175,1232
179,1237
183,1221
183,1207
190,1181
180,1248
193,1244
185,1259
183,1231
180,1213
184,1239
184,1220
196,1238
177,1240
184,1162
183,1253
177,1207
185,1224
176,1214
175,1226
170,1210
173,1224
177,1227
175,1246
193,1233
188,1215
188,1199
181,1241
175,1227
192,1287
196,1233
190,1284
182,1237
178,1222
194,1218
186,1168
187,1250
186,1237
188,1234
173,1218
183,1241
184,1249
179,1220
178,1242
177,1218
183,1228
183,1216
190,1179
182,1200
191,1257
178,1253
182,1208
187,1255
189,1204
193,1196
185,1244
176,1181
182,1236
178,1193
186,1222
177,1242
182,1243
186,1194
179,1272
181,1213
187,1261
183,1257
188,1229
177,1255
193,1252
177,1208
183,1251
184,1210
177,1223
176,1229
177,1221
175,1228
187,1241
185,1208
169,1224
175,1183
183,1245
182,1222
169,1250
177,1263
175,1237
184,1259
190,1266
190,1250
186,1197
170,1200
176,1236
180,1185
186,1223
185,1222
187,1270
178,1302
186,1192
173,1210
177,1155
175,1182
192,1215
180,1218
177,1232
182,1229
191,1222
181,1232
178,1209
179,1225
190,1300
186,1201
190,1234
185,1246
188,1242
180,1223
193,1221
177,1206
180,1178
175,1225
185,1275
178,1235
184,1249
177,1252
193,1232
194,1235
178,1188
178,1242
177,1208
178,1219
192,1241
177,1165
193,1259
179,1228
175,1228
183,1233
190,1241
189,1221
196,1260
196,1255
189,1249
192,1255
178,1279
188,1262
185,1277
178,1225
189,1179
191,1281
175,1180
187,1276
175,1157
177,1228
175,1222
193,1299
179,1226
178,1234
178,1215
175,1246
183,1258
190,1208
184,1248
193,1234
191,1226
194,1257
178,1186
181,1230
180,1251
176,1254
194,1229
175,1223
185,1189
183,1220
189,1278
189,1273
193,1209
175,1211
177,1199
180,1240
178,1202
175,1221
185,1268
173,1236
179,1233
175,1248
178,1228
176,1249
175,1239
178,1223
177,1248
177,1232
183,1216
188,1219
188,1227
179,1248
175,1193
178,1188
183,1239
186,1236
177,1203
183,1247
175,1222
196,1261
177,1166
181,1263
177,1226
193,1234
176,1226
178,1166
176,1219
182,1240
179,1228
183,1229
188,1259
185,1179
189,1216
169,1202
179,1253
176,1186
186,1248
191,1243
175,1204
180,1246
190,1215
175,1203
190,1239
178,1221
192,1228
181,1240
178,1197
183,1287
184,1290
173,1205
175,1235
181,1226
175,1217
179,1197
177,1245
178,1233
178,1180
186,1174
184,1215
187,1253
196,1249
179,1220
178,1226
187,1235
178,1310
175,1208
188,1192
183,1248
177,1220
194,1247
180,1255
180,1231
186,1240
177,1237
187,1223
183,1276
176,1253
182,1203
181,1191
182,1268
175,1208
183,1234
177,1259
189,1159
189,1238
175,1230
187,1227
186,1238
176,1218
186,1219
170,1203
196,1299
175,1230
185,1263
179,1227
185,1227
187,1325
182,1252
189,1207
177,1220
190,1234
179,1195
177,1216
169,1239
178,1234
194,1195
193,1255
183,1219
189,1238
179,1234
175,1258
170,1234
175,1238
177,1206
176,1239
173,1206
175,1241
180,1183
178,1172
169,1187
175,1191
175,1194
175,1300
175,1201
175,1241
175,1252
170,1243
188,1233
177,1232
175,1227
187,1231
184,1244
181,1206
177,1244
183,1220
188,1242
186,1280
175,1249
169,1239
186,1271
187,1244
177,1217
177,1237
180,1223
178,1232
175,1214
189,1226
176,1228
176,1214
175,1224
188,1172
185,1245
178,1185
184,1223
180,1181
177,1190
177,1239
178,1211
178,1231
169,1247
179,1234
193,1218
176,1234
178,1223
182,1197
185,1257
185,1236
187,1228
186,1284
179,1225
181,1231
178,1213
181,1269
190,1272
180,1210
177,1217
177,1247
196,1209
191,1273
184,1217
186,1259
189,1229
182,1212
190,1253
183,1216
187,1222
190,1229
178,1198
190,1270
184,1206
190,1236
175,1235
176,1223
176,1203
187,1246
178,1233
196,1329
177,1259
177,1274
175,1254
177,1172
180,1207
190,1195
177,1173
175,1264
190,1165
184,1224
187,1252
187,1232
189,1219
177,1238
175,1221
187,1217
186,1216
177,1224
178,1273
175,1211
193,1225
175,1216
190,1288
184,1264
183,1220
184,1215
176,1245
170,1219
179,1239
186,1267
194,1241
176,1200
184,1244
178,1231
191,1255
188,1222
178,1228
175,1194
180,1215
193,1271
190,1260
169,1229
176,1232
181,1146
177,1192
190,1191
185,1237
193,1261
189,1248
183,1218
176,1239
178,1223
186,1244
181,1234
178,1197
187,1260
190,1259
183,1247
190,1249
180,1219
183,1244
175,1231
175,1244
190,1210
179,1230
190,1239
183,1234
193,1244
189,1190
178,1239
193,1248
191,1227
176,1227
181,1197
177,1239
175,1198
185,1218
189,1232
184,1247
189,1261
187,1242
175,1262
175,1224
190,1264
176,1182
184,1267
190,1249
186,1214
184,1231
189,1172
176,1244
180,1228
178,1219
190,1246
173,1199
176,1256
186,1204
192,1217
178,1234
185,1274
194,1221
185,1220
180,1205
176,1207
193,1219
176,1229
177,1222
173,1244
182,1219
170,1235
193,1265
186,1214
183,1242
175,1213
184,1251
169,1230
182,1208
170,1240
179,1233
186,1211
182,1219
180,1213
181,1252
189,1220
194,1247
186,1247
184,1253
182,1238
183,1195
190,1265
177,1239
185,1218
193,1208
189,1273
178,1245
175,1219
181,1261
179,1242
188,1236
192,1228
189,1302
193,1227
186,1220
190,1224
184,1240
181,1220
192,1270
193,1252
179,1206
192,1261
183,1231
185,1236
187,1244
175,1256
183,1261
177,1190
183,1206
175,1236
184,1235
175,1207
189,1223
189,1193
184,1237
183,1234
180,1250
182,1243
194,1249
189,1237
190,1215
179,1234
175,1236
187,1264
190,1234
187,1230
190,1211
196,1234
183,1247
190,1251
185,1244
191,1267
177,1217
189,1242
177,1235
173,1195
176,1226
178,1227
186,1232
188,1209
180,1221
175,1210
183,1238
178,1218
178,1274
186,1240
186,1218
184,1190
189,1293
182,1202
180,1267
183,1272
190,1181
186,1260
184,1253
182,1229
170,1237
189,1227
178,1218
190,1221
193,1240
180,1237
193,1266
193,1264
178,1247
190,1281
187,1270
183,1225
193,1278
193,1239
183,1190
178,1210
175,1258
177,1225
175,1247
194,1222
187,1237
178,1214
187,1257
179,1230
178,1205
189,1217
185,1199
184,1221
190,1218
178,1231
178,1230
181,1243
185,1239
178,1220
189,1184
176,1198
182,1234
178,1282
173,1264
178,1193
191,1254
179,1223
184,1260
178,1248
190,1200
190,1256
184,1254
183,1156
185,1251
175,1237
185,1240
189,1231
187,1218
183,1255
185,1203
179,1231
178,1192
178,1216
181,1220
187,1227
187,1237
176,1218
178,1248
178,1244
181,1198
176,1204
179,1207
185,1243
169,1213
173,1257
178,1262
177,1227
173,1286
183,1218
177,1205
186,1230
179,1241
176,1220
183,1257
177,1193
183,1218
190,1275
177,1228
176,1188
188,1249
175,1248
189,1263
177,1179
183,1237
193,1235
175,1192
187,1249
185,1251
183,1274
183,1205
181,1214
185,1186
180,1226
183,1216
188,1278
188,1210
181,1228
184,1250
186,1230
175,1240
173,1235
176,1121
183,1236
191,1281
183,1231
189,1253
187,1288
175,1248
190,1244
188,1264
193,1253
